{"type":"FeatureCollection","features":[{"type":"Feature","geometry":{"type":"Polygon","coordinates":[[[7.84962011600004,45.93971206200011],[7.855934900175498,45.91931914995877],[7.847717126444195,45.90773955933315],[7.860109705098807,45.85131377571014],[7.863537439601146,45.805995170640585],[7.874743495016276,45.76320342130083],[7.882346034441923,45.752920217793815],[7.915041347879878,45.73824248250452],[7.915986172024191,45.71617094853042],[7.9110203522074585,45.68405791014442],[7.912250820818713,45.66184355393682],[7.919545742641901,45.649044480818134],[7.912734219008996,45.635871873388226],[7.8801707416863565,45.60269316086067],[7.783952475626222,45.58135771118941],[7.7493235685278705,45.56414213405225],[7.7313499348516075,45.56171415608344],[7.672990557568141,45.56362577660826],[7.642404619277727,45.57463407830005],[7.545922681886225,45.5898061978977],[7.497670726622744,45.5770400840326],[7.464579904838729,45.57421659771779],[7.426149728027497,45.546212445747756],[7.405627266385238,45.537785932174984],[7.3854783399534085,45.524349652514445],[7.212311829527323,45.48381009965635],[7.146218076702837,45.49221464099287],[7.131584286785369,45.50993558945589],[7.0753685430000814,45.466285856000056],[7.028490437000045,45.493141581000074],[6.982808471000055,45.51112498000005],[6.9752637120001,45.525646058000106],[6.96978601100011,45.56698720300004],[6.954903198000068,45.58621083600006],[6.95562666800015,45.60259226500001],[6.9694759520000105,45.62584665900003],[6.963378133000049,45.640729472000075],[6.951079142000111,45.646775615000124],[6.918626343000085,45.6525633750001],[6.8825561930000845,45.67550771100012],[6.843075398000082,45.682742411999996],[6.816100301000034,45.69685007700012],[6.79594649200007,45.71814076800011],[6.784681030000115,45.75958526600006],[6.782717325000078,45.795293681000075],[6.788091675000118,45.81172678700004],[6.800804077000095,45.82645457000005],[6.843355552194634,45.83864285996073],[6.8706622995872735,45.82827320905213],[6.873461141000121,45.844799704000124],[6.905087117000107,45.84536814400006],[6.949012085000049,45.85782216400007],[6.969165893000138,45.86975942000002],[6.982808471000055,45.885779114000044],[6.997174519000055,45.911307272],[7.022082560000115,45.92525990899999],[7.066937703000093,45.89022328800006],[7.090192097000113,45.88050811800012],[7.120887899000138,45.87611562100004],[7.153547404000022,45.87652903300004],[7.183726440000044,45.880456442000096],[7.245428100000083,45.89812978200011],[7.286665893000105,45.91342600500006],[7.361803426000108,45.90784495100006],[7.393842814000038,45.915699768000096],[7.452960652000087,45.94587880500008],[7.482726278000058,45.95487050400003],[7.503706909000073,45.95673085500003],[7.524377482000091,45.97807322300004],[7.541120646000138,45.98411936500007],[7.643026571000121,45.96634267200004],[7.6737223710000535,45.9503229780001],[7.693979533000061,45.92867055300012],[7.706278523000009,45.9257249970001],[7.732013387000109,45.93037587500008],[7.780072469000061,45.918128561000046],[7.807564331000037,45.91849029600006],[7.831232137000143,45.914459534000045],[7.843737833000148,45.919213766000055],[7.84962011600004,45.93971206200011]]]},"properties":{"name":"Valle d'Aosta"}},{"type":"Feature","geometry":{"type":"Polygon","coordinates":[[[7.84962011600004,45.93971206200011],[7.870201292731351,45.94036963077025],[7.872917431422034,45.95938260160503],[7.883781986184766,45.97386867462201],[7.8982047940000655,45.98194895400009],[7.969104858000037,45.99311106400002],[7.985848022000084,45.99931223600002],[8.010652710000102,46.02969797800007],[8.018197469000143,46.08085764600007],[8.035354044000115,46.09651560500002],[8.066876668000077,46.10059804300003],[8.110594930000076,46.12695302300007],[8.132299032000077,46.15935414700009],[8.129508504000114,46.19604441300005],[8.099949585000076,46.23562856100001],[8.076591837000109,46.24973622600005],[8.07731530700002,46.26203521800009],[8.106874227000048,46.28554799500007],[8.128474975000131,46.292472636000056],[8.171883178000115,46.29919057299999],[8.192553752000038,46.30916412400008],[8.241749715000111,46.35412262000001],[8.270068400000099,46.3640444950001],[8.291462443000114,46.378358866],[8.297043497000118,46.39763417600004],[8.286604859000079,46.405359803000024],[8.294976441000074,46.41804636600007],[8.316267130000142,46.433652649000024],[8.343448934000037,46.4438845830001],[8.399156128000072,46.45217865000005],[8.427888224000071,46.44869049100002],[8.441634155000116,46.43494456000006],[8.445768270000116,46.41236195900002],[8.446285034000084,46.38218292300003],[8.442874389000053,46.3533733120001],[8.426647990000049,46.30156768800002],[8.423237345000103,46.27583282500005],[8.427164754000074,46.251441549000006],[8.43812015800006,46.23537017800005],[8.456516968000045,46.224828187000085],[8.510260457000072,46.207878317000066],[8.538682495000074,46.18762115500006],[8.601831095000136,46.12281890900006],[8.630873250000121,46.11470570900006],[8.67748539200008,46.095792135000025],[8.695055379000081,46.09517201800004],[8.717689656000118,46.107522685000006],[8.728973717163285,46.10823573289275],[8.734225949467998,46.04665069787137],[8.728183468492261,46.021997376677575],[8.720734738317503,46.0120217898737],[8.593139518174212,45.917506405396296],[8.588503288196193,45.91027740118108],[8.591140006905789,45.88717315231912],[8.597951530538694,45.86841948986756],[8.602653679024058,45.83880034795766],[8.593139518174212,45.82020049385767],[8.565410025452309,45.79862334419198],[8.576088736406064,45.7760134805377],[8.598259147241833,45.74619658490445],[8.617397331921325,45.727695607666135],[8.6457640320844,45.72067534329244],[8.651037469503592,45.71222685658415],[8.64607164968686,45.68873808639353],[8.655212274426901,45.677081592041816],[8.676965205579734,45.67287382786486],[8.682392451350552,45.64439726382267],[8.665034052879207,45.63938749863411],[8.668439814246028,45.62925810347866],[8.69526842819539,45.606878951902104],[8.696191280103506,45.5802151333217],[8.717021359348223,45.52300932002407],[8.72693102764481,45.5123086359348],[8.748178586572521,45.50032255174432],[8.77241442808338,45.49365385034491],[8.785905639233874,45.47593290278121],[8.8110203863817,45.427560097520484],[8.832004273978043,45.40818021464514],[8.7650755599891,45.39074491064906],[8.734994993024486,45.375495886425995],[8.756857786257797,45.36027982145657],[8.751738157190175,45.35173245788661],[8.724140499684324,45.340207799650216],[8.71185778490883,45.33015530912019],[8.702695187033214,45.30477688974162],[8.671230342206513,45.308962680783054],[8.658683954301011,45.31641141185713],[8.632888055239562,45.35278714591004],[8.616298699425442,45.3594778195457],[8.572221549085214,45.36668485152467],[8.546491567631733,45.36421292728477],[8.537592641087485,45.35265530979467],[8.523793812334532,45.32260770118444],[8.499931506933478,45.297910434618814],[8.500085315285048,45.28772610797347],[8.515576038603285,45.27700345164794],[8.519311390708083,45.25242703418024],[8.53510973072946,45.23768338128298],[8.534033070469832,45.217578400222976],[8.559037954637859,45.193111846634395],[8.551457388347785,45.178741728947614],[8.573298209344898,45.13709255747551],[8.60761949974011,45.10800075912772],[8.632119012582336,45.06104519098278],[8.645544305225485,45.041225854389666],[8.669055048551627,45.024801293045186],[8.682282588370754,45.03133815922865],[8.713088253520084,45.024801293045186],[8.750969114533007,45.024801293045186],[8.77412829488486,45.0276357663775],[8.833542359292437,45.05337673394911],[8.850351441965472,45.05844143152683],[8.877883181863353,45.05383815990314],[8.881135134878548,45.047015649252785],[8.87619128729807,45.02195583449412],[8.882431521997148,45.00053249318],[8.911896854656106,44.988469505263424],[8.941406133586156,44.98681056905252],[8.957050665255963,44.98133937790993],[8.970080450452429,44.96748561766708],[8.970080450452429,44.944436300295024],[8.996491584718854,44.91792628916687],[9.050324594104723,44.88336329967649],[9.055290414820774,44.87064113118322],[9.048259164328954,44.848811296304234],[9.075900767206633,44.82470729180807],[9.093742564767524,44.8181484533884],[9.140610242168918,44.81561061154048],[9.152695204120334,44.81049098247286],[9.171349989710222,44.78558497606576],[9.18934559562274,44.7462099742109],[9.205934952336179,44.72083155483239],[9.201430557574156,44.68212671967234],[9.203144424375694,44.61375879723067],[9.19925526391927,44.59928980268222],[9.169811903496509,44.583744147874086],[9.148520399197025,44.58110742916449],[9.115803112623553,44.589369148267565],[9.105519909116481,44.60981470528441],[9.089084361653931,44.61926294762691],[9.04098621564134,44.63216089760732],[9.012773323829833,44.653342538927006],[8.968212775299321,44.67220606525768],[8.95922595801153,44.682599131744496],[8.923058964699464,44.682807872485284],[8.91358874922139,44.67669947300226],[8.906161991282886,44.65939600602081],[8.878036990214923,44.63999415001001],[8.879597048664834,44.62926050666704],[8.902119022474892,44.61774683454877],[8.908315311802198,44.604046882657485],[8.90926013594651,44.57402124718277],[8.890187869774365,44.559376471147175],[8.833234742589298,44.56100244720517],[8.823566773387881,44.55583887276572],[8.808383667672103,44.529526616260284],[8.793508178659522,44.52170434997572],[8.77612780705266,44.503126469011306],[8.765844603545588,44.50456567746403],[8.76476794328596,44.52965845237566],[8.72462389877387,44.578624518806464],[8.710912960764517,44.58254663761721],[8.632119012582336,44.58869898157269],[8.613046745510871,44.587512458333265],[8.597182486982149,44.562035162093025],[8.601357291905458,44.549269048227984],[8.582153189617998,44.52478052240315],[8.564157583705537,44.516244144951315],[8.476310900627539,44.518111821003686],[8.438012559032359,44.51190454555831],[8.41408433602328,44.516145268089645],[8.38991441301971,44.50683984798059],[8.371413435781449,44.48640527708187],[8.359614119196237,44.480956058175536],[8.312900250146413,44.49697412505583],[8.267175150612672,44.519968510038666],[8.249750833634039,44.534591313838064],[8.236127786368229,44.53231714332151],[8.220922707516934,44.51805688951384],[8.194357764898939,44.46953027590149],[8.211013039220347,44.44571191587221],[8.205827491645437,44.42243188552305],[8.188161475571633,44.408094727089974],[8.169089209399488,44.40359033232795],[8.147797704200684,44.377442870292214],[8.135405126445391,44.350207761878664],[8.116486668624816,44.340605710285274],[8.09675522187598,44.3229836395833],[8.071640474728099,44.3114589813469],[8.078144381657864,44.2875307574385],[8.069926607926618,44.256472407075876],[8.069465181972532,44.225721673416444],[8.07906723356598,44.21001122323935],[8.077529147352266,44.18583031411765],[8.057534029272006,44.16371483477178],[8.040263520644942,44.15787010751944],[8.006623383062674,44.16453880981817],[7.9864744566308445,44.15239891637685],[7.98177230724616,44.14185204063915],[7.998097991728912,44.131722646383025],[8.003217620796534,44.12164818271742],[7.987551116890529,44.11291405154225],[7.918469082382217,44.1191982316131],[7.899550624561641,44.12335106340083],[7.834379723645327,44.1254164931766],[7.807353355972566,44.12898704991238],[7.774020835093438,44.14252220733397],[7.757541342259117,44.14381859355325],[7.74002913453694,44.13366722616155],[7.729020832845151,44.11482567296639],[7.738007650132943,44.09937889501998],[7.709333332367407,44.09152366948172],[7.687931964188806,44.09079857219632],[7.676202840000144,44.10898834300009],[7.654085327000132,44.12495636000004],[7.64188968900001,44.14355987600008],[7.655635620000055,44.1760643520001],[7.624733114000065,44.18009511300001],[7.583598674000086,44.160716451000056],[7.554763224000055,44.15906280600008],[7.380820353000075,44.12294098000008],[7.34061608900015,44.12366444900009],[7.32159916100008,44.131881002000014],[7.309300171000132,44.147487284000064],[7.251319214000091,44.16004465700006],[7.144969116000084,44.207225240000085],[7.104868205000088,44.21776723300006],[7.046060425000121,44.240298157000055],[7.033451375000084,44.24293365500007],[6.996140991000061,44.23781768800008],[6.973403361000095,44.249444885000045],[6.959244019000039,44.27735015900005],[6.921210164000087,44.30215484600008],[6.895992065000144,44.33982696600002],[6.873977905000061,44.358378805000044],[6.866123088000052,44.37212473600009],[6.8771818440000345,44.414396057000076],[6.88420983900005,44.42302602200003],[6.917799519000084,44.43630686400003],[6.891651245000077,44.451964824000086],[6.861265503000112,44.474909160000024],[6.838837931000114,44.502917786000026],[6.835737345000069,44.53402699800007],[6.84638269000007,44.547462871000036],[6.8973356520000095,44.575419821000125],[6.931648804000133,44.61794952500007],[6.945601441000122,44.625442607000096],[6.934335978000149,44.646681619999995],[6.941467326000094,44.66699045900002],[6.959864135000089,44.683165181999996],[6.982808471000055,44.69215688100003],[7.001205282000029,44.692260234000074],[7.03727543200003,44.68461212199999],[7.055155476000095,44.684870504000074],[7.049367717000109,44.69789296500001],[7.01898197400007,44.73887237600003],[7.009783569000149,44.77210032200007],[6.998414754000066,44.793752747000056],[7.007096395000133,44.822071432000044],[7.000791870000114,44.8329751590001],[6.982808471000055,44.846979472],[6.932682332000127,44.8616555790001],[6.915319051000097,44.86268910800008],[6.866019735000094,44.85566111300007],[6.847106161000056,44.8590717580001],[6.778169800000029,44.887648825000056],[6.745406941000027,44.90780263300003],[6.727940307000097,44.92873158800002],[6.729904012000105,44.984697164000025],[6.723496134000072,45.013377584000025],[6.69724450700005,45.02691681],[6.6622078850000435,45.029242249000035],[6.639676961000106,45.05037791000008],[6.636576375000061,45.07445912700011],[6.620298299000126,45.08443267900013],[6.6027283120000675,45.1034496060001],[6.632700643000106,45.12551544200009],[6.6673755290001395,45.13962310900003],[6.694350626000073,45.14029490200001],[6.736415242000078,45.15734812500004],[6.77145186300001,45.1531623340001],[6.808142131000068,45.13910634400007],[6.84410892700015,45.130114645000035],[6.876665079000105,45.14122507800006],[6.868190144000096,45.157451477000066],[6.881315958000073,45.16840688100005],[6.913768758000089,45.17016388000012],[6.928444865000074,45.17956899000008],[6.945808146000076,45.20106638600002],[6.958727254000081,45.20979970300009],[6.99448734500001,45.22132354800003],[7.029730672000085,45.22819651300007],[7.050194539000131,45.215019023000096],[7.062183471000111,45.218533021000056],[7.081200399000068,45.24307932500004],[7.1083822020001435,45.25920237300001],[7.1083822020001435,45.27491200800007],[7.097633504000044,45.29496246400002],[7.0925692130000755,45.323952942000105],[7.1300863040001445,45.3570775350001],[7.159645223000098,45.39847035800004],[7.160678752000081,45.41092437800005],[7.110139201000038,45.42828765900005],[7.096806681000118,45.43541900700008],[7.0753685430000814,45.466285856000056],[7.131584286785369,45.50993558945589],[7.146218076702837,45.49221464099287],[7.212311829527323,45.48381009965635],[7.3854783399534085,45.524349652514445],[7.405627266385238,45.537785932174984],[7.426149728027497,45.546212445747756],[7.464579904838729,45.57421659771779],[7.497670726622744,45.5770400840326],[7.545922681886225,45.5898061978977],[7.642404619277727,45.57463407830005],[7.672990557568141,45.56362577660826],[7.7313499348516075,45.56171415608344],[7.7493235685278705,45.56414213405225],[7.783952475626222,45.58135771118941],[7.8801707416863565,45.60269316086067],[7.912734219008996,45.635871873388226],[7.919545742641901,45.649044480818134],[7.912250820818713,45.66184355393682],[7.9110203522074585,45.68405791014442],[7.915986172024191,45.71617094853042],[7.915041347879878,45.73824248250452],[7.882346034441923,45.752920217793815],[7.874743495016276,45.76320342130083],[7.863537439601146,45.805995170640585],[7.860109705098807,45.85131377571014],[7.847717126444195,45.90773955933315],[7.855934900175498,45.91931914995877],[7.84962011600004,45.93971206200011]]]},"properties":{"name":"Piemonte"}},{"type":"Feature","geometry":{"type":"Polygon","coordinates":[[[8.728973717163285,46.10823573289275],[8.747145223000103,46.094448548000045],[8.793860717000115,46.09341501900006],[8.8089502360001,46.08974599300008],[8.834375041000015,46.06638824500003],[8.819595581000101,46.042927145000064],[8.790966838000116,46.01869089800006],[8.767919149000079,45.983085836],[8.800371948000077,45.97853831000005],[8.857732788000078,45.957092591000034],[8.870961954000052,45.9470673630001],[8.89814375800006,45.90955027300002],[8.91209639400003,45.88340199800011],[8.9137500410001,45.86609039300002],[8.900004109000065,45.82640289300012],[8.93958825700011,45.83482615200002],[8.97235111500001,45.824645895000046],[9.002426798000073,45.82071848599999],[9.034362834000149,45.84810699500012],[9.05927087400002,45.881955058000116],[9.063094930000148,45.89895660400005],[9.051726115000065,45.915544739000055],[9.0205135490001,45.92277944000001],[9.001703329000094,45.93606028300012],[8.982686401000109,45.97197540300009],[9.015552612000135,45.99311106400002],[8.997775919000105,46.02794097900009],[9.002116740000105,46.03930979500008],[9.027748250000059,46.05310740200012],[9.059167521000091,46.06178904299999],[9.07032963100005,46.08344146700007],[9.068159220000041,46.10597239200008],[9.072086629000097,46.11889150000009],[9.090586792000124,46.138166809000026],[9.163243856000065,46.17227325500001],[9.181330607000092,46.204054260000035],[9.2041715900001,46.21356272400003],[9.22483143702118,46.23118805818234],[9.239724975000058,46.26699615500003],[9.2689738360001,46.30937083000005],[9.275175008000076,46.331384990000046],[9.273831420000107,46.34425242100012],[9.260395548000076,46.37972829200005],[9.26091231300012,46.41665110300001],[9.247579794000103,46.42303314200002],[9.237967977000068,46.43654653],[9.245822794000105,46.46104115800007],[9.263186076000125,46.48512237600001],[9.282306355000117,46.49736969100003],[9.330985555000069,46.50150380500004],[9.350829305000047,46.49786061600007],[9.35155277500013,46.485484111000105],[9.377080933000087,46.46868927000004],[9.395477742000082,46.46941274000004],[9.41067061400011,46.48889475600002],[9.426793660000072,46.49711130800007],[9.437852417000101,46.49204701800009],[9.443846883000106,46.39613555900003],[9.442399943000112,46.38089101200008],[9.451598348000118,46.370374858000034],[9.482604207000065,46.35680979400003],[9.502551310000058,46.320739645000046],[9.51526371300011,46.308595683000036],[9.536451050000068,46.298622132000034],[9.559705444000087,46.292731018000026],[9.674323771000047,46.291800842000086],[9.693133992000043,46.29707183900011],[9.708430217000114,46.3117479460001],[9.709257039000136,46.342392070000116],[9.730857788000094,46.35071197500007],[9.768064819000102,46.3386196900001],[9.78883874500005,46.34329640800006],[9.855397990000142,46.36696421300009],[9.899012899000098,46.37215769500001],[9.939010457000052,46.36745514000005],[9.96402185100007,46.35608632500005],[9.970636434000141,46.33980824900003],[9.971049846000057,46.32001617500005],[9.977561076000114,46.298105367000076],[9.99223718200011,46.28435943600006],[10.031717977000142,46.26007151300006],[10.041846557000099,46.24306996700004],[10.04267338000011,46.220487366],[10.075746297000109,46.22002227800006],[10.11791426600007,46.231132711],[10.145819539000058,46.243328349000095],[10.15894535300012,46.262448629000104],[10.14612959800013,46.28027699800005],[10.104891805000136,46.30937083000005],[10.091765991000074,46.32895619800006],[10.097450398000092,46.351642151000036],[10.104995158000065,46.361357321000085],[10.133210490000124,46.38109771700003],[10.14075524900008,46.402905172000075],[10.133417195000078,46.414015605000074],[10.11615726700009,46.41882151400007],[10.071405477000042,46.42481598000002],[10.04205326300007,46.43272247400007],[10.026343627000074,46.44626169900003],[10.04401696800008,46.46698394800008],[10.03047774300012,46.47667327900011],[10.026860392000117,46.49318390000009],[10.031201212000099,46.50382924500009],[10.032751506000125,46.5329747520001],[10.07119877100007,46.56439402300005],[10.083497762000121,46.59700185100009],[10.097450398000092,46.60803477000009],[10.192121623000048,46.6268191540001],[10.21785648600013,46.62697418200004],[10.233772827000053,46.617982483999995],[10.230258830000082,46.58614980100005],[10.234703003000106,46.575297750000104],[10.27594079500011,46.565530905000045],[10.295371135000096,46.55108734100013],[10.319452351000024,46.54604888900006],[10.354282267000087,46.548322653000085],[10.425905803000148,46.535326030000036],[10.443992554000147,46.53772898400008],[10.451828554544136,46.54670442776711],[10.467978457539743,46.51873323505072],[10.49386224734485,46.494475421303605],[10.541345159051843,46.4894656561151],[10.56931635176818,46.480885333291496],[10.624709420503336,46.45445222678882],[10.63866205760786,46.41106721537966],[10.635871529647375,46.39080842596803],[10.61890863862277,46.375361648021624],[10.586674751138844,46.366418776105604],[10.563361761536044,46.36735261413179],[10.534379827067369,46.353290113148205],[10.527853947901349,46.342644361448095],[10.56698724976178,46.32205598129849],[10.577687933851053,46.31272858895318],[10.580170844209078,46.27241974907213],[10.590234320857235,46.2333743379553],[10.56729486736424,46.193515937910206],[10.558549750070881,46.1180069010976],[10.552045843141116,46.10666901046642],[10.515153751644334,46.08199371613705],[10.505793400045377,46.06641510297459],[10.490764102681169,46.02690826500441],[10.468593691845399,46.01179107689666],[10.460375918114096,45.981589659934855],[10.474789981172705,45.97306426860109],[10.495576114146331,45.96931793127749],[10.507814884449317,45.93272247036572],[10.519482365818533,45.91673736273907],[10.507661076097747,45.88835967555855],[10.507199650143718,45.87746123774588],[10.522910100320871,45.84133818980558],[10.532512151014942,45.832241509537994],[10.559033148261165,45.82440825713536],[10.55624262030068,45.80718169388007],[10.579226020064766,45.79472319761743],[10.598298286236911,45.79733794409083],[10.620996041534056,45.80882964397284],[10.645165963638306,45.807851860574885],[10.665314890070135,45.81148833491869],[10.677158152926381,45.839217828539915],[10.728618115833342,45.84883086625143],[10.767443800990634,45.84164580650872],[10.812443802339601,45.84497466414939],[10.844897416682443,45.83405425410052],[10.802534134043015,45.78888945738254],[10.782934524308814,45.75628203378881],[10.760610304222155,45.72966215968091],[10.745581006857947,45.71741240415912],[10.64424311262951,45.60957060300092],[10.640529733660287,45.56303251543824],[10.650439401956817,45.49804838212708],[10.649670358400328,45.46063993318637],[10.642990670882739,45.44802762767284],[10.649977976002788,45.430119912503926],[10.661755320351745,45.41903470708604],[10.702426708425833,45.42281400366329],[10.705217235486998,45.37381497887816],[10.717939403980324,45.36744290806371],[10.706931103187856,45.35374295617248],[10.7064037596258,45.32948514332469],[10.69746088770978,45.32025662694173],[10.718554638285923,45.31557645069262],[10.740153760187866,45.316048862764774],[10.756896925252875,45.294471713998405],[10.76696040190103,45.29527371590922],[10.786823683865919,45.308962680783054],[10.804379836959868,45.30282132384502],[10.835690873435055,45.28090359822244],[10.848610795651666,45.263072786779674],[10.94588374883591,45.20966824409419],[10.993059043839764,45.19393582168078],[11.005297813243487,45.17998318367694],[10.998947715564611,45.16233914073871],[11.012790489689337,45.15202297797805],[11.044277307651612,45.15393459940219],[11.054033166697252,45.14722195263096],[11.047990686620892,45.12980862177045],[11.05247310824734,45.116570095833254],[11.077346156300052,45.09946438257515],[11.090837367450547,45.09926662795249],[11.109426235432409,45.11065945097283],[11.13816647080597,45.112900662235745],[11.154909635870979,45.11931667752265],[11.173520476089095,45.119085964545604],[11.20410641527883,45.112439236281716],[11.210302704606136,45.104298366276566],[11.190922820831474,45.0875332289753],[11.195734832296637,45.063396265225435],[11.213093231667301,45.059210474184],[11.272836885913534,45.05957302327636],[11.272683077561965,45.03378811033298],[11.305136691904806,45.01295803108826],[11.388896460802982,44.97361598848704],[11.419020974038688,44.96687038336148],[11.421503884396714,44.949863546065785],[11.370922827126776,44.95813625218625],[11.30296139914924,44.960069845846704],[11.286789523917378,44.94619411246828],[11.27501217956842,44.94248073349905],[11.25701657365596,44.94733669123531],[11.185187957458254,44.93235133834355],[11.163435026305422,44.931516378078356],[11.144670377735736,44.94573268651425],[11.08308101967333,44.96190456264543],[10.99940914151864,44.953434102801566],[10.974755820324845,44.93586696358949],[10.944785116340029,44.93080226601177],[10.920769001688086,44.92144191441281],[10.888930621650843,44.913487812912194],[10.859619097343455,44.92702296943446],[10.764499464678522,44.94355739375868],[10.758588819818158,44.948160665382375],[10.76340083218264,44.96490383044738],[10.754260206543279,44.97652736554545],[10.73720942477513,44.9859865949054],[10.709721630249021,44.9859865949054],[10.692495066993729,44.9903811257883],[10.680256297590063,44.98707424128321],[10.663403269545256,44.96526637864042],[10.632663522003952,44.93948146569704],[10.601242622548966,44.92239772467525],[10.565493108919839,44.915652119549634],[10.521350040971583,44.91616847699362],[10.477800235092786,44.923331562701435],[10.443588807677315,44.93669093863588],[10.43009759652682,44.95141261839757],[10.413969665767468,44.98480007076665],[10.399247986005719,44.99131496381449],[10.350358824200384,44.9840200419913],[10.326892026246014,44.99131496381449],[10.22368645596515,45.038160668979685],[10.183542411453118,45.046554224198076],[10.142936940987,45.043346215655276],[10.104946216994279,45.03518337341393],[10.071877367446518,45.03753444855596],[10.046345140615756,45.06578029872179],[10.021538010171014,45.11011013427526],[9.986601485470146,45.128720975392696],[9.916025311019268,45.10800075912772],[9.923144452254633,45.13006130698369],[9.903918376831598,45.13848782145578],[9.882890543863482,45.13414822116346],[9.88495597363925,45.117921414441696],[9.899589763556719,45.09915676497269],[9.880781168715941,45.09156521166517],[9.838813394422573,45.09856350290329],[9.83017814010907,45.096267360150534],[9.840197671385397,45.07381130484782],[9.824443276735792,45.06866970354395],[9.81183097122232,45.08472072967788],[9.775092688976429,45.1015078392154],[9.76454581323867,45.114812282760624],[9.752153234584114,45.10800075912772],[9.752460852186573,45.08200710634287],[9.722336338950868,45.072284205651556],[9.681445224017864,45.07533840494341],[9.636862703251154,45.0939382590434],[9.634841217947837,45.1114065213938],[9.640422272969488,45.12608425578378],[9.614538483164438,45.1255129668499],[9.590412505532697,45.112593044633286],[9.57340566913632,45.114812282760624],[9.552729399142436,45.134818386958955],[9.538930570389482,45.1241726352589],[9.5460716838611,45.09745388428928],[9.532053128249231,45.08825832716002],[9.51194814718923,45.10117824937669],[9.4250462882556,45.10117824937669],[9.414191795814702,45.08124904980377],[9.383122458434684,45.04502712410249],[9.31981923357074,44.94179958158537],[9.306481830771872,44.924880635033276],[9.302614643451022,44.89617335891336],[9.313007709937835,44.88424220621283],[9.351042379302328,44.869454607943794],[9.358469137240888,44.85215114006303],[9.355217184225637,44.82654200860679],[9.340803121167085,44.80574488861572],[9.31764394081523,44.77954249509003],[9.305866596466217,44.758844251960625],[9.322609761531282,44.71623927022614],[9.3195116168676,44.703604992476414],[9.309118549481468,44.695716808583825],[9.274863177593545,44.69607935677686],[9.24489247270941,44.70827418170808],[9.242101945648244,44.68300562620868],[9.232653703305743,44.678819835167246],[9.201430557574156,44.68212671967234],[9.205934952336179,44.72083155483239],[9.18934559562274,44.7462099742109],[9.171349989710222,44.78558497606576],[9.152695204120334,44.81049098247286],[9.140610242168918,44.81561061154048],[9.093742564767524,44.8181484533884],[9.075900767206633,44.82470729180807],[9.048259164328954,44.848811296304234],[9.055290414820774,44.87064113118322],[9.050324594104723,44.88336329967649],[8.996491584718854,44.91792628916687],[8.970080450452429,44.944436300295024],[8.970080450452429,44.96748561766708],[8.957050665255963,44.98133937790993],[8.941406133586156,44.98681056905252],[8.911896854656106,44.988469505263424],[8.882431521997148,45.00053249318],[8.87619128729807,45.02195583449412],[8.881135134878548,45.047015649252785],[8.877883181863353,45.05383815990314],[8.850351441965472,45.05844143152683],[8.833542359292437,45.05337673394911],[8.77412829488486,45.0276357663775],[8.750969114533007,45.024801293045186],[8.713088253520084,45.024801293045186],[8.682282588370754,45.03133815922865],[8.669055048551627,45.024801293045186],[8.645544305225485,45.041225854389666],[8.632119012582336,45.06104519098278],[8.60761949974011,45.10800075912772],[8.573298209344898,45.13709255747551],[8.551457388347785,45.178741728947614],[8.559037954637859,45.193111846634395],[8.534033070469832,45.217578400222976],[8.53510973072946,45.23768338128298],[8.519311390708083,45.25242703418024],[8.515576038603285,45.27700345164794],[8.500085315285048,45.28772610797347],[8.499931506933478,45.297910434618814],[8.523793812334532,45.32260770118444],[8.537592641087485,45.35265530979467],[8.546491567631733,45.36421292728477],[8.572221549085214,45.36668485152467],[8.616298699425442,45.3594778195457],[8.632888055239562,45.35278714591004],[8.658683954301011,45.31641141185713],[8.671230342206513,45.308962680783054],[8.702695187033214,45.30477688974162],[8.71185778490883,45.33015530912019],[8.724140499684324,45.340207799650216],[8.751738157190175,45.35173245788661],[8.756857786257797,45.36027982145657],[8.734994993024486,45.375495886425995],[8.7650755599891,45.39074491064906],[8.832004273978043,45.40818021464514],[8.8110203863817,45.427560097520484],[8.785905639233874,45.47593290278121],[8.77241442808338,45.49365385034491],[8.748178586572521,45.50032255174432],[8.72693102764481,45.5123086359348],[8.717021359348223,45.52300932002407],[8.696191280103506,45.5802151333217],[8.69526842819539,45.606878951902104],[8.668439814246028,45.62925810347866],[8.665034052879207,45.63938749863411],[8.682392451350552,45.64439726382267],[8.676965205579734,45.67287382786486],[8.655212274426901,45.677081592041816],[8.64607164968686,45.68873808639353],[8.651037469503592,45.71222685658415],[8.6457640320844,45.72067534329244],[8.617397331921325,45.727695607666135],[8.598259147241833,45.74619658490445],[8.576088736406064,45.7760134805377],[8.565410025452309,45.79862334419198],[8.593139518174212,45.82020049385767],[8.602653679024058,45.83880034795766],[8.597951530538694,45.86841948986756],[8.591140006905789,45.88717315231912],[8.588503288196193,45.91027740118108],[8.593139518174212,45.917506405396296],[8.720734738317503,46.0120217898737],[8.728183468492261,46.021997376677575],[8.734225949467998,46.04665069787137],[8.728973717163285,46.10823573289275]]]},"properties":{"name":"Lombardia"}},{"type":"Feature","geometry":{"type":"Polygon","coordinates":[[[10.451828554544136,46.54670442776711],[10.465903361000102,46.57847585100008],[10.466626831000013,46.60428822900009],[10.459082072000058,46.62356353800003],[10.438204793000097,46.63565582300002],[10.395623413000123,46.638808085000065],[10.377536662000097,46.65327748599999],[10.36916508000013,46.67239776600009],[10.373919312000112,46.68190623000008],[10.394383179000073,46.700819804000005],[10.399654175000109,46.735546367000055],[10.41660404400011,46.74301361100008],[10.428696330000008,46.75564849900009],[10.417224162000082,46.79884999700003],[10.439031616000108,46.816885071000044],[10.4485400800001,46.83223297100001],[10.453811076000136,46.864427389000056],[10.486263875000134,46.84636647500007],[10.527708374000099,46.84321421300008],[10.629407593000053,46.86241200800002],[10.662480509000119,46.86096506800003],[10.738961629000102,46.829545796999994],[10.743819213000023,46.81251841300006],[10.716947469000047,46.79520680800006],[10.722941935000051,46.786447652000064],[10.754774618000113,46.790762634000046],[10.795082235000052,46.77688751300006],[10.823917684000094,46.78034983300002],[10.843141317000118,46.77704254200002],[10.860194539000133,46.766991476000086],[10.880348348000041,46.76458852200004],[10.93088789900014,46.773993633000075],[10.996930379000105,46.76911021000005],[11.010883016000093,46.779212952000094],[11.033310588000091,46.80556793200007],[11.054601277000074,46.81993398000007],[11.054291219000078,46.83414499900003],[11.073101441000091,46.86496999200001],[11.083643432000144,46.90013580400007],[11.091911662000115,46.912434795000095],[11.1566105550001,46.95651479100009],[11.174490601000059,46.96385284500006],[11.243737020000054,46.97925242200007],[11.31381026200009,46.98726226800004],[11.349467001000079,46.98193959600009],[11.38057621200005,46.97155263300006],[11.411168661000147,46.97049326600008],[11.452923217000091,47.00087900900003],[11.471836792000119,47.007080181000035],[11.48940677900012,47.00421213800006],[11.515348348000146,46.989484355000045],[11.533848511000087,46.98953603200006],[11.572709188000147,46.99891530400002],[11.596480347000096,47.0004397580001],[11.64970707200007,46.9929983520001],[11.683813517000118,46.991913147000005],[11.71616296400012,46.97548004200003],[11.746445353000041,46.97245697100003],[11.777141154000077,46.98829579700002],[11.822513061000109,46.99325673500006],[11.85703291900009,47.01201527900007],[11.899510946000134,47.027724915000036],[11.943642618000126,47.038163555000054],[12.014956096000105,47.040488994],[12.116241903000116,47.0765591430001],[12.180630737000115,47.08521494500006],[12.20419519100011,47.079685567000055],[12.203575073000138,47.053330588000094],[12.18228438300008,47.033616028000026],[12.121719604000106,47.01051666300005],[12.111177612000063,46.9929983520001],[12.117792196000039,46.9830764770001],[12.128230835000096,46.94858245900012],[12.141666708000031,46.927989400000044],[12.141563355000102,46.91884267200005],[12.126887247000127,46.908869120000034],[12.172155802000105,46.89917978900009],[12.195100138000043,46.88008534800012],[12.208742716000074,46.876623027000065],[12.250807332000079,46.8756153370001],[12.266620320000072,46.868148092000084],[12.275818726000097,46.84628896100013],[12.276128784000065,46.833989970000076],[12.266930380000076,46.808255106999994],[12.26910078900005,46.788566387000046],[12.284397013000103,46.77998809900002],[12.32604821800004,46.77249501600009],[12.342688029000044,46.76513112400009],[12.35147302300004,46.74324615500005],[12.370386596000088,46.71115509000002],[12.405009806000095,46.69012278300001],[12.445627482000106,46.6787022920001],[12.469632061270602,46.67579888071373],[12.444550798580451,46.66542269360241],[12.423764664707505,46.64944857209389],[12.39922120649345,46.6397366575207],[12.392409682860546,46.62180696921621],[12.364965834605584,46.620873131190024],[12.34769532597852,46.62867342523833],[12.302431652398809,46.61462191037282],[12.253081064639389,46.610853599913696],[12.213969735015269,46.59606600164466],[12.1779345769192,46.63480379605829],[12.138559575963654,46.644284997654495],[12.099140628737018,46.66782870023428],[12.089670413258943,46.66681795758268],[12.08033203389624,46.649866052676146],[12.0711914091562,46.613127769530934],[12.05475586169365,46.58677156765373],[12.041572267246295,46.57521395016363],[12.033815919469077,46.554680502403244],[12.02203857512012,46.5394095050446],[12.005866699888259,46.53545442698021],[11.851926263985888,46.514162922680725],[11.832238763508087,46.50403352752522],[11.834238274776567,46.48382966960355],[11.843247064300556,46.47845735442337],[11.870888667178235,46.4744253717335],[11.888247065649523,46.467394122141],[11.8956957967236,46.454759844391276],[11.887785640594814,46.44378450195319],[11.866691889119352,46.432358719679144],[11.85583739667851,46.41445100451023],[11.85036620553592,46.384502272761665],[11.802927238301379,46.366210036264135],[11.803850090209494,46.34528108015769],[11.84076415394253,46.31609040494823],[11.849904779581891,46.30451081522193],[11.84865233783512,46.282527171092056],[11.853464350199602,46.27371613619073],[11.887631831343924,46.27270539353907],[11.9273583952737,46.250611887328716],[11.920393063289225,46.22276154371025],[11.932631833592211,46.21268708094402],[11.969436034345506,46.19630646497137],[11.96726074069062,46.18514435492801],[11.932016599286612,46.16878571209094],[11.896464839380826,46.13266266415059],[11.84045653723939,46.11806183348682],[11.820593255274503,46.10896515321923],[11.799829093637754,46.10565826781476],[11.744128408199458,46.10529571962172],[11.712136219810702,46.101065983208514],[11.698952625363347,46.087080386850346],[11.704687488736624,46.053418276132504],[11.684494616933023,46.03027008189872],[11.680759264828168,46.004474181937894],[11.684802233636162,45.98432525550612],[11.65379881476349,45.97543731597932],[11.613588852643431,45.97559112433089],[11.599328597936449,45.97941436717929],[11.578850081665905,46.00618804963875],[11.564238264884011,46.01414215113937],[11.540991193788557,46.01597686793809],[11.4950463673959,46.01243927045596],[11.440576150568859,45.987632140910534],[11.392609839772263,45.98107330249087],[11.379755836062998,45.96758209134043],[11.383007789078192,45.94484039067146],[11.358969702189995,45.92293365206638],[11.34141354909599,45.92438384753649],[11.314738743498197,45.939369199528926],[11.278725558537701,45.91895660086641],[11.258093233016268,45.88392119930387],[11.200546844661119,45.81089507374861],[11.199448211265917,45.78826323695881],[11.182507293376887,45.77844145850651],[11.184880339855795,45.75472197533884],[11.14792233075093,45.710512989782615],[11.130717740631212,45.69959257883443],[11.11298580605012,45.700262744629924],[11.063635218290699,45.712556446422866],[11.006704063341829,45.712864064025325],[10.99352046979385,45.698999316765025],[10.97910640673524,45.69183623105721],[10.962363241670232,45.695088184072404],[10.941840780027974,45.68248686557638],[10.931777303379818,45.68189360350698],[10.902729450403797,45.708348683145175],[10.876669879111603,45.71581938645551],[10.870781206487493,45.73090361530956],[10.8786913635156,45.7613906767383],[10.90024654004577,45.784077445018056],[10.893896442366895,45.806094047502256],[10.884580035240447,45.816948539943155],[10.844897416682443,45.83405425410052],[10.812443802339601,45.84497466414939],[10.767443800990634,45.84164580650872],[10.728618115833342,45.84883086625143],[10.677158152926381,45.839217828539915],[10.665314890070135,45.81148833491869],[10.645165963638306,45.807851860574885],[10.620996041534056,45.80882964397284],[10.598298286236911,45.79733794409083],[10.579226020064766,45.79472319761743],[10.55624262030068,45.80718169388007],[10.559033148261165,45.82440825713536],[10.532512151014942,45.832241509537994],[10.522910100320871,45.84133818980558],[10.507199650143718,45.87746123774588],[10.507661076097747,45.88835967555855],[10.519482365818533,45.91673736273907],[10.507814884449317,45.93272247036572],[10.495576114146331,45.96931793127749],[10.474789981172705,45.97306426860109],[10.460375918114096,45.981589659934855],[10.468593691845399,46.01179107689666],[10.490764102681169,46.02690826500441],[10.505793400045377,46.06641510297459],[10.515153751644334,46.08199371613705],[10.552045843141116,46.10666901046642],[10.558549750070881,46.1180069010976],[10.56729486736424,46.193515937910206],[10.590234320857235,46.2333743379553],[10.580170844209078,46.27241974907213],[10.577687933851053,46.31272858895318],[10.56698724976178,46.32205598129849],[10.527853947901349,46.342644361448095],[10.534379827067369,46.353290113148205],[10.563361761536044,46.36735261413179],[10.586674751138844,46.366418776105604],[10.61890863862277,46.375361648021624],[10.635871529647375,46.39080842596803],[10.63866205760786,46.41106721537966],[10.624709420503336,46.45445222678882],[10.56931635176818,46.480885333291496],[10.541345159051843,46.4894656561151],[10.49386224734485,46.494475421303605],[10.467978457539743,46.51873323505072],[10.451828554544136,46.54670442776711]]]},"properties":{"name":"Trentino-Alto Adige"}},{"type":"Feature","geometry":{"type":"Polygon","coordinates":[[[7.687931964188806,44.09079857219632],[7.709333332367407,44.09152366948172],[7.738007650132943,44.09937889501998],[7.729020832845151,44.11482567296639],[7.74002913453694,44.13366722616155],[7.757541342259117,44.14381859355325],[7.774020835093438,44.14252220733397],[7.807353355972566,44.12898704991238],[7.834379723645327,44.1254164931766],[7.899550624561641,44.12335106340083],[7.918469082382217,44.1191982316131],[7.987551116890529,44.11291405154225],[8.003217620796534,44.12164818271742],[7.998097991728912,44.131722646383025],[7.98177230724616,44.14185204063915],[7.9864744566308445,44.15239891637685],[8.006623383062674,44.16453880981817],[8.040263520644942,44.15787010751944],[8.057534029272006,44.16371483477178],[8.077529147352266,44.18583031411765],[8.07906723356598,44.21001122323935],[8.069465181972532,44.225721673416444],[8.069926607926618,44.256472407075876],[8.078144381657864,44.2875307574385],[8.071640474728099,44.3114589813469],[8.09675522187598,44.3229836395833],[8.116486668624816,44.340605710285274],[8.135405126445391,44.350207761878664],[8.147797704200684,44.377442870292214],[8.169089209399488,44.40359033232795],[8.188161475571633,44.408094727089974],[8.205827491645437,44.42243188552305],[8.211013039220347,44.44571191587221],[8.194357764898939,44.46953027590149],[8.220922707516934,44.51805688951384],[8.236127786368229,44.53231714332151],[8.249750833634039,44.534591313838064],[8.267175150612672,44.519968510038666],[8.312900250146413,44.49697412505583],[8.359614119196237,44.480956058175536],[8.371413435781449,44.48640527708187],[8.38991441301971,44.50683984798059],[8.41408433602328,44.516145268089645],[8.438012559032359,44.51190454555831],[8.476310900627539,44.518111821003686],[8.564157583705537,44.516244144951315],[8.582153189617998,44.52478052240315],[8.601357291905458,44.549269048227984],[8.597182486982149,44.562035162093025],[8.613046745510871,44.587512458333265],[8.632119012582336,44.58869898157269],[8.710912960764517,44.58254663761721],[8.72462389877387,44.578624518806464],[8.76476794328596,44.52965845237566],[8.765844603545588,44.50456567746403],[8.77612780705266,44.503126469011306],[8.793508178659522,44.52170434997572],[8.808383667672103,44.529526616260284],[8.823566773387881,44.55583887276572],[8.833234742589298,44.56100244720517],[8.890187869774365,44.559376471147175],[8.90926013594651,44.57402124718277],[8.908315311802198,44.604046882657485],[8.902119022474892,44.61774683454877],[8.879597048664834,44.62926050666704],[8.878036990214923,44.63999415001001],[8.906161991282886,44.65939600602081],[8.91358874922139,44.67669947300226],[8.923058964699464,44.682807872485284],[8.95922595801153,44.682599131744496],[8.968212775299321,44.67220606525768],[9.012773323829833,44.653342538927006],[9.04098621564134,44.63216089760732],[9.089084361653931,44.61926294762691],[9.105519909116481,44.60981470528441],[9.115803112623553,44.589369148267565],[9.148520399197025,44.58110742916449],[9.169811903496509,44.583744147874086],[9.19925526391927,44.59928980268222],[9.203144424375694,44.61375879723067],[9.225051163880096,44.620273690278566],[9.237597550886278,44.61805445125191],[9.253571672394742,44.605958504081684],[9.282311907768303,44.61008936363322],[9.301845599894534,44.60601343557158],[9.351811422858873,44.58311792655104],[9.378156638617952,44.58177759495999],[9.400239158710178,44.59376367915047],[9.414191795814702,44.59407129675293],[9.440998437527867,44.57337305362353],[9.48028554863913,44.56296900011921],[9.490656642889746,44.55490503563885],[9.49516103765177,44.529273931047044],[9.493622951438056,44.51165185944575],[9.476242579831194,44.4862734409665],[9.450974023432423,44.46870630175442],[9.436054589947332,44.41992700292883],[9.440383203222211,44.41155541994664],[9.476396388182764,44.41247827185475],[9.505751857861924,44.42782617293949],[9.556201079016546,44.42917749154799],[9.598520416284146,44.42715600714399],[9.651430574661276,44.406183105665775],[9.673644930868875,44.36969750863307],[9.689772860728908,44.35765649295274],[9.716293857975131,44.32988305395975],[9.751845616981598,44.30555932260461],[9.837824624906489,44.26262475103141],[9.852084878714152,44.252594232737636],[9.85364493806344,44.22866600882924],[9.85937980143666,44.209890373242104],[9.85891837548263,44.18831322447568],[9.871772380091272,44.19014794127446],[9.880451578877228,44.20257347918272],[9.902226482266315,44.1998818280839],[9.908268963242051,44.19131249227769],[9.896953044847123,44.168878409211175],[9.920200115942578,44.163451162541094],[9.95405998038376,44.16433006907738],[9.981481856402524,44.1500698143704],[9.981635664754094,44.13115135654982],[9.99451164249831,44.11524315354865],[10.026811448489525,44.11425438403256],[10.056892015454139,44.094446033557574],[10.036259690832026,44.06640892323321],[10.028458440713065,44.04925549510206],[9.988536004000082,44.059759833000044],[9.980723504000082,44.04987213700008],[9.962738477000073,44.04466380400004],[9.904307488000086,44.07990143400008],[9.887950066000087,44.093003648000035],[9.876800977000073,44.08783600500004],[9.844737175000091,44.108628648000035],[9.819590691000087,44.093003648000035],[9.830577019000089,44.07884349200003],[9.847504102000073,44.07249583500004],[9.833262566000087,44.052069403000075],[9.819834832000083,44.063381252000056],[9.771820509000065,44.079413153000075],[9.720876498000052,44.11347077000005],[9.709727410000085,44.11774323100008],[9.672536655000044,44.14081452000005],[9.643239780000044,44.14232005400004],[9.621104363000086,44.14826080900008],[9.573008660000085,44.19159577000005],[9.556488477000073,44.20014069200005],[9.511241082000083,44.21523672100005],[9.489756707000083,44.230902411000045],[9.484385613000086,44.243841864000046],[9.453868035000085,44.23769765800006],[9.436778191000087,44.239488023000035],[9.422373894000089,44.25678131700005],[9.374522332000083,44.27179596600007],[9.367686394000089,44.29441966400009],[9.262705925000091,44.33641185100004],[9.230642123000052,44.35370514500005],[9.213715040000068,44.33344147300005],[9.21070397200009,44.30532461100006],[9.165049675000091,44.31830475500004],[9.146657748000052,44.328558661000045],[9.148610873000052,44.34003327000005],[9.130056186000047,44.363348700000074],[9.102061394000089,44.37396881700005],[9.001231316000087,44.38727448100008],[8.95289147200009,44.39980703300006],[8.923675977000073,44.41156647300005],[8.914561394000089,44.40892161700003],[8.868418816000087,44.40973541900007],[8.84538821700005,44.41347890800006],[8.826996290000068,44.42845286700003],[8.762380405000044,44.43211497600004],[8.724782748000052,44.42397695500006],[8.678558790000068,44.39468008000006],[8.655121290000068,44.39468008000006],[8.593760613000086,44.36273834800005],[8.564789259000065,44.35716380400004],[8.540293816000087,44.34003327000005],[8.466075066000087,44.30426666900007],[8.444509311000047,44.28388092700004],[8.449717644000089,44.26434967700004],[8.435394727000073,44.24042389500005],[8.41187584700009,44.22703685100004],[8.406504754000082,44.21503327000005],[8.408213738000086,44.19350820500006],[8.394541863000086,44.18235911700003],[8.369395379000082,44.173529364000046],[8.313487175000091,44.16046784100007],[8.284678582000083,44.14826080900008],[8.256521030000044,44.12836334800005],[8.233164910000085,44.103583075000074],[8.229991082000083,44.07249583500004],[8.216319207000083,44.04523346600007],[8.169118686000047,44.00665924700007],[8.152679884000065,43.98322174700007],[8.167979363000086,43.95648834800005],[8.144704623000052,43.95258209800005],[8.115244988000086,43.92767975500004],[8.08920332100007,43.91986725500004],[8.06771894600007,43.89667389500005],[8.031423373000052,43.88751862200007],[7.9597274100000845,43.852850653000075],[7.7858179050000444,43.821966864000046],[7.736582879000082,43.79824453300006],[7.69499759200005,43.79120514500005],[7.57203209700009,43.79132721600007],[7.531097852000073,43.784491278000075],[7.502289259000065,43.792222398000035],[7.482726278000058,43.840219219000076],[7.477868693000062,43.86551483200013],[7.493474976000101,43.88623708100006],[7.536779826000071,43.92078277600005],[7.556933634000131,43.94408884700009],[7.608610066000068,43.97561147100005],[7.630934285000137,43.993543193000036],[7.63868575000015,44.005067037000046],[7.65336185700005,44.03969024700005],[7.689948771000076,44.06733713800007],[7.687931964188806,44.09079857219632]]]},"properties":{"name":"Liguria"}},{"type":"Feature","geometry":{"type":"Polygon","coordinates":[[[12.421106834936927,43.89517351031211],[12.420249039461567,43.8781581830537],[12.4050000152385,43.873807597542566],[12.391442885580716,43.88327781212132],[12.351452650319516,43.86995139544052],[12.34573975918255,43.84701194194753],[12.335017102857023,43.82793967577538],[12.321591809314555,43.8137343525583],[12.284985362284601,43.7946950456398],[12.289621593161996,43.782093726244455],[12.28584229568537,43.76886618642533],[12.268110362003597,43.771382056037055],[12.244863290908143,43.76146140162234],[12.223571785709339,43.764361792562624],[12.20667481229276,43.758879614402645],[12.196589363408407,43.747772435849186],[12.17531983134512,43.74456442820576],[12.150974126854464,43.7594948487083],[12.125332036144528,43.764153051821836],[12.080222170916443,43.75417746591728],[12.067763674653861,43.75433127426885],[11.968601073180992,43.77313986910963],[11.935729978255893,43.79542014292525],[11.918833004839314,43.8035280536767],[11.875524897156254,43.81738181391955],[11.829602043899172,43.820842506776216],[11.809277336879575,43.826423561797924],[11.784887687017147,43.84745139476604],[11.732592762945615,43.868589090713954],[11.708884265896131,43.88483787057123],[11.708576649192992,43.919598614684276],[11.687900378299787,43.934627912048484],[11.683132312206453,43.965587385549384],[11.65999510409074,43.980517806051864],[11.650700670099809,43.990855941048835],[11.655644517680344,44.02092552279464],[11.677353503461404,44.023023911824055],[11.695239246394067,44.03839378514505],[11.7033032117738,44.053181383414085],[11.720200184291059,44.07023216518223],[11.730571278541674,44.09570946142247],[11.747226552863083,44.12164818271742],[11.731669911936876,44.13271141589911],[11.692141101730442,44.1305580953798],[11.65379881476349,44.11885765565626],[11.63426512263726,44.1178249407684],[11.603349594508188,44.12325218653916],[11.590166000060833,44.1353701068449],[11.610798324682946,44.152289053397055],[11.604118637165357,44.162528311532355],[11.571840804309659,44.17369042067634],[11.551054670436656,44.162682119883925],[11.5172607236035,44.16205589946014],[11.495969219304015,44.16647240347862],[11.44940915860576,44.20443016821764],[11.431896950883583,44.227116936497396],[11.402541481204366,44.23492821666383],[11.391994605466664,44.232445306305806],[11.375712867255004,44.21172509004083],[11.342028783401645,44.208725823138195],[11.291118137192257,44.170790030635374],[11.2036449893248,44.15880394554563],[11.196350066602292,44.150487294952654],[11.206435516385966,44.136062245775975],[11.247568330414083,44.12306541893389],[11.254226045695418,44.11224388574669],[11.22937497077828,44.10270775266065],[11.19758053611281,44.105036853767785],[11.041486779691127,44.09180931484798],[11.007934532852403,44.10412498887712],[11.001276817571068,44.11266136632895],[11.01538326302716,44.12803123964994],[11.009692345025712,44.13978661086338],[10.990729941833308,44.13999535160417],[10.985302696062547,44.12588890524876],[10.961901815716203,44.10224632670656],[10.923229939809858,44.067957995564996],[10.890007281910528,44.078603747265106],[10.876669879111603,44.088469470189864],[10.855598100771715,44.094599841909144],[10.83461421317537,44.10821190305688],[10.801281692296243,44.11763817316313],[10.73395747086056,44.15467308599409],[10.707392529141885,44.16201195408837],[10.649824167651218,44.15782616304699],[10.629982857922528,44.14919090873343],[10.610537056539897,44.125702137643486],[10.570393012027864,44.12562523391739],[10.522272892879698,44.155497061040535],[10.483930605912747,44.186808097515666],[10.471230410554995,44.2245900807676],[10.416452576125494,44.23135765992805],[10.400170837014514,44.23588402692627],[10.371276793289383,44.263547602040205],[10.350974058505983,44.274918451924975],[10.287824641993609,44.28238915523531],[10.249020929072628,44.26985375524657],[10.229333428594828,44.28148827646277],[10.199362724610012,44.318281491097935],[10.169238211374363,44.32644433333928],[10.121799245039142,44.348197263592795],[10.085456470239876,44.34897729326747],[10.072602465631292,44.35213036942099],[10.052233812340546,44.36922509656091],[9.991259688583739,44.40656762699439],[9.986909103072662,44.4194106454849],[10.00009269751996,44.42560693481215],[9.998225021467533,44.44089990350773],[9.989853439384717,44.448041017878666],[9.935559003145443,44.47038720930226],[9.896645427244664,44.479505862705366],[9.866345133421135,44.482966555562086],[9.835649331251602,44.47625390879085],[9.762062902880643,44.40938012719107],[9.753845129149397,44.392065673192235],[9.743627843250351,44.38566064402346],[9.691486728429766,44.37279565329675],[9.689772860728908,44.35765649295274],[9.673644930868875,44.36969750863307],[9.651430574661276,44.406183105665775],[9.598520416284146,44.42715600714399],[9.556201079016546,44.42917749154799],[9.505751857861924,44.42782617293949],[9.476396388182764,44.41247827185475],[9.440383203222211,44.41155541994664],[9.436054589947332,44.41992700292883],[9.450974023432423,44.46870630175442],[9.476242579831194,44.4862734409665],[9.493622951438056,44.51165185944575],[9.49516103765177,44.529273931047044],[9.490656642889746,44.55490503563885],[9.48028554863913,44.56296900011921],[9.440998437527867,44.57337305362353],[9.414191795814702,44.59407129675293],[9.400239158710178,44.59376367915047],[9.378156638617952,44.58177759495999],[9.351811422858873,44.58311792655104],[9.301845599894534,44.60601343557158],[9.282311907768303,44.61008936363322],[9.253571672394742,44.605958504081684],[9.237597550886278,44.61805445125191],[9.225051163880096,44.620273690278566],[9.203144424375694,44.61375879723067],[9.201430557574156,44.68212671967234],[9.232653703305743,44.678819835167246],[9.242101945648244,44.68300562620868],[9.24489247270941,44.70827418170808],[9.274863177593545,44.69607935677686],[9.309118549481468,44.695716808583825],[9.3195116168676,44.703604992476414],[9.322609761531282,44.71623927022614],[9.305866596466217,44.758844251960625],[9.31764394081523,44.77954249509003],[9.340803121167085,44.80574488861572],[9.355217184225637,44.82654200860679],[9.358469137240888,44.85215114006303],[9.351042379302328,44.869454607943794],[9.313007709937835,44.88424220621283],[9.302614643451022,44.89617335891336],[9.306481830771872,44.924880635033276],[9.31981923357074,44.94179958158537],[9.383122458434684,45.04502712410249],[9.414191795814702,45.08124904980377],[9.4250462882556,45.10117824937669],[9.51194814718923,45.10117824937669],[9.532053128249231,45.08825832716002],[9.5460716838611,45.09745388428928],[9.538930570389482,45.1241726352589],[9.552729399142436,45.134818386958955],[9.57340566913632,45.114812282760624],[9.590412505532697,45.112593044633286],[9.614538483164438,45.1255129668499],[9.640422272969488,45.12608425578378],[9.634841217947837,45.1114065213938],[9.636862703251154,45.0939382590434],[9.681445224017864,45.07533840494341],[9.722336338950868,45.072284205651556],[9.752460852186573,45.08200710634287],[9.752153234584114,45.10800075912772],[9.76454581323867,45.114812282760624],[9.775092688976429,45.1015078392154],[9.81183097122232,45.08472072967788],[9.824443276735792,45.06866970354395],[9.840197671385397,45.07381130484782],[9.83017814010907,45.096267360150534],[9.838813394422573,45.09856350290329],[9.880781168715941,45.09156521166517],[9.899589763556719,45.09915676497269],[9.88495597363925,45.117921414441696],[9.882890543863482,45.13414822116346],[9.903918376831598,45.13848782145578],[9.923144452254633,45.13006130698369],[9.916025311019268,45.10800075912772],[9.986601485470146,45.128720975392696],[10.021538010171014,45.11011013427526],[10.046345140615756,45.06578029872179],[10.071877367446518,45.03753444855596],[10.104946216994279,45.03518337341393],[10.142936940987,45.043346215655276],[10.183542411453118,45.046554224198076],[10.22368645596515,45.038160668979685],[10.326892026246014,44.99131496381449],[10.350358824200384,44.9840200419913],[10.399247986005719,44.99131496381449],[10.413969665767468,44.98480007076665],[10.43009759652682,44.95141261839757],[10.443588807677315,44.93669093863588],[10.477800235092786,44.923331562701435],[10.521350040971583,44.91616847699362],[10.565493108919839,44.915652119549634],[10.601242622548966,44.92239772467525],[10.632663522003952,44.93948146569704],[10.663403269545256,44.96526637864042],[10.680256297590063,44.98707424128321],[10.692495066993729,44.9903811257883],[10.709721630249021,44.9859865949054],[10.73720942477513,44.9859865949054],[10.754260206543279,44.97652736554545],[10.76340083218264,44.96490383044738],[10.758588819818158,44.948160665382375],[10.764499464678522,44.94355739375868],[10.859619097343455,44.92702296943446],[10.888930621650843,44.913487812912194],[10.920769001688086,44.92144191441281],[10.944785116340029,44.93080226601177],[10.974755820324845,44.93586696358949],[10.99940914151864,44.953434102801566],[11.08308101967333,44.96190456264543],[11.144670377735736,44.94573268651425],[11.163435026305422,44.931516378078356],[11.185187957458254,44.93235133834355],[11.25701657365596,44.94733669123531],[11.27501217956842,44.94248073349905],[11.286789523917378,44.94619411246828],[11.30296139914924,44.960069845846704],[11.370922827126776,44.95813625218625],[11.421503884396714,44.949863546065785],[11.431896950883583,44.93766872203389],[11.44987058455979,44.937514912783],[11.488520488229938,44.94351344838691],[11.524907208400919,44.93997585090477],[11.553383772443112,44.9292422075618],[11.606293929920923,44.898810077622954],[11.622268052328764,44.895085712535604],[11.640307603612996,44.898293720179026],[11.677507311812974,44.92239772467525],[11.71828856376618,44.931933857761294],[11.735690907609296,44.93854762767086],[11.73894286152381,44.949709737714215],[11.756411123874273,44.96115749222446],[11.783657218405892,44.9639699924212],[11.797346183279728,44.97764797117691],[11.821538079418815,44.97764797117691],[11.869636225431464,44.9853713605998],[11.930456539937381,44.97849391845955],[11.968183592598677,44.98489894852764],[11.990661621036963,44.98386623363973],[12.087209476036492,44.97048488546909],[12.115729984551137,44.95901515782327],[12.135109868325742,44.93684474698745],[12.156401373524545,44.933230244879894],[12.16989258467504,44.937152364589906],[12.2232641690062,44.92612209066192],[12.271999522459964,44.93642726640519],[12.29478516760139,44.92744045001672],[12.284545909466146,44.90867580054771],[12.293378917503048,44.86475245945843],[12.327084973592662,44.85299708734567],[12.343520521055211,44.840055192892805],[12.345212415620495,44.823773453781826],[12.363251966904727,44.80928248609786],[12.393396594381445,44.79345219310439],[12.375661655000044,44.792222398000035],[12.321055535000085,44.83348216400009],[12.29232832100007,44.84324778900009],[12.266368035000085,44.82664622600004],[12.280039910000085,44.82050202000005],[12.25359134200005,44.751288153000075],[12.246592644000089,44.71161530200004],[12.252696160000085,44.668402411000045],[12.265879754000082,44.63617584800005],[12.283457879000082,44.61375560100004],[12.285817905000044,44.60268789300005],[12.280039910000085,44.53188711100006],[12.283702019000089,44.487616278000075],[12.31421959700009,44.38719310100004],[12.318207227000073,44.36115143400008],[12.342133009000065,44.32949453300006],[12.350271030000044,44.28815338700008],[12.36882571700005,44.25067780200004],[12.38998457100007,44.222723700000074],[12.417165561000047,44.19546133000006],[12.458018425000091,44.16640859600005],[12.478770379000082,44.13934967700004],[12.510915561000047,44.114569403000075],[12.547373894000089,44.093451239000046],[12.574229363000086,44.085598049000055],[12.631358269000089,44.03009674700007],[12.660899285000085,44.00828685100004],[12.71029707100007,43.98289622600004],[12.753835483000046,43.97239817900004],[12.73920412966686,43.93871482622825],[12.736567410957264,43.92248801860717],[12.742456082682054,43.905074687746605],[12.730832547583987,43.88197043888465],[12.693632839384009,43.86303000882782],[12.679921901374655,43.84500144366166],[12.633054223073941,43.84254050643921],[12.615849632954166,43.85334006739015],[12.60778566757449,43.87285178638081],[12.59135012011194,43.89334128966874],[12.571618674262368,43.8901882126159],[12.559204122472238,43.87499412078205],[12.54758058737417,43.885068583548275],[12.54773439572574,43.89861472708799],[12.537363301475182,43.90695334991716],[12.483090838371481,43.9292006653784],[12.490325196000128,43.93915858300009],[12.492392254000094,43.956418510999995],[12.482160321000038,43.98256678600008],[12.453324871000092,43.97905278900005],[12.42138883600012,43.96721888500012],[12.395653973000037,43.94840866400001],[12.385628745000105,43.924534153000124],[12.399581381000075,43.903217625000124],[12.421106834936927,43.89517351031211]],[[12.1993359450978,43.78046775018652],[12.226669930372964,43.795969459622825],[12.239370126630035,43.79948508486876],[12.226691903508538,43.81444846372557],[12.184328619969847,43.81841452880741],[12.170837408819352,43.804604713936385],[12.182175300349797,43.78880637301569],[12.1993359450978,43.78046775018652]]]},"properties":{"name":"Emilia-Romagna"}},{"type":"Feature","geometry":{"type":"Polygon","coordinates":[[[12.28584229568537,43.76886618642533],[12.289621593161996,43.782093726244455],[12.284985362284601,43.7946950456398],[12.321591809314555,43.8137343525583],[12.335017102857023,43.82793967577538],[12.34573975918255,43.84701194194753],[12.351452650319516,43.86995139544052],[12.391442885580716,43.88327781212132],[12.4050000152385,43.873807597542566],[12.420249039461567,43.8781581830537],[12.421106834936927,43.89517351031211],[12.4294503590001,43.892055514999996],[12.460456219000037,43.895259454000055],[12.478286774000082,43.917037885000084],[12.483090838371481,43.9292006653784],[12.537363301475182,43.90695334991716],[12.54773439572574,43.89861472708799],[12.54758058737417,43.885068583548275],[12.559204122472238,43.87499412078205],[12.571618674262368,43.8901882126159],[12.59135012011194,43.89334128966874],[12.60778566757449,43.87285178638081],[12.615849632954166,43.85334006739015],[12.633054223073941,43.84254050643921],[12.679921901374655,43.84500144366166],[12.693632839384009,43.86303000882782],[12.730832547583987,43.88197043888465],[12.742456082682054,43.905074687746605],[12.736567410957264,43.92248801860717],[12.73920412966686,43.93871482622825],[12.753835483000046,43.97239817900004],[12.803965691000087,43.966864325000074],[12.823008660000085,43.95856354400007],[12.862152540000068,43.93537018400008],[12.928884311000047,43.91583893400008],[12.947276238000086,43.89760976800005],[13.25326582100007,43.703192450000074],[13.370127800000091,43.650458075000074],[13.389821811000047,43.644598700000074],[13.399668816000087,43.635646877000056],[13.44662519600007,43.62372467700004],[13.473399285000085,43.61200592700004],[13.504405144000089,43.63275788000004],[13.543223504000082,43.61322663000004],[13.569183790000068,43.58030833500004],[13.578868035000085,43.57290273600006],[13.597911004000082,43.569525458000044],[13.615570509000065,43.56049225500004],[13.624522332000083,43.54718659100007],[13.61695397200009,43.531317450000074],[13.760264519000089,43.263739325000074],[13.780284050000091,43.23651764500005],[13.786631707000083,43.20058828300006],[13.802744988000086,43.17820872600004],[13.834808790000068,43.12726471600007],[13.848643425000091,43.09174225500004],[13.865407748000052,43.00731028900009],[13.905526647137037,42.901560778607006],[13.88859382224706,42.900122257236376],[13.81707282365187,42.88714740352981],[13.7607349307724,42.86864642629149],[13.712790593111379,42.86006610346789],[13.697849185591451,42.84312518467948],[13.695981510438344,42.83024920783464],[13.681721255731361,42.81702166801557],[13.637797913742702,42.807463562693215],[13.611145081280483,42.811627380599134],[13.565200254887827,42.8022450558646],[13.542414609746402,42.812627137132665],[13.530417538538586,42.807463562693215],[13.495700740696634,42.76415545501021],[13.490119685674927,42.74410540544011],[13.443713434227618,42.728757504355315],[13.433012750138289,42.71532122469472],[13.429760797123095,42.70173113668261],[13.411567436587916,42.69511736677305],[13.3375635276347,42.68765764958084],[13.31167973782965,42.719254330522915],[13.282478076502002,42.739513119934486],[13.26791020419256,42.74462176288404],[13.242268113482623,42.73558001500567],[13.194477585072491,42.73460223160765],[13.194477585072491,42.74909319839236],[13.203464401460963,42.75984881397159],[13.238400926161773,42.76155169555426],[13.248947801899533,42.76778094323589],[13.256286669094493,42.802475768841646],[13.247080125847106,42.82648089737552],[13.234050339751377,42.843795350475034],[13.22429448070568,42.847673524813274],[13.166726118315694,42.82451434446142],[13.150444380104034,42.82361346568888],[13.137216840284964,42.84945331012216],[13.090810588837599,42.88849872123899],[13.069563029010567,42.90050677856493],[13.048798868273138,42.91784320480002],[12.994943885751695,42.917173039004524],[12.98641849441799,42.91296527572689],[12.99199954943964,42.89655170050054],[12.972114295238498,42.88869647586165],[12.969169958926443,42.91247089051916],[12.961875037103255,42.92931293244584],[12.935991246398885,42.942804143596334],[12.91313968364949,42.96342548210032],[12.904768100667297,42.97871845169516],[12.895781284278826,43.00719501483803],[12.897956577034392,43.023059273366755],[12.890969271914344,43.05266742915853],[12.895319858324797,43.08745014550777],[12.875170931892967,43.11576191418095],[12.86022952527236,43.12535297875695],[12.837443879231614,43.13248310611044],[12.835422394827617,43.149413037881345],[12.849836457886227,43.16170673967429],[12.856823763006219,43.17558247305266],[12.850935091281428,43.20872822632657],[12.795673858661644,43.278469439612934],[12.795849640148788,43.299222614232235],[12.788862335028739,43.32407368914943],[12.754079618679441,43.36512959945145],[12.746499051490048,43.378829550443356],[12.753156766771383,43.406833702413394],[12.758474150461666,43.4445277958211],[12.758166532859207,43.46122701461502],[12.73206301619524,43.46090841179375],[12.712683132420636,43.45393209279183],[12.691084010518637,43.43429952380393],[12.644743676679298,43.443857629126285],[12.634768090774742,43.44297872348926],[12.613981956901796,43.42917989473631],[12.604687522910865,43.430344445739536],[12.51049074215399,43.51248922379864],[12.48832033131822,43.521970425394784],[12.431674820836292,43.53842794599291],[12.403264175301445,43.52405782830613],[12.381862807122843,43.524574185750055],[12.319943860121043,43.546184293770125],[12.306628429558373,43.55475362957634],[12.309726574221997,43.56669576929431],[12.33453370376742,43.56509176547257],[12.34784913433009,43.56834371848777],[12.357319349808108,43.58395529090393],[12.35358399770331,43.59687521312054],[12.36041749447179,43.610465302032026],[12.350793470642145,43.62013327123344],[12.310803234481682,43.60932272416437],[12.285952159564488,43.59160177570135],[12.260375986462577,43.60224752830078],[12.236293954202608,43.6080153509277],[12.2130249108709,43.60901510656191],[12.204807137139653,43.61682638582903],[12.193491218744725,43.64416037200357],[12.195820319851862,43.65335592823345],[12.226823738724534,43.66526510869778],[12.249938974603992,43.68242575344573],[12.277734385833242,43.68968771691459],[12.285007335420175,43.697509983199154],[12.296960460356956,43.723998021191676],[12.309880382573567,43.7240968980534],[12.313593761542847,43.69221457264439],[12.334050305577136,43.689116427980764],[12.354375013496053,43.711133030464964],[12.357626966511305,43.72260275721146],[12.30552979706249,43.75861594217196],[12.28584229568537,43.76886618642533]],[[12.4211947611293,43.58970961740488],[12.444798333376355,43.601057488712115],[12.442982674111136,43.61966799797972],[12.429819143538623,43.63146978410322],[12.410300804638382,43.62102974242862],[12.408939060189482,43.601057488712115],[12.4211947611293,43.58970961740488]]]},"properties":{"name":"Marche"}},{"type":"Feature","geometry":{"type":"MultiPolygon","coordinates":[[[[12.469632061270602,46.67579888071373],[12.499887736000062,46.67213938500002],[12.530790242000052,46.657669984000094],[12.562002807000056,46.651210429000045],[12.620190471000058,46.65648142500005],[12.669593139000085,46.65301910500001],[12.697395061000122,46.640539246000046],[12.71599857600009,46.637955424000026],[12.74849856365779,46.6410000853856],[12.754606962241496,46.593385337563234],[12.761418485874401,46.572555258318516],[12.757089872599522,46.534476643582195],[12.691391628121153,46.527346517128024],[12.663662134499873,46.516535969159634],[12.64643557124458,46.50175935790804],[12.645051294281814,46.488531818088916],[12.667067896766014,46.48062166106081],[12.672341334185205,46.463263262589464],[12.665507838316046,46.45789094740928],[12.64070070787136,46.46387849689506],[12.593063987812798,46.46368074317172],[12.551162130228136,46.457418535337126],[12.520246602099007,46.44227937499312],[12.507546405841936,46.42253694212616],[12.497307147706692,46.397323318116605],[12.46531495931788,46.35644319020105],[12.436640641552344,46.33210847182846],[12.385114761037357,46.3135525631003],[12.370393080376346,46.30626862739524],[12.343520521055211,46.281977855293746],[12.335917981629507,46.26947541276007],[12.342905286749556,46.25774201378289],[12.382785659030901,46.22994660345296],[12.414777847419714,46.22668366342032],[12.431367204133153,46.21180817440768],[12.456481951281035,46.20638092863692],[12.460656756204344,46.181365058350764],[12.491418475981845,46.1614248717604],[12.49822999961475,46.14695587721195],[12.501965350820285,46.111030582995],[12.479311541794232,46.09428741792999],[12.454768083580177,46.08906891200064],[12.441452653916826,46.07992828636128],[12.418952652343023,46.05068268056124],[12.440354020521625,45.99755279532519],[12.444704606932078,45.96624175885006],[12.452768572311754,45.955958555343045],[12.473071307095154,45.95016876047987],[12.494055194691441,45.9336563083919],[12.522268086502947,45.9241751067957],[12.53224367240756,45.902543025640114],[12.567905295293144,45.83885527944756],[12.603127464460897,45.826242973934086],[12.634152856469143,45.83312041607434],[12.665507838316046,45.81477324718759],[12.672802760139234,45.80206206481239],[12.6989941675468,45.80355620565433],[12.731447781889585,45.82717681196027],[12.764978056492112,45.836251519991606],[12.791960479692364,45.85616973344639],[12.813251983991847,45.84420562149222],[12.814174835899962,45.83415313096219],[12.826743196041662,45.824441216389005],[12.845507844611348,45.83860259423432],[12.870051302825345,45.84684234020182],[12.886179232685436,45.839371636891485],[12.894550815667571,45.825836480369276],[12.939858434619055,45.81932158732138],[12.951789587319581,45.8207168513016],[12.972883337895723,45.84262358990674],[12.999294472162148,45.82547393127686],[12.997426796109721,45.802270805553235],[13.001931190871744,45.78195708375239],[13.025793496272797,45.75953398770332],[13.028891640936479,45.742768850402115],[13.051897012936763,45.71891753111913],[13.074528849726619,45.67421416035518],[13.09562817430077,45.65232145297267],[13.084971550000091,45.641913153000075],[13.060557488000086,45.63666413000004],[12.981700066000087,45.634833075000074],[12.943858269000089,45.628566799000055],[12.780772332000083,45.55353424700007],[12.611664259000065,45.496161200000074],[12.512705925000091,45.47044505400004],[12.487803582000083,45.456732489000046],[12.451426629000082,45.450425523000035],[12.423675977000073,45.43805573100008],[12.418223504000082,45.45111725500004],[12.435801629000082,45.47492096600007],[12.458181186000047,45.49823639500005],[12.466970248000052,45.485581773000035],[12.478688998000052,45.49079010600008],[12.465017123000052,45.50446198100008],[12.487152540000068,45.50409577000005],[12.492930535000085,45.49079010600008],[12.515147332000083,45.49274323100008],[12.521494988000086,45.51898834800005],[12.530446811000047,45.52558014500005],[12.562510613000086,45.53164297100005],[12.57357832100007,45.54002513200004],[12.56967207100007,45.54938385600008],[12.537282748000052,45.53583405200004],[12.510508660000085,45.55906810100004],[12.506602410000085,45.57330963700008],[12.485199415000068,45.56500885600008],[12.458506707000083,45.54832591400009],[12.441905144000089,45.53034088700008],[12.451426629000082,45.51190827000005],[12.43490644600007,45.51235586100006],[12.41773522200009,45.52358633000006],[12.403575066000087,45.51813385600008],[12.396739129000082,45.53925202000005],[12.38412519600007,45.52301666900007],[12.39039147200009,45.51398346600007],[12.424001498000052,45.50446198100008],[12.411631707000083,45.49331289300005],[12.38054446700005,45.49477773600006],[12.383067254000082,45.50446198100008],[12.350433790000068,45.50486888200004],[12.309580925000091,45.48891836100006],[12.272715691000087,45.46360911700003],[12.252696160000085,45.43622467700004],[12.246104363000086,45.411322333000044],[12.258962436000047,45.39520905200004],[12.249196811000047,45.38548411700003],[12.245290561000047,45.36107005400004],[12.223806186000047,45.353949286000045],[12.23218834700009,45.34056224200003],[12.20875084700009,45.30906810100004],[12.187510613000086,45.30646393400008],[12.162933790000068,45.31622955900008],[12.154470248000052,45.31346263200004],[12.149099155000044,45.292181708000044],[12.15984134200005,45.28310781500005],[12.168793165000068,45.262152411000045],[12.191661004000082,45.262884833000044],[12.201914910000085,45.288316148000035],[12.217295769000089,45.293850002000056],[12.224864129000082,45.251166083000044],[12.213877800000091,45.248114325000074],[12.224864129000082,45.23069896000004],[12.221364780000044,45.21625397300005],[12.230479363000086,45.20425039300005],[12.247325066000087,45.196926174000055],[12.273692254000082,45.21084219000005],[12.296071811000047,45.226629950000074],[12.303965691000087,45.20075104400007],[12.321055535000085,45.17234935100004],[12.32195071700005,45.138739325000074],[12.328461134000065,45.10101959800005],[12.297373894000089,45.106350002000056],[12.296722852000073,45.08856842700004],[12.306651238000086,45.078558661000045],[12.340830925000091,45.08144765800006],[12.376231316000087,45.03896719000005],[12.35515384200005,45.024644273000035],[12.36882571700005,45.010972398000035],[12.383555535000085,45.02643463700008],[12.383311394000089,45.056341864000046],[12.41342207100007,45.04287344000005],[12.410329623000052,45.03217194200005],[12.444590691000087,45.010972398000035],[12.464691602000073,44.99201080900008],[12.516774936000047,44.987616278000075],[12.533864780000044,44.970038153000075],[12.52312259200005,44.95001862200007],[12.52702884200005,44.943345445000034],[12.512705925000091,44.922308661000045],[12.499034050000091,44.92145416900007],[12.494883660000085,44.91046784100007],[12.492930535000085,44.878159898000035],[12.487315300000091,44.86225006700005],[12.474131707000083,44.845770575000074],[12.444590691000087,44.82050202000005],[12.432139519000089,44.84601471600007],[12.424001498000052,44.85464101800005],[12.43921959700009,44.87759023600006],[12.44304446700005,44.89008209800005],[12.426931186000047,44.90497467700004],[12.406911655000044,44.89130280200004],[12.392100457000083,44.868394273000035],[12.391612175000091,44.85883209800005],[12.416514519000089,44.85114166900007],[12.396739129000082,44.82664622600004],[12.424001498000052,44.82050202000005],[12.416188998000052,44.80329010600008],[12.393396594381445,44.79345219310439],[12.363251966904727,44.80928248609786],[12.345212415620495,44.823773453781826],[12.343520521055211,44.840055192892805],[12.327084973592662,44.85299708734567],[12.293378917503048,44.86475245945843],[12.284545909466146,44.90867580054771],[12.29478516760139,44.92744045001672],[12.271999522459964,44.93642726640519],[12.2232641690062,44.92612209066192],[12.16989258467504,44.937152364589906],[12.156401373524545,44.933230244879894],[12.135109868325742,44.93684474698745],[12.115729984551137,44.95901515782327],[12.087209476036492,44.97048488546909],[11.990661621036963,44.98386623363973],[11.968183592598677,44.98489894852764],[11.930456539937381,44.97849391845955],[11.869636225431464,44.9853713605998],[11.821538079418815,44.97764797117691],[11.797346183279728,44.97764797117691],[11.783657218405892,44.9639699924212],[11.756411123874273,44.96115749222446],[11.73894286152381,44.949709737714215],[11.735690907609296,44.93854762767086],[11.71828856376618,44.931933857761294],[11.677507311812974,44.92239772467525],[11.640307603612996,44.898293720179026],[11.622268052328764,44.895085712535604],[11.606293929920923,44.898810077622954],[11.553383772443112,44.9292422075618],[11.524907208400919,44.93997585090477],[11.488520488229938,44.94351344838691],[11.44987058455979,44.937514912783],[11.431896950883583,44.93766872203389],[11.421503884396714,44.949863546065785],[11.419020974038688,44.96687038336148],[11.388896460802982,44.97361598848704],[11.305136691904806,45.01295803108826],[11.272683077561965,45.03378811033298],[11.272836885913534,45.05957302327636],[11.213093231667301,45.059210474184],[11.195734832296637,45.063396265225435],[11.190922820831474,45.0875332289753],[11.210302704606136,45.104298366276566],[11.20410641527883,45.112439236281716],[11.173520476089095,45.119085964545604],[11.154909635870979,45.11931667752265],[11.13816647080597,45.112900662235745],[11.109426235432409,45.11065945097283],[11.090837367450547,45.09926662795249],[11.077346156300052,45.09946438257515],[11.05247310824734,45.116570095833254],[11.047990686620892,45.12980862177045],[11.054033166697252,45.14722195263096],[11.044277307651612,45.15393459940219],[11.012790489689337,45.15202297797805],[10.998947715564611,45.16233914073871],[11.005297813243487,45.17998318367694],[10.993059043839764,45.19393582168078],[10.94588374883591,45.20966824409419],[10.848610795651666,45.263072786779674],[10.835690873435055,45.28090359822244],[10.804379836959868,45.30282132384502],[10.786823683865919,45.308962680783054],[10.76696040190103,45.29527371590922],[10.756896925252875,45.294471713998405],[10.740153760187866,45.316048862764774],[10.718554638285923,45.31557645069262],[10.69746088770978,45.32025662694173],[10.7064037596258,45.32948514332469],[10.706931103187856,45.35374295617248],[10.717939403980324,45.36744290806371],[10.705217235486998,45.37381497887816],[10.702426708425833,45.42281400366329],[10.661755320351745,45.41903470708604],[10.649977976002788,45.430119912503926],[10.642990670882739,45.44802762767284],[10.649670358400328,45.46063993318637],[10.650439401956817,45.49804838212708],[10.640529733660287,45.56303251543824],[10.64424311262951,45.60957060300092],[10.745581006857947,45.71741240415912],[10.760610304222155,45.72966215968091],[10.782934524308814,45.75628203378881],[10.802534134043015,45.78888945738254],[10.844897416682443,45.83405425410052],[10.884580035240447,45.816948539943155],[10.893896442366895,45.806094047502256],[10.90024654004577,45.784077445018056],[10.8786913635156,45.7613906767383],[10.870781206487493,45.73090361530956],[10.876669879111603,45.71581938645551],[10.902729450403797,45.708348683145175],[10.931777303379818,45.68189360350698],[10.941840780027974,45.68248686557638],[10.962363241670232,45.695088184072404],[10.97910640673524,45.69183623105721],[10.99352046979385,45.698999316765025],[11.006704063341829,45.712864064025325],[11.063635218290699,45.712556446422866],[11.11298580605012,45.700262744629924],[11.130717740631212,45.69959257883443],[11.14792233075093,45.710512989782615],[11.184880339855795,45.75472197533884],[11.182507293376887,45.77844145850651],[11.199448211265917,45.78826323695881],[11.200546844661119,45.81089507374861],[11.258093233016268,45.88392119930387],[11.278725558537701,45.91895660086641],[11.314738743498197,45.939369199528926],[11.34141354909599,45.92438384753649],[11.358969702189995,45.92293365206638],[11.383007789078192,45.94484039067146],[11.379755836062998,45.96758209134043],[11.392609839772263,45.98107330249087],[11.440576150568859,45.987632140910534],[11.4950463673959,46.01243927045596],[11.540991193788557,46.01597686793809],[11.564238264884011,46.01414215113937],[11.578850081665905,46.00618804963875],[11.599328597936449,45.97941436717929],[11.613588852643431,45.97559112433089],[11.65379881476349,45.97543731597932],[11.684802233636162,45.98432525550612],[11.680759264828168,46.004474181937894],[11.684494616933023,46.03027008189872],[11.704687488736624,46.053418276132504],[11.698952625363347,46.087080386850346],[11.712136219810702,46.101065983208514],[11.744128408199458,46.10529571962172],[11.799829093637754,46.10565826781476],[11.820593255274503,46.10896515321923],[11.84045653723939,46.11806183348682],[11.896464839380826,46.13266266415059],[11.932016599286612,46.16878571209094],[11.96726074069062,46.18514435492801],[11.969436034345506,46.19630646497137],[11.932631833592211,46.21268708094402],[11.920393063289225,46.22276154371025],[11.9273583952737,46.250611887328716],[11.887631831343924,46.27270539353907],[11.853464350199602,46.27371613619073],[11.84865233783512,46.282527171092056],[11.849904779581891,46.30451081522193],[11.84076415394253,46.31609040494823],[11.803850090209494,46.34528108015769],[11.802927238301379,46.366210036264135],[11.85036620553592,46.384502272761665],[11.85583739667851,46.41445100451023],[11.866691889119352,46.432358719679144],[11.887785640594814,46.44378450195319],[11.8956957967236,46.454759844391276],[11.888247065649523,46.467394122141],[11.870888667178235,46.4744253717335],[11.843247064300556,46.47845735442337],[11.834238274776567,46.48382966960355],[11.832238763508087,46.50403352752522],[11.851926263985888,46.514162922680725],[12.005866699888259,46.53545442698021],[12.02203857512012,46.5394095050446],[12.033815919469077,46.554680502403244],[12.041572267246295,46.57521395016363],[12.05475586169365,46.58677156765373],[12.0711914091562,46.613127769530934],[12.08033203389624,46.649866052676146],[12.089670413258943,46.66681795758268],[12.099140628737018,46.66782870023428],[12.138559575963654,46.644284997654495],[12.1779345769192,46.63480379605829],[12.213969735015269,46.59606600164466],[12.253081064639389,46.610853599913696],[12.302431652398809,46.61462191037282],[12.34769532597852,46.62867342523833],[12.364965834605584,46.620873131190024],[12.392409682860546,46.62180696921621],[12.39922120649345,46.6397366575207],[12.423764664707505,46.64944857209389],[12.444550798580451,46.66542269360241],[12.469632061270602,46.67579888071373]]],[[[12.352061394000089,45.405462958000044],[12.376231316000087,45.42255280200004],[12.321462436000047,45.34800853100006],[12.32789147200009,45.372259833000044],[12.352061394000089,45.405462958000044]]],[[[12.32984459700009,45.45880768400008],[12.347178582000083,45.45880768400008],[12.363780144000089,45.449652411000045],[12.362071160000085,45.43813711100006],[12.33725019600007,45.427394924000055],[12.320648634000065,45.42983633000006],[12.316579623000052,45.443060614000046],[12.32984459700009,45.45880768400008]]]]},"properties":{"name":"Veneto"}},{"type":"Feature","geometry":{"type":"Polygon","coordinates":[[[12.74849856365779,46.6410000853856],[12.773566122000119,46.63519073500008],[12.830410197000077,46.60963674000003],[13.064504435000089,46.59803538000007],[13.14646325700005,46.58496124300002],[13.210025269000113,46.5580119830001],[13.231109253000056,46.55217254700001],[13.271416870000081,46.550777283000045],[13.373322794000075,46.565789286000026],[13.417041056000073,46.56049245200008],[13.478019246000116,46.56356720000012],[13.506751343000133,46.54692738900009],[13.549229370000091,46.545842183999994],[13.670255574000066,46.51871205700003],[13.700951375000102,46.51974558600001],[13.68989261900009,46.49333892800003],[13.688445678000107,46.46775909500009],[13.67749027500011,46.45207529700012],[13.658783407000044,46.445124817000035],[13.600182332000117,46.44264434900005],[13.575687703000057,46.426676331000024],[13.554397013000084,46.405954081000075],[13.530005737000067,46.388332418000104],[13.483703654000067,46.37115000400003],[13.45972579000005,46.359031881000035],[13.434094279000107,46.35386423800004],[13.423242229000039,46.344846700000076],[13.391306193000077,46.30156768800002],[13.365261271000094,46.290302226000065],[13.37859379000011,46.26839141900011],[13.384691610000061,46.243328349000095],[13.39812748200012,46.23051259400002],[13.41011641500009,46.207981669999995],[13.437401570000105,46.210927226000095],[13.43833174600013,46.22487986300008],[13.468304077000084,46.22343292300009],[13.510161988000078,46.21397613600003],[13.528972208000084,46.20482940700005],[13.559047892000137,46.18410715800012],[13.584472697000137,46.18131663100006],[13.613928264000066,46.18353871700005],[13.637389363000125,46.18038645500009],[13.64503747500001,46.16173126300005],[13.616408732000139,46.12504099500008],[13.505097697000082,46.06602651000013],[13.482256713000083,46.044839173000085],[13.492798706000144,46.03248850500002],[13.482256713000083,46.0184325150001],[13.461792846000037,46.00639190700012],[13.509438517000149,45.96742787700005],[13.539410848000102,45.96902984700007],[13.571656942000061,45.97983022100003],[13.605866740000067,45.98541127600002],[13.622816610000086,45.966394349000055],[13.608243856000115,45.92655181900004],[13.569279826000127,45.86454010100009],[13.56597253400011,45.830330303],[13.581268758000078,45.80924631800006],[13.609174032000055,45.79860097300006],[13.660333699000148,45.792038066000075],[13.70947798600011,45.765321351000026],[13.778724406000038,45.74341054300008],[13.85840946500008,45.64935943600001],[13.869158163000094,45.64114288399999],[13.894686320000034,45.631841125000065],[13.887038208000149,45.618766988000104],[13.84776411900009,45.584660543000055],[13.800531860000149,45.581249899000014],[13.76105106600005,45.596236063999996],[13.711761915000068,45.59320709800005],[13.73015384200005,45.61310455900008],[13.78687584700009,45.61115143400008],[13.795583530000044,45.61701080900008],[13.77711022200009,45.63544342700004],[13.739268425000091,45.64911530200004],[13.757660352000073,45.65497467700004],[13.75367272200009,45.672308661000045],[13.72624759200005,45.70376211100006],[13.647308790000068,45.76203034100007],[13.628916863000086,45.77260976800005],[13.574229363000086,45.78961823100008],[13.551280144000089,45.79242584800005],[13.534434441000087,45.78204987200007],[13.524180535000085,45.76007721600007],[13.528330925000091,45.74054596600007],[13.554942254000082,45.737209377000056],[13.518402540000068,45.72483958500004],[13.507823113000086,45.71442291900007],[13.469248894000089,45.70685455900008],[13.427989129000082,45.68113841400009],[13.40170332100007,45.675441799000055],[13.37671959700009,45.68317291900007],[13.409190300000091,45.69131094000005],[13.43140709700009,45.70685455900008],[13.422618035000085,45.72406647300005],[13.381683790000068,45.73004791900007],[13.369395379000082,45.74461497600004],[13.351817254000082,45.740301825000074],[13.254893425000091,45.75604889500005],[13.221853061000047,45.77606842700004],[13.204925977000073,45.77773672100005],[13.169444207000083,45.768744208000044],[13.157725457000083,45.75458405200004],[13.139821811000047,45.75486888200004],[13.131358269000089,45.768866278000075],[13.110850457000083,45.767645575000074],[13.111827019000089,45.74884674700007],[13.122894727000073,45.737209377000056],[13.100596550000091,45.73623281500005],[13.080577019000089,45.72760651200008],[13.069590691000087,45.71369049700007],[13.075043165000068,45.69684479400007],[13.09148196700005,45.68919505400004],[13.111664259000065,45.69135163000004],[13.149668816000087,45.70376211100006],[13.13803144600007,45.68939850500004],[13.103037957000083,45.66901276200008],[13.09562817430077,45.65232145297267],[13.074528849726619,45.67421416035518],[13.051897012936763,45.71891753111913],[13.028891640936479,45.742768850402115],[13.025793496272797,45.75953398770332],[13.001931190871744,45.78195708375239],[12.997426796109721,45.802270805553235],[12.999294472162148,45.82547393127686],[12.972883337895723,45.84262358990674],[12.951789587319581,45.8207168513016],[12.939858434619055,45.81932158732138],[12.894550815667571,45.825836480369276],[12.886179232685436,45.839371636891485],[12.870051302825345,45.84684234020182],[12.845507844611348,45.83860259423432],[12.826743196041662,45.824441216389005],[12.814174835899962,45.83415313096219],[12.813251983991847,45.84420562149222],[12.791960479692364,45.85616973344639],[12.764978056492112,45.836251519991606],[12.731447781889585,45.82717681196027],[12.6989941675468,45.80355620565433],[12.672802760139234,45.80206206481239],[12.665507838316046,45.81477324718759],[12.634152856469143,45.83312041607434],[12.603127464460897,45.826242973934086],[12.567905295293144,45.83885527944756],[12.53224367240756,45.902543025640114],[12.522268086502947,45.9241751067957],[12.494055194691441,45.9336563083919],[12.473071307095154,45.95016876047987],[12.452768572311754,45.955958555343045],[12.444704606932078,45.96624175885006],[12.440354020521625,45.99755279532519],[12.418952652343023,46.05068268056124],[12.441452653916826,46.07992828636128],[12.454768083580177,46.08906891200064],[12.479311541794232,46.09428741792999],[12.501965350820285,46.111030582995],[12.49822999961475,46.14695587721195],[12.491418475981845,46.1614248717604],[12.460656756204344,46.181365058350764],[12.456481951281035,46.20638092863692],[12.431367204133153,46.21180817440768],[12.414777847419714,46.22668366342032],[12.382785659030901,46.22994660345296],[12.342905286749556,46.25774201378289],[12.335917981629507,46.26947541276007],[12.343520521055211,46.281977855293746],[12.370393080376346,46.30626862739524],[12.385114761037357,46.3135525631003],[12.436640641552344,46.33210847182846],[12.46531495931788,46.35644319020105],[12.497307147706692,46.397323318116605],[12.507546405841936,46.42253694212616],[12.520246602099007,46.44227937499312],[12.551162130228136,46.457418535337126],[12.593063987812798,46.46368074317172],[12.64070070787136,46.46387849689506],[12.665507838316046,46.45789094740928],[12.672341334185205,46.463263262589464],[12.667067896766014,46.48062166106081],[12.645051294281814,46.488531818088916],[12.64643557124458,46.50175935790804],[12.663662134499873,46.516535969159634],[12.691391628121153,46.527346517128024],[12.757089872599522,46.534476643582195],[12.761418485874401,46.572555258318516],[12.754606962241496,46.593385337563234],[12.74849856365779,46.6410000853856]]]},"properties":{"name":"Friuli-Venezia Giulia"}},{"type":"Feature","geometry":{"type":"Polygon","coordinates":[[[13.3375635276347,42.68765764958084],[13.411567436587916,42.69511736677305],[13.429760797123095,42.70173113668261],[13.433012750138289,42.71532122469472],[13.443713434227618,42.728757504355315],[13.490119685674927,42.74410540544011],[13.495700740696634,42.76415545501021],[13.530417538538586,42.807463562693215],[13.542414609746402,42.812627137132665],[13.565200254887827,42.8022450558646],[13.611145081280483,42.811627380599134],[13.637797913742702,42.807463562693215],[13.681721255731361,42.81702166801557],[13.695981510438344,42.83024920783464],[13.697849185591451,42.84312518467948],[13.712790593111379,42.86006610346789],[13.7607349307724,42.86864642629149],[13.81707282365187,42.88714740352981],[13.88859382224706,42.900122257236376],[13.905526647137037,42.901560778607006],[13.94467207100007,42.79828522300005],[13.980479363000086,42.73037344000005],[14.001231316000087,42.698431708000044],[14.063243035000085,42.62482330900008],[14.075368686000047,42.598822333000044],[14.220550977000073,42.47016022300005],[14.284190300000091,42.42829010600008],[14.356211785000085,42.39297109600005],[14.387380405000044,42.37295156500005],[14.42904707100007,42.32172272300005],[14.56023196700005,42.22565338700008],[14.595876498000052,42.20856354400007],[14.653493686000047,42.191066799000055],[14.693695509000065,42.18537018400008],[14.709239129000082,42.175482489000046],[14.717051629000082,42.16006094000005],[14.722829623000052,42.118801174000055],[14.729502800000091,42.09910716400009],[14.740733269000089,42.08462148600006],[14.76335696700005,42.07794830900008],[14.76341319166545,42.06502945174776],[14.749306745310037,42.04157364081084],[14.744340924593985,42.013042145278746],[14.673457133439967,41.95940688961622],[14.650297953088057,41.95035415472046],[14.645485940723574,41.9412135290811],[14.64843027703563,41.92493178997012],[14.634477639931106,41.90818862580443],[14.60951670113485,41.8880396993726],[14.57660166083798,41.855641016519655],[14.557375585414945,41.831921532452725],[14.531909276192152,41.80763076035129],[14.514550876821488,41.786130515311015],[14.473418062793371,41.76902480205297],[14.45759774963642,41.765827780527616],[14.447358491501177,41.770650779010225],[14.450149019461662,41.79129408975041],[14.432329194136969,41.81393691265839],[14.432944428442624,41.837030175402276],[14.422199798981524,41.84700576220615],[14.372387786167394,41.8736146492966],[14.358281339811981,41.86271621148393],[14.333628018618128,41.86912124155202],[14.31884042034909,41.886534572412586],[14.294670497345578,41.8969276388994],[14.282871180760367,41.90623305900846],[14.271709070717009,41.903881984765746],[14.227631921276156,41.876251368905514],[14.211679772003833,41.85470717849347],[14.191618736315604,41.8395680172502],[14.160615316543613,41.8418421877667],[14.142268148556184,41.82416518467551],[14.143190999564979,41.81470595621488],[14.169448324580515,41.78039565193774],[14.186037681293953,41.77047499752308],[14.175183188853055,41.760059957900694],[14.138554768687584,41.74918349232428],[14.113593830790649,41.73714247664395],[14.09880623252161,41.725079487828054],[14.074790117869611,41.731143941040045],[14.062990801284457,41.72877089456114],[14.035195390055208,41.703557270551585],[14.00775154180019,41.68964857791951],[13.994567947352891,41.68691298234825],[13.964597242468756,41.69207655678764],[13.945700757783754,41.688176410213146],[13.891845775262311,41.72365126549346],[13.872773509090166,41.73066054284976],[13.84295661345692,41.73378065974964],[13.810656807465705,41.74918349232428],[13.79391364240064,41.753523092616604],[13.773610907617297,41.747579488502595],[13.74425543793808,41.75461073899436],[13.730148991582666,41.78003310284538],[13.714812077515376,41.79478774276009],[13.646630921779604,41.81052016517344],[13.631909242017912,41.803368064684435],[13.599191955444383,41.777989646205185],[13.578845275289211,41.769903708589254],[13.545205136807624,41.768200827006524],[13.529340878278902,41.77078261422622],[13.501435604069854,41.795952292864],[13.40521733890904,41.83160292963146],[13.366853079705834,41.82768080992139],[13.355383352060016,41.833932030738595],[13.355383352060016,41.87154921952083],[13.370170950329054,41.90310195509113],[13.353230032440024,41.91919692659684],[13.330752004001795,41.927107083625],[13.30666997174177,41.94606948681735],[13.280148974495546,41.94681655723832],[13.097050823536676,42.0236659247426],[13.082285197503836,42.01888687163182],[13.049106484976278,42.023193512670446],[13.028430214982393,42.03192764384568],[13.016960488235952,42.054647371379076],[13.0119946675199,42.099032138422444],[13.013708534321381,42.10845840852869],[13.051281778631164,42.12546524492507],[13.073298381115364,42.14125259972769],[13.089558147090827,42.170553137916954],[13.098764690338157,42.17365128258058],[13.142380414724357,42.1587208620781],[13.17307621689389,42.15298599870488],[13.207705123992241,42.13613297066007],[13.233896531399807,42.12905777479642],[13.260769090720942,42.13861588011878],[13.284653369257569,42.13143082127533],[13.302165576979803,42.13756119299461],[13.305417529994997,42.16745499325333],[13.3172607928513,42.17267349918262],[13.354614309402848,42.17866104776914],[13.361755422874467,42.18982315781244],[13.335388234879133,42.19178971072654],[13.316953175248841,42.19690933979416],[13.309504444174763,42.21380631321074],[13.299990284224236,42.22158463412353],[13.280764208801202,42.225177163095566],[13.267119189299137,42.23359269055021],[13.250178270510787,42.25669693941222],[13.223042038958909,42.278241129824266],[13.214516647625146,42.30723405131039],[13.199751022491682,42.32341691266038],[13.163320356948873,42.338556073903646],[13.156025435125741,42.349355634854646],[13.159431196492505,42.36723039076992],[13.175097701297886,42.38739030421914],[13.178349654313081,42.39994767734339],[13.1418750433985,42.4153175515637],[13.132404827920482,42.42638078384607],[13.128537640599632,42.445266282413],[13.131789593614826,42.45484636177014],[13.148730512403233,42.464898852300166],[13.164704633911697,42.48014787562391],[13.1634741653005,42.51233781863539],[13.144028363917869,42.52577409829598],[13.135349164232537,42.538287526947784],[13.146093793693638,42.548691579552724],[13.167956587826268,42.55140520288779],[13.174306685505144,42.55738176535618],[13.186106002090298,42.58691301652249],[13.230644578384556,42.580090506771455],[13.258747606316945,42.579651053952944],[13.286037647119713,42.57223528213257],[13.338024953588729,42.57456438323965],[13.368940481717857,42.585979178496245],[13.386452689440034,42.63083635851109],[13.386298881088464,42.644426446523255],[13.351823782341683,42.65662127145447],[13.338332570291868,42.670156427976735],[13.3375635276347,42.68765764958084]]]},"properties":{"name":"Abruzzo"}},{"type":"Feature","geometry":{"type":"Polygon","coordinates":[[[14.76335696700005,42.07794830900008],[14.780121290000068,42.07526276200008],[14.799815300000091,42.06635163000004],[14.835459832000083,42.044134833000044],[14.871104363000086,42.03180573100008],[14.951996290000068,42.02106354400007],[14.993662957000083,42.010646877000056],[15.007334832000083,42.00136953300006],[15.03451582100007,41.974595445000034],[15.063161655000044,41.96430084800005],[15.104340040000068,41.94188060100004],[15.143540133270506,41.93118296042525],[15.131982540961474,41.86961562586043],[15.109592404166108,41.840655664527276],[15.106076778920169,41.82976821283273],[15.111504024690987,41.79679824014664],[15.103242305587912,41.77435317096206],[15.107329219767678,41.72747450744254],[15.115854611101383,41.71603773905042],[15.152131468292623,41.70906142094782],[15.144682737218545,41.69373549209928],[15.112602658086189,41.685572650757194],[15.071316034807126,41.65316298088686],[15.054419061390547,41.6469447193233],[15.017614861536629,41.619731583146006],[15.008012809943182,41.61970961090981],[14.963144644709587,41.63399183785299],[14.95338878476457,41.634156633222005],[14.93394298338194,41.620094132238364],[14.933173939825451,41.59327650440713],[14.938974721706018,41.563097059681525],[14.935041615877878,41.52599622834322],[14.946247671293008,41.515756970207974],[14.995290641449913,41.482072886354615],[14.936799428051131,41.45495862793831],[14.881186633356435,41.44220350019134],[14.851743272933675,41.43100843179366],[14.827024033232533,41.425691049002694],[14.79261485299304,41.44344495582004],[14.775717879576462,41.44264295390917],[14.758776960788111,41.41636365575806],[14.732871197847487,41.405487190181645],[14.66616221071746,41.40409192710075],[14.602353614527658,41.37311048046428],[14.578315527639461,41.37261609525655],[14.555683690849662,41.389359260321555],[14.525866795216416,41.38811780469291],[14.495940036603372,41.39039197520947],[14.474802340655458,41.41496839177785],[14.461948336046873,41.42305432939378],[14.433669526627341,41.425691049002694],[14.370058684160938,41.44599378378609],[14.328969815504593,41.457002084578505],[14.295131923299607,41.46940565025051],[14.266457606433391,41.48517103101824],[14.222512292208478,41.49480604186533],[14.163713461207237,41.490719127685566],[14.120866780377582,41.4956629752661],[14.099729084429669,41.46982313083282],[14.08298591936466,41.4546290380996],[14.083315509203373,41.43767713319312],[14.105837483013431,41.418758675372544],[14.109089436028626,41.39268811796222],[14.088259356783851,41.38874402601596],[14.039282304234916,41.394577766250904],[14.02559333936108,41.403773323380165],[13.984614333684533,41.46101209503212],[13.96180671540759,41.47070203646979],[13.982021560346709,41.48651136350861],[13.980878981579735,41.504342174951375],[14.005576248145303,41.51938245843371],[14.010080642907326,41.52894056465533],[14.006059647234906,41.56283338745084],[13.994260329750375,41.58301527313631],[13.992568435185149,41.62828993373341],[13.96769538713238,41.667434221711915],[13.945700757783754,41.688176410213146],[13.964597242468756,41.69207655678764],[13.994567947352891,41.68691298234825],[14.00775154180019,41.68964857791951],[14.035195390055208,41.703557270551585],[14.062990801284457,41.72877089456114],[14.074790117869611,41.731143941040045],[14.09880623252161,41.725079487828054],[14.113593830790649,41.73714247664395],[14.138554768687584,41.74918349232428],[14.175183188853055,41.760059957900694],[14.186037681293953,41.77047499752308],[14.169448324580515,41.78039565193774],[14.143190999564979,41.81470595621488],[14.142268148556184,41.82416518467551],[14.160615316543613,41.8418421877667],[14.191618736315604,41.8395680172502],[14.211679772003833,41.85470717849347],[14.227631921276156,41.876251368905514],[14.271709070717009,41.903881984765746],[14.282871180760367,41.90623305900846],[14.294670497345578,41.8969276388994],[14.31884042034909,41.886534572412586],[14.333628018618128,41.86912124155202],[14.358281339811981,41.86271621148393],[14.372387786167394,41.8736146492966],[14.422199798981524,41.84700576220615],[14.432944428442624,41.837030175402276],[14.432329194136969,41.81393691265839],[14.450149019461662,41.79129408975041],[14.447358491501177,41.770650779010225],[14.45759774963642,41.765827780527616],[14.473418062793371,41.76902480205297],[14.514550876821488,41.786130515311015],[14.531909276192152,41.80763076035129],[14.557375585414945,41.831921532452725],[14.57660166083798,41.855641016519655],[14.60951670113485,41.8880396993726],[14.634477639931106,41.90818862580443],[14.64843027703563,41.92493178997012],[14.645485940723574,41.9412135290811],[14.650297953088057,41.95035415472046],[14.673457133439967,41.95940688961622],[14.744340924593985,42.013042145278746],[14.749306745310037,42.04157364081084],[14.76341319166545,42.06502945174776],[14.76335696700005,42.07794830900008]]]},"properties":{"name":"Molise"}},{"type":"Feature","geometry":{"type":"Polygon","coordinates":[[[14.995290641449913,41.482072886354615],[14.946247671293008,41.515756970207974],[14.935041615877878,41.52599622834322],[14.938974721706018,41.563097059681525],[14.933173939825451,41.59327650440713],[14.93394298338194,41.620094132238364],[14.95338878476457,41.634156633222005],[14.963144644709587,41.63399183785299],[15.008012809943182,41.61970961090981],[15.017614861536629,41.619731583146006],[15.054419061390547,41.6469447193233],[15.071316034807126,41.65316298088686],[15.112602658086189,41.685572650757194],[15.144682737218545,41.69373549209928],[15.152131468292623,41.70906142094782],[15.115854611101383,41.71603773905042],[15.107329219767678,41.72747450744254],[15.103242305587912,41.77435317096206],[15.111504024690987,41.79679824014664],[15.106076778920169,41.82976821283273],[15.109592404166108,41.840655664527276],[15.131982540961474,41.86961562586043],[15.143540133270506,41.93118296042525],[15.16537519600007,41.927801825000074],[15.281748894000089,41.92804596600007],[15.400563998000052,41.90778229400007],[15.446055535000085,41.90692780200004],[15.611338738000086,41.92804596600007],[15.774424675000091,41.921210028000075],[16.02711022200009,41.94407786700003],[16.110850457000083,41.92804596600007],[16.140472852000073,41.919907945000034],[16.160899285000085,41.892645575000074],[16.179209832000083,41.89329661700003],[16.176036004000082,41.877386786000045],[16.183604363000086,41.85846588700008],[16.192230665000068,41.82135651200008],[16.192881707000083,41.79092031500005],[16.166677280000044,41.76341380400004],[16.145762566000087,41.74884674700007],[16.10718834700009,41.737616278000075],[16.089691602000073,41.72601959800005],[16.063161655000044,41.70148346600007],[16.027517123000052,41.67991771000004],[15.925303582000083,41.64004140800006],[15.90007571700005,41.61465078300006],[15.891368035000085,41.57684967700004],[15.896332227000073,41.536444403000075],[15.91179446700005,41.50287506700005],[15.933604363000086,41.47943756700005],[15.961110873000052,41.45945872600004],[16.021657748000052,41.427801825000074],[16.085134311000047,41.41266510600008],[16.114105665000068,41.39288971600007],[16.301442905000044,41.32786692900004],[16.46029707100007,41.26264069200005],[16.520681186000047,41.25014883000006],[16.55437259200005,41.22748444200005],[16.593923373000052,41.20697663000004],[16.83057701900009,41.14630768400008],[16.851410352000073,41.13296133000006],[16.864431186000047,41.14036692900004],[16.88526451900009,41.12396881700005],[17.05713951900009,41.08185455900008],[17.203135613000086,41.02098216400009],[17.27637780000009,40.98021067900004],[17.310069207000083,40.954779364000046],[17.347911004000082,40.912095445000034],[17.377696160000085,40.90228913000004],[17.413584832000083,40.88108958500004],[17.476084832000083,40.830145575000074],[17.51221764400009,40.820298570000034],[17.548350457000083,40.801947333000044],[17.63453209700009,40.78497955900008],[17.645274285000085,40.77977122600004],[17.748383009000065,40.74762604400007],[17.843923373000052,40.69415924700007],[17.921885613000086,40.68301015800006],[17.955821160000085,40.67047760600008],[17.954925977000073,40.646918036000045],[17.99195397200009,40.65314362200007],[18.007009311000047,40.65070221600007],[18.015798373000052,40.62518952000005],[18.043223504000082,40.601996161000045],[18.037445509000065,40.55695221600007],[18.119965040000068,40.50458405200004],[18.211680535000085,40.46474844000005],[18.238291863000086,40.45766836100006],[18.25879967500009,40.43065013200004],[18.30323326900009,40.39988841400009],[18.32911217500009,40.36668528900009],[18.343760613000086,40.351629950000074],[18.37045332100007,40.33869049700007],[18.43726647200009,40.26788971600007],[18.500010613000086,40.15249258000006],[18.51612389400009,40.13922760600008],[18.51107832100007,40.12759023600006],[18.517425977000073,40.114162502000056],[18.508067254000082,40.09454987200007],[18.49187259200005,40.08466217700004],[18.483571811000047,40.05516185100004],[18.47038821700005,40.04344310100004],[18.43409264400009,40.02252838700008],[18.411387566000087,39.97882721600007],[18.40406334700009,39.94749583500004],[18.392588738000086,39.916083075000074],[18.40007571700005,39.878566799000055],[18.383962436000047,39.81391022300005],[18.368337436000047,39.79661692900004],[18.346527540000068,39.798041083000044],[18.330414259000065,39.80341217700004],[18.282074415000068,39.833197333000044],[18.265635613000086,39.837591864000046],[18.211273634000065,39.83934153900009],[18.18653405000009,39.85187409100007],[18.16187584700009,39.860541083000044],[18.13062584700009,39.88349030200004],[18.09424889400009,39.90273672100005],[18.071543816000087,39.91152578300006],[18.007334832000083,39.98607005400004],[17.995371941000087,39.99526601800005],[18.020274285000085,40.010199286000045],[18.022146030000044,40.02167389500005],[18.015798373000052,40.03620026200008],[18.005137566000087,40.04486725500004],[17.967458530000044,40.05731842700004],[18.00294030000009,40.07444896000004],[18.010996941000087,40.09601471600007],[17.997243686000047,40.120428778000075],[17.967458530000044,40.14606354400007],[17.940684441000087,40.16303131700005],[17.926036004000082,40.17625560100004],[17.91960696700005,40.190741278000075],[17.91700280000009,40.22687409100007],[17.91114342500009,40.240301825000074],[17.912771030000044,40.25531647300005],[17.863129102000073,40.28563060100004],[17.847666863000086,40.29002513200004],[17.512054884000065,40.30369700700004],[17.49390709700009,40.30744049700007],[17.44044030000009,40.33100006700005],[17.39942467500009,40.33100006700005],[17.37468509200005,40.34857819200005],[17.35124759200005,40.354803778000075],[17.296397332000083,40.37946198100008],[17.24000084700009,40.39533112200007],[17.212901238000086,40.40619538000004],[17.20020592500009,40.42039622600004],[17.223480665000068,40.42841217700004],[17.243011915000068,40.441392320000034],[17.247894727000073,40.45734284100007],[17.22754967500009,40.47443268400008],[17.24740644600007,40.48029205900008],[17.295746290000068,40.47321198100008],[17.316254102000073,40.48187897300005],[17.32325280000009,40.498480536000045],[17.30404707100007,40.49945709800005],[17.26856530000009,40.496161200000074],[17.24740644600007,40.502834377000056],[17.21070397200009,40.48700592700004],[17.18995201900009,40.48187897300005],[17.181813998000052,40.48529694200005],[17.166188998000052,40.50918203300006],[17.124522332000083,40.515326239000046],[17.049571160000085,40.51911041900007],[16.976084832000083,40.492621161000045],[16.912119988000086,40.44521719000005],[16.863276657791516,40.390919726364245],[16.848003114452183,40.40151254306937],[16.830952332683978,40.422210786198775],[16.812802917520628,40.43633920389112],[16.797290221966136,40.463475435442945],[16.786303893409922,40.47345102224688],[16.74112811057381,40.46776010424537],[16.72805438000563,40.48461313229018],[16.711311214940622,40.55153085926173],[16.713332699344562,40.596695655979715],[16.710695980634966,40.636696878258306],[16.720144222977467,40.664393412625884],[16.71192644924622,40.68519053171764],[16.69705096023364,40.694342143475126],[16.715024593909845,40.70604258409793],[16.71566180135102,40.71539194957876],[16.694568049875613,40.73364024070452],[16.65328142749587,40.74386851272169],[16.62102556687637,40.75849131652103],[16.5868800579683,40.76231455847005],[16.56934587711055,40.7492737862562],[16.544802419795815,40.75916148231653],[16.535969411758913,40.75466807367263],[16.549614431260977,40.73549693063882],[16.534738942248396,40.73356333697842],[16.51566667607625,40.75751353312302],[16.49778093314353,40.75782114982616],[16.47607194826179,40.74306651081082],[16.435092942585243,40.70961314083377],[16.420063645221035,40.703252056137444],[16.396443038915095,40.71296397071063],[16.34043473587434,40.752141217942835],[16.234812172843476,40.84706309688437],[16.215520180711735,40.89134898706607],[16.196623695127414,40.91143199588987],[16.164939123441798,40.922769886520996],[16.14136246250763,40.91936412515423],[16.119038243320233,40.904170032421064],[16.094648593457805,40.91099254307136],[15.987575835856148,40.949906118072875],[15.985092925498122,40.964528921872216],[16.000605621052557,40.966231802555626],[16.01646987958128,40.98033824801172],[16.03134536859386,41.01692272280542],[16.024995270914985,41.024679070582636],[15.953320463068906,41.08537853599063],[15.930798490158168,41.09394787179684],[15.900410304691775,41.10111095840398],[15.883908839621256,41.111525998026366],[15.858332666519345,41.136816525762015],[15.849499658482443,41.13154308834282],[15.771101217747002,41.104549679024444],[15.753171529442511,41.10275890759749],[15.596396622006466,41.10935070437148],[15.583169082187396,41.104549679024444],[15.561657851028997,41.0861475786478],[15.554736463516974,41.06919567374132],[15.558559706365315,41.05512218663955],[15.455376108320706,41.079358027251146],[15.411760383934563,41.10392345860072],[15.40152112579932,41.10531872168161],[15.382558722606973,41.097496456296426],[15.287614871429184,41.10250622148493],[15.275068484423002,41.105911983751014],[15.25533703857343,41.127675900122654],[15.208930786226802,41.14942883127554],[15.203020141366437,41.165699583369076],[15.231606568388429,41.19092419439602],[15.247580689896893,41.20151501460623],[15.25331555416949,41.21443493682284],[15.24648205740101,41.22884899988139],[15.267575807977153,41.237868775523566],[15.252063112422661,41.258830690883656],[15.178696410011298,41.28905408098103],[15.1672266832648,41.27941907013394],[15.143452268607291,41.274618044786905],[15.128247189755996,41.30770886657092],[15.116777463009498,41.31571789956138],[15.091464961238955,41.32125500921126],[15.071931269112781,41.3354054009385],[15.06665783169359,41.358454718310554],[15.085576289514108,41.38031751154392],[15.101858028625088,41.39060071505094],[15.099682735869578,41.41907727909313],[15.093640254893842,41.43023938823717],[15.07239269506681,41.43809461377538],[15.05068371018507,41.46070447742966],[14.995290641449913,41.482072886354615]]]},"properties":{"name":"Puglia"}},{"type":"Feature","geometry":{"type":"Polygon","coordinates":[[[16.863276657791516,40.390919726364245],[16.782725457000083,40.30158112200007],[16.76140384200005,40.269598700000074],[16.737559441000087,40.211004950000074],[16.730723504000082,40.20066966400009],[16.715993686000047,40.19358958500004],[16.67945397200009,40.14606354400007],[16.640048698588544,40.11874851563147],[16.621135429856167,40.122668538122525],[16.558908865251908,40.12679939767406],[16.527290212073638,40.121372151003925],[16.47934587441256,40.12641487634545],[16.44999040383408,40.124371418805936],[16.435246750936813,40.13530281587225],[16.41758073486301,40.12928230803209],[16.41028581303982,40.108199543574074],[16.40672624242211,40.07052742240262],[16.38807145683228,40.03559089770175],[16.388686691137877,40.00871833838056],[16.383742842658023,39.99337043729582],[16.365285810791534,39.974869460057505],[16.35550797861032,39.9485681896702],[16.345290692711274,39.932550122789905],[16.355683760097463,39.92725471223514],[16.359858565020716,39.90536994586631],[16.33887467742443,39.90970954525926],[16.330810712044695,39.92108039514409],[16.303059246187274,39.93717536664985],[16.262717447951843,39.94218513273768],[16.23202164578231,39.93624152862361],[16.214904945506817,39.92903449754402],[16.197392738683902,39.91451057150567],[16.068918612004325,39.90668830522111],[16.049956208811977,39.91559821788343],[16.015393219321595,39.94835944892941],[16.010888824559572,39.96164192023838],[16.02235855220539,39.98172492906218],[16.01616226287814,39.98696540812705],[15.990520172168203,39.97776985099779],[15.97687515176682,39.98063728268443],[15.951936186106082,40.00437873898761],[15.920251614420465,40.0040161898952],[15.903508449355456,39.985515212656935],[15.858332666519345,40.008180007801116],[15.84112807639957,40.003972244523425],[15.776528464417083,39.96533332697146],[15.763213033854413,39.94432746713886],[15.745807744060896,39.92460382764366],[15.73414147200009,39.94375234600005],[15.728037957000083,39.964178778000075],[15.713145379000082,39.98102448100008],[15.678884311000047,40.00885651200008],[15.646651419391926,40.046931666694626],[15.662951799885661,40.06101326245209],[15.649768205438306,40.080810625909635],[15.668532854907312,40.097290118743956],[15.693076313121367,40.13052376276141],[15.697119281929304,40.14266365620273],[15.693999164130105,40.16204353907807],[15.698195942188988,40.16922859882078],[15.723925923642469,40.19088265221262],[15.739636372920245,40.19677132393741],[15.757148580642479,40.21074593417751],[15.775451804157399,40.219820641309525],[15.790547020028953,40.25185677507011],[15.785427390062011,40.268863612365806],[15.748469380957147,40.30019662107719],[15.716960590758617,40.31844491310221],[15.711225727385397,40.33133187606518],[15.706259906669345,40.374310393010205],[15.683781879130379,40.38906503292492],[15.656140276252756,40.39420663422874],[15.622807755373572,40.42341928167451],[15.59219984394764,40.43329599161672],[15.576401503926263,40.45747690073836],[15.550913221567896,40.47085824890905],[15.534939100059432,40.49396249777101],[15.539597303172968,40.520011082045755],[15.517580700688768,40.56470346669164],[15.483281382529754,40.589719336977794],[15.455837534274792,40.595300391999444],[15.445598276139492,40.60566050013193],[15.462802866259267,40.63184092052205],[15.480952281422617,40.64082773780984],[15.48947767185706,40.653747660026454],[15.479853648027415,40.66540415437822],[15.458166635381929,40.66894175186036],[15.435161264280907,40.67943369610816],[15.420901009573925,40.69518809075777],[15.395786262426043,40.70925059174141],[15.378515753798979,40.72939951817318],[15.373725714570071,40.74167124683055],[15.372319464471673,40.7685987385409],[15.364870733397595,40.79237315319841],[15.368913703104909,40.80218394463333],[15.344260381911056,40.820684921871646],[15.36208020633643,40.834461778388345],[15.365815558441227,40.843866075359074],[15.360849737725175,40.87608897672487],[15.369221319808048,40.898951526491715],[15.470866831638943,40.9017969859421],[15.489257945897464,40.90747691782548],[15.523930798367644,40.92419810975491],[15.544035779427645,40.94394054172261],[15.555153944099231,40.971713980715606],[15.577939589240657,41.01103405018125],[15.576247694675374,41.026590692006835],[15.558559706365315,41.05512218663955],[15.554736463516974,41.06919567374132],[15.561657851028997,41.0861475786478],[15.583169082187396,41.104549679024444],[15.596396622006466,41.10935070437148],[15.753171529442511,41.10275890759749],[15.771101217747002,41.104549679024444],[15.849499658482443,41.13154308834282],[15.858332666519345,41.136816525762015],[15.883908839621256,41.111525998026366],[15.900410304691775,41.10111095840398],[15.930798490158168,41.09394787179684],[15.953320463068906,41.08537853599063],[16.024995270914985,41.024679070582636],[16.03134536859386,41.01692272280542],[16.01646987958128,40.98033824801172],[16.000605621052557,40.966231802555626],[15.985092925498122,40.964528921872216],[15.987575835856148,40.949906118072875],[16.094648593457805,40.91099254307136],[16.119038243320233,40.904170032421064],[16.14136246250763,40.91936412515423],[16.164939123441798,40.922769886520996],[16.196623695127414,40.91143199588987],[16.215520180711735,40.89134898706607],[16.234812172843476,40.84706309688437],[16.34043473587434,40.752141217942835],[16.396443038915095,40.71296397071063],[16.420063645221035,40.703252056137444],[16.435092942585243,40.70961314083377],[16.47607194826179,40.74306651081082],[16.49778093314353,40.75782114982616],[16.51566667607625,40.75751353312302],[16.534738942248396,40.73356333697842],[16.549614431260977,40.73549693063882],[16.535969411758913,40.75466807367263],[16.544802419795815,40.75916148231653],[16.56934587711055,40.7492737862562],[16.5868800579683,40.76231455847005],[16.62102556687637,40.75849131652103],[16.65328142749587,40.74386851272169],[16.694568049875613,40.73364024070452],[16.71566180135102,40.71539194957876],[16.715024593909845,40.70604258409793],[16.69705096023364,40.694342143475126],[16.71192644924622,40.68519053171764],[16.720144222977467,40.664393412625884],[16.710695980634966,40.636696878258306],[16.713332699344562,40.596695655979715],[16.711311214940622,40.55153085926173],[16.72805438000563,40.48461313229018],[16.74112811057381,40.46776010424537],[16.786303893409922,40.47345102224688],[16.797290221966136,40.463475435442945],[16.812802917520628,40.43633920389112],[16.830952332683978,40.422210786198775],[16.848003114452183,40.40151254306937],[16.863276657791516,40.390919726364245]]]},"properties":{"name":"Basilicata"}},{"type":"Feature","geometry":{"type":"Polygon","coordinates":[[[16.640048698588544,40.11874851563147],[16.624522332000083,40.10797760600008],[16.604746941000087,40.08445872600004],[16.596934441000087,40.04677969000005],[16.613617384000065,39.99664948100008],[16.631602410000085,39.96621328300006],[16.621755405000044,39.953558661000045],[16.605479363000086,39.94293854400007],[16.58920332100007,39.91982656500005],[16.542246941000087,39.88540273600006],[16.508148634000065,39.837591864000046],[16.491709832000083,39.80548737200007],[16.489756707000083,39.77521393400008],[16.502126498000052,39.74705638200004],[16.528575066000087,39.72150299700007],[16.515635613000086,39.68960195500006],[16.54590905000009,39.66087474200009],[16.59148196700005,39.636786200000074],[16.624847852000073,39.62531159100007],[16.74976647200009,39.620021877000056],[16.782481316000087,39.61163971600007],[16.81609134200005,39.591050523000035],[16.830902540000068,39.576157945000034],[16.84620201900009,39.55267975500004],[16.90601647200009,39.529730536000045],[16.952972852000073,39.499212958000044],[16.995371941000087,39.49274323100008],[17.01148522200009,39.48615143400008],[17.05713951900009,39.44163646000004],[17.088552280000044,39.42259349200009],[17.124196811000047,39.40900299700007],[17.15870201900009,39.40619538000004],[17.122243686000047,39.338324286000045],[17.11491946700005,39.28278229400007],[17.11768639400009,39.25600820500006],[17.142100457000083,39.222316799000055],[17.145681186000047,39.21067942900004],[17.14039147200009,39.178900458000044],[17.122243686000047,39.12103913000004],[17.124522332000083,39.09088776200008],[17.158457879000082,39.04047272300005],[17.20639082100007,39.02948639500005],[17.176605665000068,39.01211172100005],[17.17237389400009,39.005194403000075],[17.17237389400009,38.96051666900007],[17.127696160000085,38.92877838700008],[17.10401451900009,38.89907461100006],[17.094981316000087,38.919134833000044],[17.070567254000082,38.92279694200005],[17.042246941000087,38.91624583500004],[17.02198326900009,38.905951239000046],[16.996348504000082,38.92951080900008],[16.981293165000068,38.937201239000046],[16.957286004000082,38.94009023600006],[16.935069207000083,38.938706773000035],[16.838552280000044,38.91819896000004],[16.727793816000087,38.87885163000004],[16.687754754000082,38.85586172100005],[16.670746290000068,38.84064362200007],[16.610606316000087,38.81655508000006],[16.58562259200005,38.79783763200004],[16.574392123000052,38.78506094000005],[16.563731316000087,38.756740627000056],[16.53882897200009,38.72333405200004],[16.53484134200005,38.69989655200004],[16.549082879000082,38.68992747600004],[16.54851321700005,38.67206452000005],[16.558848504000082,38.59601471600007],[16.576996290000068,38.528550523000035],[16.57715905000009,38.50287506700005],[16.569590691000087,38.42951080900008],[16.561371290000068,38.41632721600007],[16.52198326900009,38.387152411000045],[16.508148634000065,38.371527411000045],[16.497569207000083,38.36928945500006],[16.467051629000082,38.34870026200008],[16.435069207000083,38.33999258000006],[16.339854363000086,38.300848700000074],[16.30632571700005,38.27708567900004],[16.169444207000083,38.14321523600006],[16.151866082000083,38.11082591400009],[16.12549889400009,38.00482819200005],[16.110850457000083,37.97361888200004],[16.090017123000052,37.949204820000034],[16.063161655000044,37.93268463700008],[16.015879754000082,37.924709377000056],[16.00098717500009,37.91901276200008],[15.942149285000085,37.93309153900009],[15.76148522200009,37.92523834800005],[15.734873894000089,37.930975653000075],[15.708262566000087,37.94098541900007],[15.66578209700009,37.966864325000074],[15.645518425000091,37.988348700000074],[15.635101759000065,38.009100653000075],[15.63835696700005,38.02773672100005],[15.658457879000082,38.04254791900007],[15.632660352000073,38.074204820000034],[15.624034050000091,38.09210846600007],[15.627452019000089,38.10736725500004],[15.641612175000091,38.12592194200005],[15.64779707100007,38.14313385600008],[15.646494988000086,38.162095445000034],[15.637950066000087,38.18593984600005],[15.632823113000086,38.22028229400007],[15.650563998000052,38.24103424700007],[15.684255405000044,38.253119208000044],[15.78646894600007,38.27802155200004],[15.81617272200009,38.30605703300006],[15.82976321700005,38.35101959800005],[15.904795769000089,38.473944403000075],[15.917816602000073,38.516791083000044],[15.916026238000086,38.55036041900007],[15.90007571700005,38.57827383000006],[15.87077884200005,38.60423411700009],[15.849945509000065,38.613348700000074],[15.835459832000083,38.628241278000075],[15.836599155000044,38.64899323100008],[15.844493035000085,38.66038646000004],[15.863129102000073,38.66828034100007],[15.904795769000089,38.679388739000046],[15.968028191000087,38.712591864000046],[16.002614780000044,38.72540924700007],[16.048838738000086,38.727728583000044],[16.12086022200009,38.72093333500004],[16.152598504000082,38.730902411000045],[16.179209832000083,38.74827708500004],[16.20093834700009,38.77643463700008],[16.215098504000082,38.814154364000046],[16.22169030000009,38.85659414300005],[16.22006269600007,38.89907461100006],[16.214691602000073,38.91901276200008],[16.204600457000083,38.93406810100004],[16.189626498000052,38.94354889500005],[16.16895592500009,38.94684479400007],[16.154307488000086,38.95502350500004],[16.13965905000009,38.97378164300005],[16.08301842500009,39.07526276200008],[16.04200280000009,39.310614325000074],[16.03402716100004,39.34524176800005],[15.995396030000052,39.438768236000044],[15.958075525000083,39.47756361200004],[15.933116082000083,39.513657945000034],[15.904795769000089,39.53595612200007],[15.876231316000087,39.55145905200004],[15.867523634000065,39.56391022300005],[15.836599155000044,39.65265534100007],[15.815684441000087,39.678900458000044],[15.80640709700009,39.69550202000005],[15.78874759200005,39.79661692900004],[15.778819207000083,39.82013580900008],[15.769704623000052,39.830145575000074],[15.781911655000044,39.86859772300005],[15.774424675000091,39.89109935100004],[15.745807744060896,39.92460382764366],[15.763213033854413,39.94432746713886],[15.776528464417083,39.96533332697146],[15.84112807639957,40.003972244523425],[15.858332666519345,40.008180007801116],[15.903508449355456,39.985515212656935],[15.920251614420465,40.0040161898952],[15.951936186106082,40.00437873898761],[15.97687515176682,39.98063728268443],[15.990520172168203,39.97776985099779],[16.01616226287814,39.98696540812705],[16.02235855220539,39.98172492906218],[16.010888824559572,39.96164192023838],[16.015393219321595,39.94835944892941],[16.049956208811977,39.91559821788343],[16.068918612004325,39.90668830522111],[16.197392738683902,39.91451057150567],[16.214904945506817,39.92903449754402],[16.23202164578231,39.93624152862361],[16.262717447951843,39.94218513273768],[16.303059246187274,39.93717536664985],[16.330810712044695,39.92108039514409],[16.33887467742443,39.90970954525926],[16.359858565020716,39.90536994586631],[16.355683760097463,39.92725471223514],[16.345290692711274,39.932550122789905],[16.35550797861032,39.9485681896702],[16.365285810791534,39.974869460057505],[16.383742842658023,39.99337043729582],[16.388686691137877,40.00871833838056],[16.38807145683228,40.03559089770175],[16.40672624242211,40.07052742240262],[16.41028581303982,40.108199543574074],[16.41758073486301,40.12928230803209],[16.435246750936813,40.13530281587225],[16.44999040383408,40.124371418805936],[16.47934587441256,40.12641487634545],[16.527290212073638,40.121372151003925],[16.558908865251908,40.12679939767406],[16.621135429856167,40.122668538122525],[16.640048698588544,40.11874851563147]]]},"properties":{"name":"Calabria"}},{"type":"Feature","geometry":{"type":"MultiPolygon","coordinates":[[[[15.646651419391926,40.046931666694626],[15.610199415000068,40.07318756700005],[15.53492272200009,40.077785549000055],[15.513127170000075,40.067680206000034],[15.49531187100007,40.04671893700004],[15.459808790000068,40.029364325000074],[15.429601880000064,39.99979266000008],[15.410099591000062,39.99396986000005],[15.360943483000085,39.998890575000075],[15.343159872000058,40.00414865200008],[15.314300977000073,40.03375885600008],[15.302744988000086,40.03620026200008],[15.283050977000073,40.02985260600008],[15.261241082000083,40.03620026200008],[15.279144727000073,40.04767487200007],[15.26343834700009,40.07371653900009],[15.233897332000083,40.10000234600005],[15.189952019000089,40.119126695000034],[15.127207879000082,40.169623114000046],[15.112803582000083,40.17479075700004],[15.065684441000087,40.16657135600008],[15.03492272200009,40.17536041900007],[15.02280382400005,40.195626867000044],[15.003122129000076,40.210258570000065],[14.975904024000045,40.219313312000054],[14.957087508000086,40.231549930000085],[14.93813785900005,40.22783932200008],[14.911143425000091,40.24164459800005],[14.906911655000044,40.25861237200007],[14.931895379000082,40.28554922100005],[14.93913821700005,40.307074286000045],[14.932383660000085,40.33372630400004],[14.953949415000068,40.339911200000074],[14.972911004000082,40.351996161000045],[14.994489870000052,40.35843381300003],[15.000432928000066,40.36882818300006],[14.998266587000046,40.39755866100006],[14.97592207100007,40.43146393400008],[14.888845248000052,40.57306549700007],[14.861501498000052,40.60716380400004],[14.835459832000083,40.63263580900008],[14.809743686000047,40.65298086100006],[14.781993035000085,40.66986725500004],[14.752207879000082,40.67670319200005],[14.719981316000087,40.66681549700007],[14.690440300000091,40.64911530200004],[14.678070509000065,40.64663320500006],[14.625743035000085,40.64907461100006],[14.613291863000086,40.64590078300006],[14.571299675000091,40.61774323100008],[14.544200066000087,40.61359284100007],[14.516368035000085,40.61985911700009],[14.486582879000082,40.63263580900008],[14.471364780000044,40.624660549000055],[14.422048373000052,40.61554596600007],[14.401540561000047,40.60211823100008],[14.355804884000065,40.583644924000055],[14.342621290000068,40.57062409100007],[14.32984459700009,40.58445872600004],[14.327972852000073,40.60541413000004],[14.337738477000073,40.62441640800006],[14.359629754000082,40.63263580900008],[14.379730665000068,40.63385651200008],[14.398213357000088,40.64384157400008],[14.404798645000085,40.65603259200009],[14.444210811000062,40.68598713600005],[14.476369627000054,40.69510212700004],[14.479746941000087,40.71149323100008],[14.474131707000083,40.729681708000044],[14.46062259200005,40.744208075000074],[14.442637566000087,40.755072333000044],[14.421290079000073,40.750930081000035],[14.39443265300008,40.76156623900005],[14.366608709000047,40.78017824600005],[14.312347852000073,40.828111070000034],[14.294200066000087,40.838771877000056],[14.248383009000065,40.83771393400008],[14.223643425000091,40.831366278000075],[14.212738477000073,40.820746161000045],[14.203461134000065,40.801214911000045],[14.182202959000051,40.80091803100004],[14.165596632000074,40.81575233700005],[14.135233189000076,40.81855425300006],[14.095957879000082,40.83380768400008],[14.076182488000086,40.82221100500004],[14.081228061000047,40.79710521000004],[14.075281919000076,40.786277590000054],[14.04769740100005,40.78958927300005],[14.041151478000074,40.79648412900008],[14.052256707000083,40.837591864000046],[14.044464903000062,40.87420513200004],[14.021343774000059,40.921828936000054],[13.965342644000089,40.99640534100007],[13.930186394000089,41.01414622600004],[13.917979363000086,41.02366771000004],[13.910655144000089,41.06464264500005],[13.884318292000046,41.104799842000034],[13.851725251000062,41.14731569400004],[13.79049088000005,41.205864029000054],[13.74366407134597,41.23760326943394],[13.770820379656755,41.24921765317214],[13.804921944092428,41.25373303405223],[13.822500069422631,41.28058362113717],[13.8466699924262,41.288021366093176],[13.866994700345117,41.30558850530525],[13.872575755366825,41.3354054009385],[13.869477610703143,41.358147100708095],[13.87536628242799,41.39359998285289],[13.859699777622609,41.4192310874447],[13.865896066949915,41.427701546389244],[13.896811595978363,41.43582044325882],[13.911533275740055,41.44359876417161],[13.938252026709677,41.46441785639894],[13.96180671540759,41.47070203646979],[13.984614333684533,41.46101209503212],[14.02559333936108,41.403773323380165],[14.039282304234916,41.394577766250904],[14.088259356783851,41.38874402601596],[14.109089436028626,41.39268811796222],[14.105837483013431,41.418758675372544],[14.083315509203373,41.43767713319312],[14.08298591936466,41.4546290380996],[14.099729084429669,41.46982313083282],[14.120866780377582,41.4956629752661],[14.163713461207237,41.490719127685566],[14.222512292208478,41.49480604186533],[14.266457606433391,41.48517103101824],[14.295131923299607,41.46940565025051],[14.328969815504593,41.457002084578505],[14.370058684160938,41.44599378378609],[14.433669526627341,41.425691049002694],[14.461948336046873,41.42305432939378],[14.474802340655458,41.41496839177785],[14.495940036603372,41.39039197520947],[14.525866795216416,41.38811780469291],[14.555683690849662,41.389359260321555],[14.578315527639461,41.37261609525655],[14.602353614527658,41.37311048046428],[14.66616221071746,41.40409192710075],[14.732871197847487,41.405487190181645],[14.758776960788111,41.41636365575806],[14.775717879576462,41.44264295390917],[14.79261485299304,41.44344495582004],[14.827024033232533,41.425691049002694],[14.851743272933675,41.43100843179366],[14.881186633356435,41.44220350019134],[14.936799428051131,41.45495862793831],[14.995290641449913,41.482072886354615],[15.05068371018507,41.46070447742966],[15.07239269506681,41.43809461377538],[15.093640254893842,41.43023938823717],[15.099682735869578,41.41907727909313],[15.101858028625088,41.39060071505094],[15.085576289514108,41.38031751154392],[15.06665783169359,41.358454718310554],[15.071931269112781,41.3354054009385],[15.091464961238955,41.32125500921126],[15.116777463009498,41.31571789956138],[15.128247189755996,41.30770886657092],[15.143452268607291,41.274618044786905],[15.1672266832648,41.27941907013394],[15.178696410011298,41.28905408098103],[15.252063112422661,41.258830690883656],[15.267575807977153,41.237868775523566],[15.24648205740101,41.22884899988139],[15.25331555416949,41.21443493682284],[15.247580689896893,41.20151501460623],[15.231606568388429,41.19092419439602],[15.203020141366437,41.165699583369076],[15.208930786226802,41.14942883127554],[15.25533703857343,41.127675900122654],[15.275068484423002,41.105911983751014],[15.287614871429184,41.10250622148493],[15.382558722606973,41.097496456296426],[15.40152112579932,41.10531872168161],[15.411760383934563,41.10392345860072],[15.455376108320706,41.079358027251146],[15.558559706365315,41.05512218663955],[15.576247694675374,41.026590692006835],[15.577939589240657,41.01103405018125],[15.555153944099231,40.971713980715606],[15.544035779427645,40.94394054172261],[15.523930798367644,40.92419810975491],[15.489257945897464,40.90747691782548],[15.470866831638943,40.9017969859421],[15.369221319808048,40.898951526491715],[15.360849737725175,40.87608897672487],[15.365815558441227,40.843866075359074],[15.36208020633643,40.834461778388345],[15.344260381911056,40.820684921871646],[15.368913703104909,40.80218394463333],[15.364870733397595,40.79237315319841],[15.372319464471673,40.7685987385409],[15.373725714570071,40.74167124683055],[15.378515753798979,40.72939951817318],[15.395786262426043,40.70925059174141],[15.420901009573925,40.69518809075777],[15.435161264280907,40.67943369610816],[15.458166635381929,40.66894175186036],[15.479853648027415,40.66540415437822],[15.48947767185706,40.653747660026454],[15.480952281422617,40.64082773780984],[15.462802866259267,40.63184092052205],[15.445598276139492,40.60566050013193],[15.455837534274792,40.595300391999444],[15.483281382529754,40.589719336977794],[15.517580700688768,40.56470346669164],[15.539597303172968,40.520011082045755],[15.534939100059432,40.49396249777101],[15.550913221567896,40.47085824890905],[15.576401503926263,40.45747690073836],[15.59219984394764,40.43329599161672],[15.622807755373572,40.42341928167451],[15.656140276252756,40.39420663422874],[15.683781879130379,40.38906503292492],[15.706259906669345,40.374310393010205],[15.711225727385397,40.33133187606518],[15.716960590758617,40.31844491310221],[15.748469380957147,40.30019662107719],[15.785427390062011,40.268863612365806],[15.790547020028953,40.25185677507011],[15.775451804157399,40.219820641309525],[15.757148580642479,40.21074593417751],[15.739636372920245,40.19677132393741],[15.723925923642469,40.19088265221262],[15.698195942188988,40.16922859882078],[15.693999164130105,40.16204353907807],[15.697119281929304,40.14266365620273],[15.693076313121367,40.13052376276141],[15.668532854907312,40.097290118743956],[15.649768205438306,40.080810625909635],[15.662951799885661,40.06101326245209],[15.646651419391926,40.046931666694626]]],[[[13.94467207100007,40.701605536000045],[13.919769727000073,40.70449453300006],[13.890147332000083,40.69415924700007],[13.849131707000083,40.715277411000045],[13.861501498000052,40.74404531500005],[13.870127800000091,40.74872467700004],[13.862803582000083,40.76239655200004],[13.883148634000065,40.76239655200004],[13.946299675000091,40.74518463700008],[13.965830925000091,40.73505280200004],[13.965830925000091,40.715277411000045],[13.94467207100007,40.701605536000045]]]]},"properties":{"name":"Campania"}},{"type":"Feature","geometry":{"type":"Polygon","coordinates":[[[13.74366407134597,41.23760326943394],[13.721853061000047,41.252386786000045],[13.708506707000083,41.25641510600008],[13.663340691000087,41.25067780200004],[13.656586134000065,41.25958893400008],[13.594411655000044,41.253119208000044],[13.563649936000047,41.237982489000046],[13.575450066000087,41.20807526200008],[13.534434441000087,41.20807526200008],[13.514414910000085,41.229681708000044],[13.49968509200005,41.22174713700008],[13.48023522200009,41.239162502000056],[13.324392123000052,41.29482656500005],[13.285817905000044,41.29572174700007],[13.20484459700009,41.28375885600008],[13.187022332000083,41.27802155200004],[13.151215040000068,41.260199286000045],[13.114512566000087,41.250881252000056],[13.090505405000044,41.226548570000034],[13.068207227000073,41.22174713700008],[13.04460696700005,41.22752513200004],[13.033457879000082,41.25690338700008],[12.992686394000089,41.315619208000044],[12.979502800000091,41.33100006700005],[12.923838738000086,41.379787502000056],[12.893565300000091,41.399318752000056],[12.862152540000068,41.41351959800005],[12.84156334700009,41.418402411000045],[12.762950066000087,41.42137278900009],[12.748545769000089,41.42373281500005],[12.678558790000068,41.45795319200005],[12.65398196700005,41.46564362200007],[12.635264519000089,41.44749583500004],[12.619395379000082,41.45913320500006],[12.545583530000044,41.544134833000044],[12.448008660000085,41.63076406500005],[12.342784050000091,41.70229726800005],[12.327159050000091,41.711371161000045],[12.300629102000073,41.71743398600006],[12.285004102000073,41.72719961100006],[12.239024285000085,41.73627350500004],[12.223480665000068,41.75067780200004],[12.215179884000065,41.76813385600008],[12.211192254000082,41.807928778000075],[12.206228061000047,41.827337958000044],[12.194590691000087,41.847357489000046],[12.170176629000082,41.87958405200004],[12.147471550000091,41.90346914300005],[12.049978061000047,41.960150458000044],[12.029795769000089,41.97284577000005],[12.020355665000068,41.993068752000056],[11.98218834700009,41.99974192900004],[11.969004754000082,42.011419989000046],[11.934580925000091,42.03148021000004],[11.916840040000068,42.03790924700007],[11.839691602000073,42.036444403000075],[11.82748457100007,42.03416575700004],[11.809418165000068,42.06635163000004],[11.793630405000044,42.08445872600004],[11.779795769000089,42.09251536700003],[11.771983269000089,42.10626862200007],[11.750173373000052,42.12791575700004],[11.736175977000073,42.16889069200005],[11.682139519000089,42.25214264500005],[11.658213738000086,42.279364325000074],[11.539073113000086,42.348863023000035],[11.489268425000091,42.359361070000034],[11.451496463502611,42.3743712803365],[11.471931132415818,42.418569504578954],[11.498144512059582,42.434049241779064],[11.590166000060833,42.44195939790785],[11.601811508294475,42.44738664457799],[11.609545883835438,42.47462175299148],[11.607853989270154,42.487332934467304],[11.571203596868486,42.51099748614507],[11.570588362562887,42.52479631489797],[11.585529769183495,42.53590349345143],[11.58816648789309,42.56613786966693],[11.605832504866214,42.56843401241969],[11.620554184627906,42.56013933406297],[11.671157214134098,42.5770363074796],[11.693832996295725,42.59828386640726],[11.735229481655267,42.61615862322185],[11.756059560899985,42.644525323384926],[11.786909171421087,42.65124895717361],[11.789853507733199,42.67109026600298],[11.786755363069517,42.70033587270234],[11.792182608840335,42.71751849058586],[11.807893059017431,42.738348569830634],[11.785832511161459,42.75969500562002],[11.773879386224678,42.78064593396266],[11.747226552863083,42.79847674540548],[11.764738760585317,42.81873553571637],[11.783811026757462,42.818966248693414],[11.795808097965335,42.81139666762209],[11.808046867369,42.81335223441806],[11.832700188562853,42.83257830894178],[11.889016109206068,42.85038714814834],[11.933093259546297,42.79110491895682],[11.948144529146703,42.776306334569654],[11.970358885354244,42.7650343615465],[11.973918455971955,42.75597064053261],[11.956669920480408,42.73656878452175],[11.937597654308263,42.728658627493644],[11.930302731585755,42.709102963131215],[11.9596142558932,42.68462542252519],[11.985563964205596,42.67542986629525],[12.019863282364554,42.64842546995942],[12.033662110218188,42.646030450344995],[12.06420410403615,42.655687433428284],[12.09852539443142,42.660708185634235],[12.128737797511349,42.65734636873992],[12.146008306138413,42.67225481700615],[12.156555181876115,42.67542986629525],[12.204499519537194,42.6545558416787],[12.21974854376026,42.655072199122685],[12.23583252824858,42.64757952267678],[12.245236826118628,42.619806084583104],[12.245478525213741,42.585517753441536],[12.259123544715806,42.5656434844592],[12.271538096505935,42.56610491041329],[12.280217296191267,42.51040422497499],[12.300673839326237,42.48991472168706],[12.319021008212928,42.498022632438506],[12.34283936824221,42.49192521997293],[12.393596206100028,42.462503832685684],[12.417370621656858,42.441486985835695],[12.416733414215685,42.43074235637465],[12.451516130564983,42.421030441801406],[12.431059586530694,42.393092208338714],[12.463930681455793,42.38681901528531],[12.503964862988028,42.39058732574449],[12.516225605527268,42.387159591242096],[12.528354511951136,42.369504561286476],[12.57627687737596,42.390224776652076],[12.592602561858712,42.40100236536682],[12.611674828030857,42.433796555666504],[12.608093285176949,42.452341478276594],[12.612136253984943,42.46311906699134],[12.62964846170712,42.46237199657037],[12.643491235831846,42.44562883150536],[12.665661646667672,42.44345353874979],[12.698884303667683,42.447562425165756],[12.722153347898654,42.454000414487496],[12.727580594568792,42.46314103922754],[12.716110866922975,42.48960710498386],[12.721384305241486,42.496264820265196],[12.755222196547095,42.50029680295506],[12.780029326991837,42.52707048541453],[12.869436068519747,42.55941423677757],[12.880114779473502,42.56468767419676],[12.879191928464707,42.59031877878857],[12.901977573606132,42.609599784802185],[12.9879785528679,42.6079957809805],[13.003776893788597,42.61233538127283],[13.017575722541551,42.63156145579654],[13.059345743111521,42.62375017652943],[13.090810588837599,42.63072649463197],[13.112409710739541,42.644272638171685],[13.153850141470855,42.64509661231875],[13.174482466992231,42.6768251293762],[13.189050338402353,42.693985775023464],[13.183315475029133,42.71516741634315],[13.194477585072491,42.73460223160765],[13.242268113482623,42.73558001500567],[13.26791020419256,42.74462176288404],[13.282478076502002,42.739513119934486],[13.31167973782965,42.719254330522915],[13.3375635276347,42.68765764958084],[13.338332570291868,42.670156427976735],[13.351823782341683,42.65662127145447],[13.386298881088464,42.644426446523255],[13.386452689440034,42.63083635851109],[13.368940481717857,42.585979178496245],[13.338024953588729,42.57456438323965],[13.286037647119713,42.57223528213257],[13.258747606316945,42.579651053952944],[13.230644578384556,42.580090506771455],[13.186106002090298,42.58691301652249],[13.174306685505144,42.55738176535618],[13.167956587826268,42.55140520288779],[13.146093793693638,42.548691579552724],[13.135349164232537,42.538287526947784],[13.144028363917869,42.52577409829598],[13.1634741653005,42.51233781863539],[13.164704633911697,42.48014787562391],[13.148730512403233,42.464898852300166],[13.131789593614826,42.45484636177014],[13.128537640599632,42.445266282413],[13.132404827920482,42.42638078384607],[13.1418750433985,42.4153175515637],[13.178349654313081,42.39994767734339],[13.175097701297886,42.38739030421914],[13.159431196492505,42.36723039076992],[13.156025435125741,42.349355634854646],[13.163320356948873,42.338556073903646],[13.199751022491682,42.32341691266038],[13.214516647625146,42.30723405131039],[13.223042038958909,42.278241129824266],[13.250178270510787,42.25669693941222],[13.267119189299137,42.23359269055021],[13.280764208801202,42.225177163095566],[13.299990284224236,42.22158463412353],[13.309504444174763,42.21380631321074],[13.316953175248841,42.19690933979416],[13.335388234879133,42.19178971072654],[13.361755422874467,42.18982315781244],[13.354614309402848,42.17866104776914],[13.3172607928513,42.17267349918262],[13.305417529994997,42.16745499325333],[13.302165576979803,42.13756119299461],[13.284653369257569,42.13143082127533],[13.260769090720942,42.13861588011878],[13.233896531399807,42.12905777479642],[13.207705123992241,42.13613297066007],[13.17307621689389,42.15298599870488],[13.142380414724357,42.1587208620781],[13.098764690338157,42.17365128258058],[13.089558147090827,42.170553137916954],[13.073298381115364,42.14125259972769],[13.051281778631164,42.12546524492507],[13.013708534321381,42.10845840852869],[13.0119946675199,42.099032138422444],[13.016960488235952,42.054647371379076],[13.028430214982393,42.03192764384568],[13.049106484976278,42.023193512670446],[13.082285197503836,42.01888687163182],[13.097050823536676,42.0236659247426],[13.280148974495546,41.94681655723832],[13.30666997174177,41.94606948681735],[13.330752004001795,41.927107083625],[13.353230032440024,41.91919692659684],[13.370170950329054,41.90310195509113],[13.355383352060016,41.87154921952083],[13.355383352060016,41.833932030738595],[13.366853079705834,41.82768080992139],[13.40521733890904,41.83160292963146],[13.501435604069854,41.795952292864],[13.529340878278902,41.77078261422622],[13.545205136807624,41.768200827006524],[13.578845275289211,41.769903708589254],[13.599191955444383,41.777989646205185],[13.631909242017912,41.803368064684435],[13.646630921779604,41.81052016517344],[13.714812077515376,41.79478774276009],[13.730148991582666,41.78003310284538],[13.74425543793808,41.75461073899436],[13.773610907617297,41.747579488502595],[13.79391364240064,41.753523092616604],[13.810656807465705,41.74918349232428],[13.84295661345692,41.73378065974964],[13.872773509090166,41.73066054284976],[13.891845775262311,41.72365126549346],[13.945700757783754,41.688176410213146],[13.96769538713238,41.667434221711915],[13.992568435185149,41.62828993373341],[13.994260329750375,41.58301527313631],[14.006059647234906,41.56283338745084],[14.010080642907326,41.52894056465533],[14.005576248145303,41.51938245843371],[13.980878981579735,41.504342174951375],[13.982021560346709,41.48651136350861],[13.96180671540759,41.47070203646979],[13.938252026709677,41.46441785639894],[13.911533275740055,41.44359876417161],[13.896811595978363,41.43582044325882],[13.865896066949915,41.427701546389244],[13.859699777622609,41.4192310874447],[13.87536628242799,41.39359998285289],[13.869477610703143,41.358147100708095],[13.872575755366825,41.3354054009385],[13.866994700345117,41.30558850530525],[13.8466699924262,41.288021366093176],[13.822500069422631,41.28058362113717],[13.804921944092428,41.25373303405223],[13.770820379656755,41.24921765317214],[13.74366407134597,41.23760326943394]]]},"properties":{"name":"Lazio"}},{"type":"Feature","geometry":{"type":"MultiPolygon","coordinates":[[[[11.451496463502611,42.3743712803365],[11.420664910000085,42.38662344000005],[11.39616946700005,42.39297109600005],[11.39616946700005,42.400376695000034],[11.37663821700005,42.40688711100006],[11.362071160000085,42.400376695000034],[11.333018425000091,42.40058014500005],[11.259043816000087,42.42084381700005],[11.227386915000068,42.42218659100007],[11.211273634000065,42.41889069200005],[11.20093834700009,42.39545319200005],[11.174652540000068,42.36933014500005],[11.15593509200005,42.36627838700008],[11.13453209700009,42.38418203300006],[11.106618686000047,42.39126211100006],[11.094493035000085,42.40273672100005],[11.08694107100007,42.429456508000044],[11.099131707000083,42.44285716400009],[11.113021206000042,42.44635807800006],[11.141815527000063,42.43879721600007],[11.164190816000087,42.43982808100009],[11.179691769000044,42.45649774900005],[11.18844752800004,42.480267455000046],[11.18685957100007,42.520819403000075],[11.166026238000086,42.546210028000075],[11.158457879000082,42.56403229400007],[11.12867272200009,42.55805084800005],[11.115977410000085,42.571966864000046],[11.09742272200009,42.60687897300005],[11.080902540000068,42.61269765800006],[11.07781009200005,42.63222890800006],[11.053477410000085,42.64704010600008],[11.005707227000073,42.66791413000004],[10.99000084700009,42.710272528000075],[10.97234134200005,42.720038153000075],[10.943614129000082,42.74298737200007],[10.890879754000082,42.76390208500004],[10.731293165000068,42.80442942900004],[10.755381707000083,42.81915924700007],[10.764903191000087,42.835272528000075],[10.765635613000086,42.87710195500006],[10.777679884000065,42.89472077000005],[10.772959832000083,42.90814850500004],[10.750743035000085,42.92527903900009],[10.68140709700009,42.94904205900008],[10.63249759200005,42.95848216400009],[10.583262566000087,42.95970286700003],[10.539073113000086,42.94912344000005],[10.54656009200005,42.934759833000044],[10.518565300000091,42.92527903900009],[10.499522332000083,42.94049713700008],[10.477549675000091,42.99005768400008],[10.502696160000085,43.005560614000046],[10.517100457000083,43.02391185100004],[10.539073113000086,43.079413153000075],[10.535655144000089,43.112616278000075],[10.539317254000082,43.13418203300006],[10.54656009200005,43.14712148600006],[10.538340691000087,43.16425202000005],[10.534434441000087,43.18528880400004],[10.53288821700005,43.226223049000055],[10.528168165000068,43.24677155200004],[10.51693769600007,43.266791083000044],[10.437022332000083,43.38857656500005],[10.373383009000065,43.453192450000074],[10.35914147200009,43.465277411000045],[10.326345248000052,43.47687409100007],[10.317230665000068,43.492621161000045],[10.294769727000073,43.56854889500005],[10.264008009000065,43.80939362200007],[10.25163821700005,43.84662506700005],[10.210134311000047,43.92023346600007],[10.180674675000091,43.95526764500005],[10.13648522200009,43.97870514500005],[10.105804884000065,44.01675039300005],[10.07203209700009,44.02952708500004],[10.028458440713065,44.04925549510206],[10.036259690832026,44.06640892323321],[10.056892015454139,44.094446033557574],[10.026811448489525,44.11425438403256],[9.99451164249831,44.11524315354865],[9.981635664754094,44.13115135654982],[9.981481856402524,44.1500698143704],[9.95405998038376,44.16433006907738],[9.920200115942578,44.163451162541094],[9.896953044847123,44.168878409211175],[9.908268963242051,44.19131249227769],[9.902226482266315,44.1998818280839],[9.880451578877228,44.20257347918272],[9.871772380091272,44.19014794127446],[9.85891837548263,44.18831322447568],[9.85937980143666,44.209890373242104],[9.85364493806344,44.22866600882924],[9.852084878714152,44.252594232737636],[9.837824624906489,44.26262475103141],[9.751845616981598,44.30555932260461],[9.716293857975131,44.32988305395975],[9.689772860728908,44.35765649295274],[9.691486728429766,44.37279565329675],[9.743627843250351,44.38566064402346],[9.753845129149397,44.392065673192235],[9.762062902880643,44.40938012719107],[9.835649331251602,44.47625390879085],[9.866345133421135,44.482966555562086],[9.896645427244664,44.479505862705366],[9.935559003145443,44.47038720930226],[9.989853439384717,44.448041017878666],[9.998225021467533,44.44089990350773],[10.00009269751996,44.42560693481215],[9.986909103072662,44.4194106454849],[9.991259688583739,44.40656762699439],[10.052233812340546,44.36922509656091],[10.072602465631292,44.35213036942099],[10.085456470239876,44.34897729326747],[10.121799245039142,44.348197263592795],[10.169238211374363,44.32644433333928],[10.199362724610012,44.318281491097935],[10.229333428594828,44.28148827646277],[10.249020929072628,44.26985375524657],[10.287824641993609,44.28238915523531],[10.350974058505983,44.274918451924975],[10.371276793289383,44.263547602040205],[10.400170837014514,44.23588402692627],[10.416452576125494,44.23135765992805],[10.471230410554995,44.2245900807676],[10.483930605912747,44.186808097515666],[10.522272892879698,44.155497061040535],[10.570393012027864,44.12562523391739],[10.610537056539897,44.125702137643486],[10.629982857922528,44.14919090873343],[10.649824167651218,44.15782616304699],[10.707392529141885,44.16201195408837],[10.73395747086056,44.15467308599409],[10.801281692296243,44.11763817316313],[10.83461421317537,44.10821190305688],[10.855598100771715,44.094599841909144],[10.876669879111603,44.088469470189864],[10.890007281910528,44.078603747265106],[10.923229939809858,44.067957995564996],[10.961901815716203,44.10224632670656],[10.985302696062547,44.12588890524876],[10.990729941833308,44.13999535160417],[11.009692345025712,44.13978661086338],[11.01538326302716,44.12803123964994],[11.001276817571068,44.11266136632895],[11.007934532852403,44.10412498887712],[11.041486779691127,44.09180931484798],[11.19758053611281,44.105036853767785],[11.22937497077828,44.10270775266065],[11.254226045695418,44.11224388574669],[11.247568330414083,44.12306541893389],[11.206435516385966,44.136062245775975],[11.196350066602292,44.150487294952654],[11.2036449893248,44.15880394554563],[11.291118137192257,44.170790030635374],[11.342028783401645,44.208725823138195],[11.375712867255004,44.21172509004083],[11.391994605466664,44.232445306305806],[11.402541481204366,44.23492821666383],[11.431896950883583,44.227116936497396],[11.44940915860576,44.20443016821764],[11.495969219304015,44.16647240347862],[11.5172607236035,44.16205589946014],[11.551054670436656,44.162682119883925],[11.571840804309659,44.17369042067634],[11.604118637165357,44.162528311532355],[11.610798324682946,44.152289053397055],[11.590166000060833,44.1353701068449],[11.603349594508188,44.12325218653916],[11.63426512263726,44.1178249407684],[11.65379881476349,44.11885765565626],[11.692141101730442,44.1305580953798],[11.731669911936876,44.13271141589911],[11.747226552863083,44.12164818271742],[11.730571278541674,44.09570946142247],[11.720200184291059,44.07023216518223],[11.7033032117738,44.053181383414085],[11.695239246394067,44.03839378514505],[11.677353503461404,44.023023911824055],[11.655644517680344,44.02092552279464],[11.650700670099809,43.990855941048835],[11.65999510409074,43.980517806051864],[11.683132312206453,43.965587385549384],[11.687900378299787,43.934627912048484],[11.708576649192992,43.919598614684276],[11.708884265896131,43.88483787057123],[11.732592762945615,43.868589090713954],[11.784887687017147,43.84745139476604],[11.809277336879575,43.826423561797924],[11.829602043899172,43.820842506776216],[11.875524897156254,43.81738181391955],[11.918833004839314,43.8035280536767],[11.935729978255893,43.79542014292525],[11.968601073180992,43.77313986910963],[12.067763674653861,43.75433127426885],[12.080222170916443,43.75417746591728],[12.125332036144528,43.764153051821836],[12.150974126854464,43.7594948487083],[12.17531983134512,43.74456442820576],[12.196589363408407,43.747772435849186],[12.20667481229276,43.758879614402645],[12.223571785709339,43.764361792562624],[12.244863290908143,43.76146140162234],[12.268110362003597,43.771382056037055],[12.28584229568537,43.76886618642533],[12.30552979706249,43.75861594217196],[12.357626966511305,43.72260275721146],[12.354375013496053,43.711133030464964],[12.334050305577136,43.689116427980764],[12.313593761542847,43.69221457264439],[12.309880382573567,43.7240968980534],[12.296960460356956,43.723998021191676],[12.285007335420175,43.697509983199154],[12.277734385833242,43.68968771691459],[12.249938974603992,43.68242575344573],[12.226823738724534,43.66526510869778],[12.195820319851862,43.65335592823345],[12.193491218744725,43.64416037200357],[12.204807137139653,43.61682638582903],[12.15376465391563,43.54840353189746],[12.13748291570397,43.531605435342556],[12.101469730743474,43.522717495815755],[12.098041996241136,43.5108852199769],[12.122541508184042,43.500547084979985],[12.134077153437886,43.4888136860028],[12.127507328900094,43.474762172036606],[12.103315433660327,43.4646327768811],[12.077541506835075,43.44293477811749],[12.057392580403246,43.43735372309584],[12.037067872484329,43.416523643851065],[12.048867189069483,43.41151387866256],[12.073652346378651,43.411195274941974],[12.074443362171394,43.3803786227752],[12.080837405222042,43.37187520457701],[12.12084961361876,43.36293233356031],[12.132626957967716,43.35725240167699],[12.136252446193396,43.34050923661198],[12.138713384315224,43.299991656889404],[12.152204595465719,43.295750934358125],[12.177011725910404,43.29859639380851],[12.187910163723075,43.31388936250403],[12.20280762497191,43.317767536842325],[12.215354011978036,43.30014546614035],[12.213178719222526,43.29104878587276],[12.158400884792968,43.262682085709685],[12.126892094594496,43.260616655933916],[12.09215332361697,43.24467549277972],[12.049636232626028,43.25560688984609],[12.037375490086788,43.25467305181985],[12.022961427028235,43.241884965718555],[12.012216797567135,43.200466507223496],[11.9929907221441,43.18645893772975],[11.96519531091485,43.18013081318645],[11.944562986292794,43.167903029001536],[11.922722165295681,43.13756977592442],[11.91775634457963,43.12243061558041],[11.926127926662446,43.09380024318665],[11.92751220452459,43.07638691232614],[11.941772458332252,43.063774606812615],[11.957746580740093,43.07453022329116],[11.968908689884131,43.069102976621025],[11.977807616428322,43.04636127685143],[11.976093748727521,43.02843158854694],[11.968601073180992,43.01065570859407],[11.951704099764356,42.98995746546461],[11.932170407638182,42.9272035572983],[11.934345700393749,42.9152833907159],[11.946430662345165,42.907867618895466],[11.951396482161897,42.893299747485344],[11.936982419103344,42.874337344293],[11.889016109206068,42.85038714814834],[11.832700188562853,42.83257830894178],[11.808046867369,42.81335223441806],[11.795808097965335,42.81139666762209],[11.783811026757462,42.818966248693414],[11.764738760585317,42.81873553571637],[11.747226552863083,42.79847674540548],[11.773879386224678,42.78064593396266],[11.785832511161459,42.75969500562002],[11.807893059017431,42.738348569830634],[11.792182608840335,42.71751849058586],[11.786755363069517,42.70033587270234],[11.789853507733199,42.67109026600298],[11.786909171421087,42.65124895717361],[11.756059560899985,42.644525323384926],[11.735229481655267,42.61615862322185],[11.693832996295725,42.59828386640726],[11.671157214134098,42.5770363074796],[11.620554184627906,42.56013933406297],[11.605832504866214,42.56843401241969],[11.58816648789309,42.56613786966693],[11.585529769183495,42.53590349345143],[11.570588362562887,42.52479631489797],[11.571203596868486,42.51099748614507],[11.607853989270154,42.487332934467304],[11.609545883835438,42.47462175299148],[11.601811508294475,42.44738664457799],[11.590166000060833,42.44195939790785],[11.498144512059582,42.434049241779064],[11.471931132415818,42.418569504578954],[11.451496463502611,42.3743712803365]]],[[[10.89584394600007,42.386704820000034],[10.913460071000088,42.37524135100006],[10.92730742000009,42.35330133300005],[10.929557895000073,42.340560131000075],[10.939764452000077,42.33065971000008],[10.92333095500004,42.31872803200008],[10.908946160000085,42.32526276200008],[10.87170165100008,42.35405211200003],[10.861827019000089,42.36627838700008],[10.876368251000088,42.37443936400007],[10.875824415000068,42.386786200000074],[10.89584394600007,42.386704820000034]]],[[[10.443369988000086,42.84544505400004],[10.431162957000083,42.82786692900004],[10.436696811000047,42.80442942900004],[10.420258009000065,42.77643463700008],[10.388845248000052,42.76349518400008],[10.40796959700009,42.75726959800005],[10.42514082100007,42.74079010600008],[10.430674675000091,42.72211334800005],[10.410980665000068,42.717962958000044],[10.381358269000089,42.72256094000005],[10.364268425000091,42.74982330900008],[10.337901238000086,42.764837958000044],[10.325043165000068,42.764837958000044],[10.313731316000087,42.74298737200007],[10.304535352000073,42.759751695000034],[10.26539147200009,42.744574286000045],[10.245371941000087,42.75726959800005],[10.24000084700009,42.741888739000046],[10.229665561000047,42.73541901200008],[10.147227410000085,42.73729075700004],[10.124847852000073,42.74310944200005],[10.10678144600007,42.75739166900007],[10.101410352000073,42.78400299700007],[10.111664259000065,42.80125560100004],[10.132985873000052,42.81191640800006],[10.158213738000086,42.817287502000056],[10.189952019000089,42.81688060100004],[10.22437584700009,42.80442942900004],[10.265879754000082,42.80442942900004],[10.272146030000044,42.827337958000044],[10.326833530000044,42.826239325000074],[10.322113477000073,42.811712958000044],[10.332774285000085,42.805975653000075],[10.354665561000047,42.80817291900007],[10.358083530000044,42.81753164300005],[10.381358269000089,42.83242422100005],[10.399912957000083,42.868841864000046],[10.412364129000082,42.87335846600007],[10.43100019600007,42.864447333000044],[10.443369988000086,42.84544505400004]]],[[[9.840098504000082,43.06517161700003],[9.854810932000078,43.04427469700005],[9.842127292000043,43.024955918000046],[9.822953622000057,43.00845909000009],[9.801498481000067,43.007805218000044],[9.78459484800004,43.028441834000034],[9.806944043000044,43.06640771800005],[9.825776759000064,43.07462970800009],[9.840098504000082,43.06517161700003]]],[[[10.297048373000052,42.34487539300005],[10.315928582000083,42.34076569200005],[10.313243035000085,42.323919989000046],[10.294444207000083,42.32802969000005],[10.297048373000052,42.34487539300005]]],[[[10.091644727000073,42.595770575000074],[10.09538821700005,42.57697174700007],[10.085785352000073,42.57245514500005],[10.058604363000086,42.57599518400008],[10.050303582000083,42.58193594000005],[10.084320509000065,42.61469147300005],[10.091644727000073,42.595770575000074]]],[[[12.1993359450978,43.78046775018652],[12.182175300349797,43.78880637301569],[12.170837408819352,43.804604713936385],[12.184328619969847,43.81841452880741],[12.226691903508538,43.81444846372557],[12.239370126630035,43.79948508486876],[12.226669930372964,43.795969459622825],[12.1993359450978,43.78046775018652]]]]},"properties":{"name":"Toscana"}},{"type":"Feature","geometry":{"type":"MultiPolygon","coordinates":[[[[11.999522332000083,36.835923570000034],[12.037608269000089,36.806626695000034],[12.051524285000085,36.790350653000075],[12.053477410000085,36.767645575000074],[12.03060957100007,36.74135976800005],[11.996104363000086,36.74494049700007],[11.961192254000082,36.76520416900007],[11.937347852000073,36.788763739000046],[11.924978061000047,36.81195709800005],[11.922211134000065,36.82835521000004],[11.946136915000068,36.84170156500005],[11.987315300000091,36.82416413000004],[11.999522332000083,36.835923570000034]]],[[[12.27320397200009,37.939520575000074],[12.286957227000073,37.93854401200008],[12.31421959700009,37.94635651200008],[12.336761915000068,37.93305084800005],[12.36882571700005,37.92523834800005],[12.357676629000082,37.914048570000034],[12.342133009000065,37.91323476800005],[12.31421959700009,37.92523834800005],[12.299652540000068,37.919256903000075],[12.287771030000044,37.921535549000055],[12.27320397200009,37.939520575000074]]],[[[12.893890974058364,37.57328921541057],[12.862152540000068,37.57640208500004],[12.78093509200005,37.574204820000034],[12.697764519000089,37.56273021000004],[12.659353061000047,37.56513092700004],[12.636241082000083,37.58222077000005],[12.594737175000091,37.637884833000044],[12.57781009200005,37.652004299000055],[12.563487175000091,37.65778229400007],[12.523610873000052,37.65835195500006],[12.506195509000065,37.66551341400009],[12.489024285000085,37.68268463700008],[12.465017123000052,37.71979401200008],[12.456309441000087,37.759751695000034],[12.427012566000087,37.79702383000006],[12.42741946700005,37.80927155200004],[12.460459832000083,37.81903717700004],[12.478688998000052,37.88117096600007],[12.467784050000091,37.89712148600006],[12.464121941000087,37.91290924700007],[12.490489129000082,37.954006252000056],[12.502940300000091,37.99705638200004],[12.504161004000082,38.01121653900009],[12.492930535000085,38.02142975500004],[12.523448113000086,38.03143952000005],[12.549652540000068,38.05483633000006],[12.576345248000052,38.07172272300005],[12.608409050000091,38.06240469000005],[12.638682488000086,38.07949453300006],[12.651621941000087,38.091498114000046],[12.662445509000065,38.11627838700008],[12.704600457000083,38.11082591400009],[12.725352410000085,38.12592194200005],[12.719899936000047,38.175482489000046],[12.737803582000083,38.180975653000075],[12.760915561000047,38.180975653000075],[12.766123894000089,38.16266510600008],[12.79078209700009,38.11709219000005],[12.818369988000086,38.07794830900008],[12.828786655000044,38.06989166900007],[12.86890709700009,38.05133698100008],[12.869639519000089,38.04254791900007],[12.901133660000085,38.02806224200009],[12.944183790000068,38.032863674000055],[13.027354363000086,38.06240469000005],[13.06967207100007,38.091131903000075],[13.06617272200009,38.123032945000034],[13.054698113000086,38.141831773000035],[13.089366082000083,38.166001695000034],[13.08375084700009,38.174709377000056],[13.10092207100007,38.19009023600006],[13.12240644600007,38.19098541900007],[13.156993035000085,38.179673570000034],[13.17937259200005,38.176214911000045],[13.207204623000052,38.17609284100007],[13.230316602000073,38.18463776200008],[13.239024285000085,38.207017320000034],[13.254405144000089,38.20254140800006],[13.31023196700005,38.21954987200007],[13.323252800000091,38.217962958000044],[13.328379754000082,38.20018138200004],[13.366221550000091,38.179673570000034],[13.371918165000068,38.17279694200005],[13.373301629000082,38.140692450000074],[13.391368035000085,38.103176174000055],[13.513519727000073,38.110541083000044],[13.541270379000082,38.09406159100007],[13.539317254000082,38.07684967700004],[13.547373894000089,38.05621979400007],[13.557465040000068,38.04913971600007],[13.587087436000047,38.039129950000074],[13.62240644600007,38.01520416900007],[13.651133660000085,38.00096263200004],[13.697764519000089,37.99359772300005],[13.726735873000052,37.980902411000045],[13.79078209700009,37.97361888200004],[13.812673373000052,37.97793203300006],[13.85718834700009,37.99673086100006],[13.898285352000073,38.00446198100008],[13.938487175000091,38.02887604400007],[14.00717207100007,38.038275458000044],[14.020518425000091,38.04938385600008],[14.062510613000086,38.03021881700005],[14.083262566000087,38.02383047100005],[14.106293165000068,38.02142975500004],[14.151377800000091,38.02887604400007],[14.27320397200009,38.01512278900009],[14.331228061000047,38.018011786000045],[14.384613477000073,38.02952708500004],[14.431895379000082,38.04938385600008],[14.464121941000087,38.037176825000074],[14.511729363000086,38.04437897300005],[14.634613477000073,38.08148834800005],[14.66773522200009,38.09918854400007],[14.695974155000044,38.12103913000004],[14.73373457100007,38.15761953300006],[14.744802280000044,38.161363023000035],[14.798106316000087,38.16034577000005],[14.874034050000091,38.17568594000005],[14.907074415000068,38.18768952000005],[14.93531334700009,38.18593984600005],[14.94499759200005,38.18178945500006],[14.963063998000052,38.163397528000075],[15.007334832000083,38.15180084800005],[15.049001498000052,38.15180084800005],[15.068695509000065,38.131293036000045],[15.087901238000086,38.128241278000075],[15.122569207000083,38.141058661000045],[15.17741946700005,38.156317450000074],[15.203298373000052,38.183294989000046],[15.240733269000089,38.24115631700005],[15.245371941000087,38.217230536000045],[15.25757897200009,38.210191148000035],[15.291840040000068,38.207017320000034],[15.321055535000085,38.21088288000004],[15.399668816000087,38.23257070500006],[15.433767123000052,38.253159898000035],[15.472911004000082,38.26780833500004],[15.512868686000047,38.29759349200009],[15.52865644600007,38.30263906500005],[15.559255405000044,38.300116278000075],[15.615977410000085,38.28021881700005],[15.651621941000087,38.27529531500005],[15.642425977000073,38.26227448100008],[15.624278191000087,38.26166413000004],[15.58375084700009,38.24042389500005],[15.56967207100007,38.22695547100005],[15.55990644600007,38.19977448100008],[15.57593834700009,38.20018138200004],[15.52702884200005,38.136786200000074],[15.500336134000065,38.08494700700004],[15.392588738000086,37.97614166900007],[15.302744988000086,37.86440664300005],[15.283457879000082,37.83295319200005],[15.266286655000044,37.81191640800006],[15.241221550000091,37.79555898600006],[15.213063998000052,37.76146067900004],[15.206553582000083,37.747748114000046],[15.218597852000073,37.718085028000075],[15.216075066000087,37.69672272300005],[15.202159050000091,37.68537018400008],[15.196787957000083,37.65509674700007],[15.16382897200009,37.567694403000075],[15.115896030000044,37.52228424700007],[15.096690300000091,37.49445221600007],[15.08952884200005,37.45945872600004],[15.092051629000082,37.360541083000044],[15.096690300000091,37.34369538000004],[15.11068769600007,37.32184479400007],[15.180023634000065,37.29075755400004],[15.217458530000044,37.28497955900008],[15.236664259000065,37.274725653000075],[15.251963738000086,37.25771719000005],[15.228851759000065,37.23029205900008],[15.215830925000091,37.24469635600008],[15.192881707000083,37.23997630400004],[15.199066602000073,37.22760651200008],[15.183441602000073,37.207464911000045],[15.19467207100007,37.17633698100008],[15.21648196700005,37.15521881700005],[15.233246290000068,37.16486237200007],[15.247569207000083,37.15184153900009],[15.229177280000044,37.149644273000035],[15.23178144600007,37.13491445500006],[15.246592644000089,37.11823151200008],[15.264659050000091,37.11029694200005],[15.28882897200009,37.10838450700004],[15.303233269000089,37.101223049000055],[15.307871941000087,37.08665599200009],[15.302744988000086,37.062486070000034],[15.287933790000068,37.06899648600006],[15.283702019000089,37.04840729400007],[15.291840040000068,37.04197825700004],[15.31226647200009,37.04401276200008],[15.32943769600007,37.02773672100005],[15.332367384000065,37.01162344000005],[15.324717644000089,37.00849030200004],[15.303396030000044,37.01618073100008],[15.268077019000089,37.000433661000045],[15.263845248000052,36.98712799700007],[15.268077019000089,36.973089911000045],[15.244476759000065,36.97207265800006],[15.211680535000085,36.95648834800005],[15.174652540000068,36.94407786700009],[15.158376498000052,36.92422109600005],[15.107676629000082,36.82013580900008],[15.106618686000047,36.808579820000034],[15.094004754000082,36.79954661700009],[15.098887566000087,36.77944570500006],[15.117198113000086,36.74713776200008],[15.134938998000052,36.68768952000005],[15.134287957000083,36.67519765800006],[15.114512566000087,36.65989817900004],[15.093923373000052,36.65493398600006],[15.07357832100007,36.65912506700005],[15.055186394000089,36.67145416900007],[15.04070071700005,36.68768952000005],[15.021006707000083,36.69936758000006],[14.99781334700009,36.70221588700008],[14.982432488000086,36.68886953300006],[14.957286004000082,36.69782135600008],[14.918630405000044,36.71987539300005],[14.88217207100007,36.73065827000005],[14.846853061000047,36.726263739000046],[14.780772332000083,36.69936758000006],[14.773448113000086,36.71002838700008],[14.760915561000047,36.70620351800005],[14.744313998000052,36.71914297100005],[14.684580925000091,36.72601959800005],[14.67164147200009,36.74371979400007],[14.658946160000085,36.75381094000005],[14.600108269000089,36.77212148600006],[14.582204623000052,36.781317450000074],[14.565928582000083,36.77830638200004],[14.487315300000091,36.79336172100005],[14.475759311000047,36.80491771000004],[14.394541863000086,36.945013739000046],[14.369883660000085,36.973089911000045],[14.278819207000083,37.04401276200008],[14.208506707000083,37.08112213700008],[14.12631269600007,37.11225006700005],[14.088633660000085,37.11774323100008],[13.97632897200009,37.11029694200005],[13.938487175000091,37.09593333500004],[13.894379102000073,37.100816148000035],[13.832692905000044,37.139553127000056],[13.79460696700005,37.15184153900009],[13.75163821700005,37.15900299700007],[13.715830925000091,37.17137278900009],[13.683441602000073,37.18935781500005],[13.598806186000047,37.256740627000056],[13.569183790000068,37.273504950000074],[13.534434441000087,37.28217194200005],[13.488617384000065,37.28847890800006],[13.452647332000083,37.298814195000034],[13.42156009200005,37.31439850500004],[13.372243686000047,37.346136786000045],[13.329600457000083,37.36627838700008],[13.311289910000085,37.380845445000034],[13.278005405000044,37.39370351800005],[13.25326582100007,37.43178945500006],[13.225352410000085,37.44603099200009],[13.206065300000091,37.46393463700008],[13.18921959700009,37.46971263200004],[13.174082879000082,37.48700592700004],[13.051524285000085,37.50067780200004],[13.026377800000091,37.49323151200008],[13.010427280000044,37.50690338700008],[13.000010613000086,37.53546784100007],[12.974131707000083,37.55744049700007],[12.942637566000087,37.56850820500006],[12.893890974058364,37.57328921541057]]],[[[12.072276238000086,37.96792226800005],[12.079274936000047,37.95026276200008],[12.064789259000065,37.950832424000055],[12.047618035000085,37.96076080900008],[12.030446811000047,37.984361070000034],[12.035980665000068,37.99103424700007],[12.053558790000068,37.99241771000004],[12.064463738000086,37.98623281500005],[12.072276238000086,37.96792226800005]]],[[[14.966319207000083,38.432928778000075],[14.966319207000083,38.41868724200009],[14.993662957000083,38.40302155200004],[15.007334832000083,38.37767161700009],[14.986827019000089,38.36408112200007],[14.948252800000091,38.39642975500004],[14.945323113000086,38.41225820500006],[14.958832227000073,38.432928778000075],[14.966319207000083,38.432928778000075]]],[[[14.907725457000083,38.473944403000075],[14.899424675000091,38.481675523000035],[14.900645379000082,38.49868398600006],[14.909678582000083,38.515326239000046],[14.924815300000091,38.522365627000056],[14.957855665000068,38.52204010600008],[14.966075066000087,38.51626211100006],[14.958832227000073,38.50185781500005],[14.979340040000068,38.487534898000035],[14.979340040000068,38.48139069200005],[14.952647332000083,38.48139069200005],[14.966319207000083,38.46088288000004],[14.948741082000083,38.45091380400004],[14.92156009200005,38.468817450000074],[14.907725457000083,38.473944403000075]]],[[[14.863291863000086,38.54901764500005],[14.861664259000065,38.53929271000004],[14.82398522200009,38.55182526200008],[14.793793165000068,38.571600653000075],[14.814952019000089,38.58380768400008],[14.851410352000073,38.58490631700005],[14.86695397200009,38.58112213700008],[14.876963738000086,38.569525458000044],[14.863291863000086,38.54901764500005]]],[[[14.346446160000085,38.535142320000034],[14.342784050000091,38.54726797100005],[14.35718834700009,38.551214911000045],[14.360850457000083,38.539048570000034],[14.346446160000085,38.535142320000034]]],[[[14.576019727000073,38.57664622600004],[14.585459832000083,38.55744049700007],[14.551605665000068,38.56159088700008],[14.542491082000083,38.58685944200005],[14.563975457000083,38.58454010600008],[14.576019727000073,38.57664622600004]]],[[[15.227793816000087,38.81028880400004],[15.239268425000091,38.804022528000075],[15.224619988000086,38.77680084800005],[15.206065300000091,38.77521393400008],[15.187022332000083,38.78900788000004],[15.212087436000047,38.81045156500005],[15.227793816000087,38.81028880400004]]],[[[13.16928144600007,38.71727122600004],[13.185720248000052,38.71751536700009],[13.197438998000052,38.708319403000075],[13.176768425000091,38.693019924000055],[13.153493686000047,38.69476959800005],[13.15788821700005,38.709865627000056],[13.16928144600007,38.71727122600004]]],[[[12.859873894000089,35.87221914300005],[12.874034050000091,35.866441148000035],[12.872569207000083,35.85228099200009],[12.856944207000083,35.85228099200009],[12.845876498000052,35.86269765800006],[12.859873894000089,35.87221914300005]]],[[[12.621755405000044,35.509751695000034],[12.621267123000052,35.49233633000006],[12.61109459700009,35.48924388200004],[12.555674675000091,35.50804271000004],[12.536143425000091,35.512600002000056],[12.533864780000044,35.52163320500006],[12.612803582000083,35.515326239000046],[12.621755405000044,35.509751695000034]]]]},"properties":{"name":"Sicilia"}},{"type":"Feature","geometry":{"type":"MultiPolygon","coordinates":[[[[8.455902540000068,39.073553778000075],[8.469899936000047,39.065659898000035],[8.459320509000065,39.04979075700004],[8.463389519000089,39.04246653900009],[8.453949415000068,39.02814362200007],[8.446543816000087,38.99433014500005],[8.437022332000083,38.96718984600005],[8.421885613000086,38.96051666900007],[8.40984134200005,38.961818752000056],[8.401377800000091,38.98102448100008],[8.36491946700005,39.02948639500005],[8.34929446700005,39.062160549000055],[8.353526238000086,39.09088776200008],[8.346039259000065,39.097723700000074],[8.360362175000091,39.11815013200004],[8.385915561000047,39.10504791900007],[8.41765384200005,39.10659414300005],[8.444590691000087,39.102728583000044],[8.455902540000068,39.073553778000075]]],[[[8.305837436000047,39.19330475500004],[8.30632571700005,39.16079336100006],[8.312022332000083,39.120306708000044],[8.305837436000047,39.10455963700008],[8.290049675000091,39.098822333000044],[8.269379102000073,39.10016510600008],[8.254730665000068,39.107123114000046],[8.257334832000083,39.12441640800006],[8.232676629000082,39.14411041900007],[8.224619988000086,39.15704987200007],[8.229991082000083,39.17279694200005],[8.245290561000047,39.180975653000075],[8.290293816000087,39.18842194200005],[8.305837436000047,39.19330475500004]]],[[[8.610337184669124,38.954892976342286],[8.60328209700009,38.964911200000074],[8.580088738000086,38.96051666900007],[8.572276238000086,39.01361725500004],[8.559580925000091,39.056708075000074],[8.54428144600007,39.05125560100004],[8.52084394600007,39.06085846600007],[8.504405144000089,39.062933661000045],[8.518077019000089,39.08344147300005],[8.504405144000089,39.09088776200008],[8.482758009000065,39.08038971600007],[8.473317905000044,39.10736725500004],[8.465098504000082,39.11945221600007],[8.437998894000089,39.12848541900007],[8.435394727000073,39.16596100500004],[8.418793165000068,39.17731354400007],[8.405039910000085,39.17438385600008],[8.398692254000082,39.201157945000034],[8.380137566000087,39.20758698100008],[8.371755405000044,39.23061758000006],[8.37671959700009,39.23786041900007],[8.426442905000044,39.283270575000074],[8.432139519000089,39.30182526200008],[8.41570071700005,39.32367584800005],[8.417246941000087,39.33901601800005],[8.382090691000087,39.35968659100007],[8.374034050000091,39.37885163000004],[8.378184441000087,39.387925523000035],[8.401377800000091,39.41242096600007],[8.403819207000083,39.43585846600007],[8.386892123000052,39.46979401200008],[8.394541863000086,39.481350002000056],[8.43531334700009,39.52521393400008],[8.463389519000089,39.57684967700004],[8.455902540000068,39.58437734600005],[8.463877800000091,39.59788646000004],[8.462168816000087,39.61713288000004],[8.449717644000089,39.65884023600006],[8.446787957000083,39.70408763200004],[8.442230665000068,39.71466705900008],[8.446462436000047,39.73086172100005],[8.444021030000044,39.757025458000044],[8.459727410000085,39.76048411700009],[8.468597852000073,39.75495026200008],[8.49976647200009,39.71621328300006],[8.51693769600007,39.70213450700004],[8.538259311000047,39.69603099200009],[8.56576582100007,39.70107656500005],[8.514496290000068,39.71369049700007],[8.504405144000089,39.72150299700007],[8.506846550000091,39.73847077000005],[8.535492384000065,39.770819403000075],[8.548838738000086,39.80719635600008],[8.555186394000089,39.85268789300005],[8.545258009000065,39.878566799000055],[8.523448113000086,39.898871161000045],[8.494151238000086,39.91242096600007],[8.463063998000052,39.914129950000074],[8.435394727000073,39.89899323100008],[8.43100019600007,39.885199286000045],[8.398285352000073,39.90534088700008],[8.393565300000091,39.92047760600008],[8.401377800000091,39.94000885600008],[8.393565300000091,39.97687409100007],[8.394541863000086,39.98843008000006],[8.406504754000082,40.009833075000074],[8.407074415000068,40.02220286700009],[8.38453209700009,40.04193756700005],[8.401377800000091,40.04987213700008],[8.434825066000087,40.05101146000004],[8.459727410000085,40.05731842700004],[8.479014519000089,40.07416413000004],[8.49000084700009,40.10447825700004],[8.485118035000085,40.11810944200005],[8.467295769000089,40.14472077000005],[8.463389519000089,40.16315338700008],[8.459646030000044,40.216009833000044],[8.476410352000073,40.262152411000045],[8.476084832000083,40.29214101800005],[8.462901238000086,40.314520575000074],[8.441254102000073,40.33144765800006],[8.41570071700005,40.34528229400007],[8.408213738000086,40.33783600500004],[8.385996941000087,40.35179271000004],[8.383555535000085,40.37177155200004],[8.394541863000086,40.423814195000034],[8.379893425000091,40.46869538000004],[8.365570509000065,40.49213288000004],[8.33171634200005,40.51068756700005],[8.32390384200005,40.53082916900007],[8.312022332000083,40.57807038000004],[8.291514519000089,40.595363674000055],[8.26734459700009,40.59406159100007],[8.216319207000083,40.57062409100007],[8.195974155000044,40.57807038000004],[8.216319207000083,40.612209377000056],[8.193369988000086,40.61749909100007],[8.176605665000068,40.60659414300005],[8.166188998000052,40.58641185100004],[8.16179446700005,40.563788153000075],[8.147308790000068,40.59320709800005],[8.140635613000086,40.62518952000005],[8.173838738000086,40.64158763200004],[8.18531334700009,40.65656159100007],[8.192149285000085,40.69415924700007],[8.167979363000086,40.701605536000045],[8.14584394600007,40.72601959800005],[8.133799675000091,40.72890859600005],[8.209646030000044,40.86542389500005],[8.216319207000083,40.899603583000044],[8.209727410000085,40.91445547100005],[8.178884311000047,40.928168036000045],[8.182302280000044,40.945298570000034],[8.202159050000091,40.97528717700004],[8.21257571700005,40.96344635600008],[8.229014519000089,40.962551174000055],[8.236175977000073,40.954779364000046],[8.229258660000085,40.921576239000046],[8.233164910000085,40.91010163000004],[8.277842644000089,40.86542389500005],[8.31023196700005,40.85065338700008],[8.421885613000086,40.838771877000056],[8.47787519600007,40.826157945000034],[8.520518425000091,40.82697174700007],[8.598399285000085,40.85297272300005],[8.618337436000047,40.86615631700005],[8.634287957000083,40.88157786700003],[8.640961134000065,40.896470445000034],[8.709157748000052,40.92064036700003],[8.733897332000083,40.92129140800006],[8.764414910000085,40.91380442900004],[8.822520379000082,40.947333075000074],[8.83961022200009,40.96161530200004],[8.875336134000065,41.00812409100007],[8.887950066000087,41.01626211100006],[8.881114129000082,41.02366771000004],[8.913096550000091,41.03266022300005],[8.92945397200009,41.04364655200004],[8.940114780000044,41.06118398600006],[8.95875084700009,41.070013739000046],[8.990733269000089,41.097357489000046],[9.00554446700005,41.12189362200007],[9.02475019600007,41.12885163000004],[9.093028191000087,41.135199286000045],[9.107758009000065,41.13947174700007],[9.135590040000068,41.16030508000006],[9.141856316000087,41.152777411000045],[9.15756269600007,41.16889069200005],[9.16342207100007,41.18414948100008],[9.162852410000085,41.22540924700007],[9.171071811000047,41.24290599200003],[9.189952019000089,41.25112539300005],[9.230642123000052,41.26264069200005],[9.238291863000086,41.24884674700007],[9.257823113000086,41.249660549000055],[9.268077019000089,41.23663971600007],[9.267425977000073,41.20197174700007],[9.289317254000082,41.20872630400004],[9.285329623000052,41.195013739000046],[9.312510613000086,41.201239325000074],[9.333018425000091,41.187567450000074],[9.335215691000087,41.21165599200003],[9.352061394000089,41.20726146000004],[9.388194207000083,41.18073151200008],[9.422373894000089,41.18073151200008],[9.408702019000089,41.16030508000006],[9.420176629000082,41.15643952000005],[9.442881707000083,41.13296133000006],[9.436778191000087,41.11538320500006],[9.442881707000083,41.09198639500005],[9.460459832000083,41.12051015800006],[9.47006269600007,41.12612539300005],[9.462412957000083,41.137600002000056],[9.469086134000065,41.146185614000046],[9.508067254000082,41.14036692900004],[9.523936394000089,41.149725653000075],[9.532237175000091,41.14036692900004],[9.52475019600007,41.13296133000006],[9.546153191000087,41.12091705900008],[9.566416863000086,41.11933014500005],[9.56226647200009,41.09711334800005],[9.545909050000091,41.07770416900007],[9.539073113000086,41.09198639500005],[9.52125084700009,41.031683661000045],[9.511892123000052,41.01626211100006],[9.532237175000091,41.01626211100006],[9.52475019600007,41.030503648000035],[9.543142123000052,41.03693268400008],[9.557627800000091,41.025051174000055],[9.552744988000086,41.009466864000046],[9.573252800000091,41.009466864000046],[9.588145379000082,41.020697333000044],[9.615733269000089,41.019598700000074],[9.64429772200009,41.01166413000004],[9.662608269000089,41.00263092700004],[9.651215040000068,40.991115627000056],[9.635996941000087,40.99237702000005],[9.604258660000085,41.00263092700004],[9.58757571700005,40.995794989000046],[9.578868035000085,40.96198151200008],[9.566416863000086,40.94863515800006],[9.571136915000068,40.934881903000075],[9.557465040000068,40.93121979400007],[9.511892123000052,40.93431224200003],[9.504242384000065,40.92690664300005],[9.511973504000082,40.91518789300005],[9.539073113000086,40.92064036700003],[9.573252800000091,40.90639883000006],[9.592784050000091,40.90989817900004],[9.622569207000083,40.92377350500004],[9.642100457000083,40.92064036700003],[9.631521030000044,40.90485260600008],[9.614105665000068,40.89337799700007],[9.655772332000083,40.87604401200008],[9.657725457000083,40.86395905200004],[9.671722852000073,40.858710028000075],[9.683116082000083,40.86542389500005],[9.699392123000052,40.850043036000045],[9.72396894600007,40.844916083000044],[9.69109134200005,40.83624909100007],[9.68100019600007,40.829779364000046],[9.689789259000065,40.81704336100006],[9.66179446700005,40.809027411000045],[9.65788821700005,40.79987213700008],[9.675791863000086,40.78864166900007],[9.703949415000068,40.759426174000055],[9.71420332100007,40.72724030200004],[9.744476759000065,40.68048737200007],[9.748301629000082,40.667222398000035],[9.753184441000087,40.60529205900008],[9.761566602000073,40.58734772300005],[9.781911655000044,40.58197663000004],[9.792246941000087,40.55695221600007],[9.820567254000082,40.536363023000035],[9.826670769000089,40.519598700000074],[9.815196160000085,40.50250885600008],[9.808767123000052,40.470770575000074],[9.800303582000083,40.455511786000045],[9.778086785000085,40.42723216400009],[9.761729363000086,40.390692450000074],[9.74935957100007,40.37726471600007],[9.712412957000083,40.366400458000044],[9.70085696700005,40.35297272300005],[9.683116082000083,40.324204820000034],[9.645518425000091,40.296087958000044],[9.634613477000073,40.28261953300006],[9.626149936000047,40.26308828300006],[9.624847852000073,40.247748114000046],[9.631114129000082,40.196193752000056],[9.654633009000065,40.144598700000074],[9.665049675000091,40.13157786700009],[9.687836134000065,40.12067291900007],[9.710215691000087,40.09634023600006],[9.732269727000073,40.08392975500004],[9.730316602000073,40.06854889500005],[9.693369988000086,39.99290599200009],[9.68726647200009,39.96116771000004],[9.69662519600007,39.93378327000005],[9.709727410000085,39.940334377000056],[9.71452884200005,39.92450592700004],[9.69662519600007,39.91950104400007],[9.684336785000085,39.894232489000046],[9.689789259000065,39.87173086100006],[9.683116082000083,39.86554596600007],[9.69662519600007,39.85187409100007],[9.684255405000044,39.839911200000074],[9.67554772200009,39.81891510600008],[9.670258009000065,39.79376862200007],[9.668793165000068,39.76927317900004],[9.676280144000089,39.718085028000075],[9.664805535000085,39.691392320000034],[9.662608269000089,39.67682526200008],[9.651133660000085,39.65249258000006],[9.648936394000089,39.63898346600007],[9.655772332000083,39.59454987200007],[9.653005405000044,39.566839911000045],[9.628428582000083,39.50177643400008],[9.644867384000065,39.48395416900007],[9.639008009000065,39.452460028000075],[9.614105665000068,39.39935944200005],[9.602061394000089,39.35565827000005],[9.603526238000086,39.326239325000074],[9.611582879000082,39.31655508000006],[9.634613477000073,39.303168036000045],[9.634613477000073,39.296942450000074],[9.607269727000073,39.28900788000004],[9.581879102000073,39.26630280200004],[9.567556186000047,39.23810455900008],[9.573252800000091,39.21381256700005],[9.565603061000047,39.205064195000034],[9.579925977000073,39.18707916900007],[9.566416863000086,39.14923737200007],[9.557790561000047,39.13971588700008],[9.522715691000087,39.12490469000005],[9.518565300000091,39.10455963700008],[9.507090691000087,39.111395575000074],[9.511892123000052,39.12441640800006],[9.496348504000082,39.13361237200007],[9.480723504000082,39.13556549700007],[9.450368686000047,39.12441640800006],[9.437998894000089,39.13336823100008],[9.408702019000089,39.146144924000055],[9.383474155000044,39.169256903000075],[9.367930535000085,39.17715078300006],[9.34506269600007,39.19643789300005],[9.31226647200009,39.207912502000056],[9.292165561000047,39.22125885600008],[9.285329623000052,39.21381256700005],[9.252452019000089,39.22516510600008],[9.216319207000083,39.22801341400009],[9.197438998000052,39.221136786000045],[9.180918816000087,39.20718008000006],[9.166026238000086,39.18707916900007],[9.136892123000052,39.19432200700004],[9.113536004000082,39.21149323100008],[9.073008660000085,39.24852122600004],[9.063731316000087,39.243068752000056],[9.03874759200005,39.26219310100004],[9.025726759000065,39.25600820500006],[9.021006707000083,39.24042389500005],[9.03874759200005,39.22801341400009],[9.050059441000087,39.22565338700008],[9.074961785000085,39.22988515800006],[9.078949415000068,39.21234772300005],[9.038584832000083,39.179022528000075],[9.026215040000068,39.165228583000044],[9.018321160000085,39.146144924000055],[9.015961134000065,39.12384674700007],[9.018728061000047,39.103949286000045],[9.031993035000085,39.06976959800005],[9.044932488000086,39.05125560100004],[9.029307488000086,39.03025950700004],[9.018321160000085,38.995306708000044],[9.004649285000085,38.995306708000044],[8.996348504000082,38.98281484600005],[8.894704623000052,38.90228913000004],[8.87240644600007,38.89606354400007],[8.861338738000086,38.882066148000035],[8.84148196700005,38.880560614000046],[8.805430535000085,38.905951239000046],[8.791026238000086,38.90444570500006],[8.766612175000091,38.92039622600004],[8.739512566000087,38.93065013200004],[8.71656334700009,38.93260325700004],[8.694590691000087,38.92523834800005],[8.668793165000068,38.910589911000045],[8.651621941000087,38.89154694200005],[8.655121290000068,38.871161200000074],[8.634776238000086,38.871161200000074],[8.642832879000082,38.889960028000075],[8.633148634000065,38.89557526200008],[8.599864129000082,38.89907461100006],[8.599864129000082,38.905951239000046],[8.61500084700009,38.92300039300005],[8.615489129000082,38.94757721600007],[8.610337184669124,38.954892976342286]]],[[[8.27475019600007,41.05727773600006],[8.251149936000047,41.04376862200007],[8.250987175000091,41.01609935100004],[8.246429884000065,40.99363841400009],[8.209646030000044,40.995794989000046],[8.221690300000091,41.01439036700003],[8.223155144000089,41.033636786000045],[8.241384311000047,41.052069403000075],[8.275645379000082,41.06976959800005],[8.277842644000089,41.10565827000005],[8.30209394600007,41.10504791900007],[8.313324415000068,41.11859772300005],[8.32593834700009,41.118353583000044],[8.341970248000052,41.09784577000005],[8.341319207000083,41.07412344000005],[8.332367384000065,41.06464264500005],[8.27475019600007,41.05727773600006]]],[[[9.474782748000052,41.23607005400004],[9.479258660000085,41.21694570500006],[9.471039259000065,41.18960195500006],[9.474864129000082,41.17926666900007],[9.464366082000083,41.17267487200007],[9.448741082000083,41.185532945000034],[9.437022332000083,41.18593984600005],[9.447764519000089,41.205064195000034],[9.446462436000047,41.220404364000046],[9.459971550000091,41.24237702000005],[9.474782748000052,41.23607005400004]]],[[[9.430918816000087,41.22479889500005],[9.43531334700009,41.21702708500004],[9.395274285000085,41.210598049000055],[9.376963738000086,41.213324286000045],[9.373057488000086,41.22988515800006],[9.391856316000087,41.24070872600004],[9.397959832000083,41.25604889500005],[9.421885613000086,41.26089101800005],[9.430511915000068,41.24628327000005],[9.430918816000087,41.22479889500005]]]]},"properties":{"name":"Sardegna"}},{"type":"Feature","geometry":{"type":"MultiPolygon","coordinates":[[[[11.889016109206068,42.85038714814834],[11.936982419103344,42.874337344293],[11.951396482161897,42.893299747485344],[11.946430662345165,42.907867618895466],[11.934345700393749,42.9152833907159],[11.932170407638182,42.9272035572983],[11.951704099764356,42.98995746546461],[11.968601073180992,43.01065570859407],[11.976093748727521,43.02843158854694],[11.977807616428322,43.04636127685143],[11.968908689884131,43.069102976621025],[11.957746580740093,43.07453022329116],[11.941772458332252,43.063774606812615],[11.92751220452459,43.07638691232614],[11.926127926662446,43.09380024318665],[11.91775634457963,43.12243061558041],[11.922722165295681,43.13756977592442],[11.944562986292794,43.167903029001536],[11.96519531091485,43.18013081318645],[11.9929907221441,43.18645893772975],[12.012216797567135,43.200466507223496],[12.022961427028235,43.241884965718555],[12.037375490086788,43.25467305181985],[12.049636232626028,43.25560688984609],[12.09215332361697,43.24467549277972],[12.126892094594496,43.260616655933916],[12.158400884792968,43.262682085709685],[12.213178719222526,43.29104878587276],[12.215354011978036,43.30014546614035],[12.20280762497191,43.317767536842325],[12.187910163723075,43.31388936250403],[12.177011725910404,43.29859639380851],[12.152204595465719,43.295750934358125],[12.138713384315224,43.299991656889404],[12.136252446193396,43.34050923661198],[12.132626957967716,43.35725240167699],[12.12084961361876,43.36293233356031],[12.080837405222042,43.37187520457701],[12.074443362171394,43.3803786227752],[12.073652346378651,43.411195274941974],[12.048867189069483,43.41151387866256],[12.037067872484329,43.416523643851065],[12.057392580403246,43.43735372309584],[12.077541506835075,43.44293477811749],[12.103315433660327,43.4646327768811],[12.127507328900094,43.474762172036606],[12.134077153437886,43.4888136860028],[12.122541508184042,43.500547084979985],[12.098041996241136,43.5108852199769],[12.101469730743474,43.522717495815755],[12.13748291570397,43.531605435342556],[12.15376465391563,43.54840353189746],[12.204807137139653,43.61682638582903],[12.2130249108709,43.60901510656191],[12.236293954202608,43.6080153509277],[12.260375986462577,43.60224752830078],[12.285952159564488,43.59160177570135],[12.310803234481682,43.60932272416437],[12.350793470642145,43.62013327123344],[12.36041749447179,43.610465302032026],[12.35358399770331,43.59687521312054],[12.357319349808108,43.58395529090393],[12.34784913433009,43.56834371848777],[12.33453370376742,43.56509176547257],[12.309726574221997,43.56669576929431],[12.306628429558373,43.55475362957634],[12.319943860121043,43.546184293770125],[12.381862807122843,43.524574185750055],[12.403264175301445,43.52405782830613],[12.431674820836292,43.53842794599291],[12.48832033131822,43.521970425394784],[12.51049074215399,43.51248922379864],[12.604687522910865,43.430344445739536],[12.613981956901796,43.42917989473631],[12.634768090774742,43.44297872348926],[12.644743676679298,43.443857629126285],[12.691084010518637,43.43429952380393],[12.712683132420636,43.45393209279183],[12.73206301619524,43.46090841179375],[12.758166532859207,43.46122701461502],[12.758474150461666,43.4445277958211],[12.753156766771383,43.406833702413394],[12.746499051490048,43.378829550443356],[12.754079618679441,43.36512959945145],[12.788862335028739,43.32407368914943],[12.795849640148788,43.299222614232235],[12.795673858661644,43.278469439612934],[12.850935091281428,43.20872822632657],[12.856823763006219,43.17558247305266],[12.849836457886227,43.16170673967429],[12.835422394827617,43.149413037881345],[12.837443879231614,43.13248310611044],[12.86022952527236,43.12535297875695],[12.875170931892967,43.11576191418095],[12.895319858324797,43.08745014550777],[12.890969271914344,43.05266742915853],[12.897956577034392,43.023059273366755],[12.895781284278826,43.00719501483803],[12.904768100667297,42.97871845169516],[12.91313968364949,42.96342548210032],[12.935991246398885,42.942804143596334],[12.961875037103255,42.92931293244584],[12.969169958926443,42.91247089051916],[12.972114295238498,42.88869647586165],[12.99199954943964,42.89655170050054],[12.98641849441799,42.91296527572689],[12.994943885751695,42.917173039004524],[13.048798868273138,42.91784320480002],[13.069563029010567,42.90050677856493],[13.090810588837599,42.88849872123899],[13.137216840284964,42.84945331012216],[13.150444380104034,42.82361346568888],[13.166726118315694,42.82451434446142],[13.22429448070568,42.847673524813274],[13.234050339751377,42.843795350475034],[13.247080125847106,42.82648089737552],[13.256286669094493,42.802475768841646],[13.248947801899533,42.76778094323589],[13.238400926161773,42.76155169555426],[13.203464401460963,42.75984881397159],[13.194477585072491,42.74909319839236],[13.194477585072491,42.73460223160765],[13.183315475029133,42.71516741634315],[13.189050338402353,42.693985775023464],[13.174482466992231,42.6768251293762],[13.153850141470855,42.64509661231875],[13.112409710739541,42.644272638171685],[13.090810588837599,42.63072649463197],[13.059345743111521,42.62375017652943],[13.017575722541551,42.63156145579654],[13.003776893788597,42.61233538127283],[12.9879785528679,42.6079957809805],[12.901977573606132,42.609599784802185],[12.879191928464707,42.59031877878857],[12.880114779473502,42.56468767419676],[12.869436068519747,42.55941423677757],[12.780029326991837,42.52707048541453],[12.755222196547095,42.50029680295506],[12.721384305241486,42.496264820265196],[12.716110866922975,42.48960710498386],[12.727580594568792,42.46314103922754],[12.722153347898654,42.454000414487496],[12.698884303667683,42.447562425165756],[12.665661646667672,42.44345353874979],[12.643491235831846,42.44562883150536],[12.62964846170712,42.46237199657037],[12.612136253984943,42.46311906699134],[12.608093285176949,42.452341478276594],[12.611674828030857,42.433796555666504],[12.592602561858712,42.40100236536682],[12.57627687737596,42.390224776652076],[12.528354511951136,42.369504561286476],[12.516225605527268,42.387159591242096],[12.503964862988028,42.39058732574449],[12.463930681455793,42.38681901528531],[12.431059586530694,42.393092208338714],[12.451516130564983,42.421030441801406],[12.416733414215685,42.43074235637465],[12.417370621656858,42.441486985835695],[12.393596206100028,42.462503832685684],[12.34283936824221,42.49192521997293],[12.319021008212928,42.498022632438506],[12.300673839326237,42.48991472168706],[12.280217296191267,42.51040422497499],[12.271538096505935,42.56610491041329],[12.259123544715806,42.5656434844592],[12.245478525213741,42.585517753441536],[12.245236826118628,42.619806084583104],[12.23583252824858,42.64757952267678],[12.21974854376026,42.655072199122685],[12.204499519537194,42.6545558416787],[12.156555181876115,42.67542986629525],[12.146008306138413,42.67225481700615],[12.128737797511349,42.65734636873992],[12.09852539443142,42.660708185634235],[12.06420410403615,42.655687433428284],[12.033662110218188,42.646030450344995],[12.019863282364554,42.64842546995942],[11.985563964205596,42.67542986629525],[11.9596142558932,42.68462542252519],[11.930302731585755,42.709102963131215],[11.937597654308263,42.728658627493644],[11.956669920480408,42.73656878452175],[11.973918455971955,42.75597064053261],[11.970358885354244,42.7650343615465],[11.948144529146703,42.776306334569654],[11.933093259546297,42.79110491895682],[11.889016109206068,42.85038714814834]]],[[[12.4211947611293,43.58970961740488],[12.408939060189482,43.601057488712115],[12.410300804638382,43.62102974242862],[12.429819143538623,43.63146978410322],[12.442982674111136,43.61966799797972],[12.444798333376355,43.601057488712115],[12.4211947611293,43.58970961740488]]]]},"properties":{"name":"Umbria"}}]}