{"type":"FeatureCollection","features":[{"type":"Feature","geometry":{"type":"MultiPolygon","coordinates":[[[[129.7832137380001,31.799627997000073],[129.79859459700003,31.763657945000034],[129.79957116000003,31.745428778000075],[129.77613366000003,31.72947825700004],[129.74170983200008,31.676174221000053],[129.72934004,31.644232489000046],[129.695977406,31.621447336000074],[129.6593736750001,31.64193470500004],[129.655381433,31.659784838000064],[129.6762976550001,31.666966426000045],[129.69060286800004,31.70019805600009],[129.71664472700002,31.73037344000005],[129.75359134200005,31.743801174000055],[129.76775149800005,31.75934479400007],[129.7832137380001,31.799627997000073]]],[[[131.15064537900003,31.47134023600006],[131.1093856130001,31.464544989000046],[131.07178795700008,31.449611721000053],[131.045258009,31.427476304000038],[131.02807477500005,31.401785761000042],[131.01361073600003,31.363069850000045],[131.02545128600002,31.354095225000037],[131.083343946,31.338446356000077],[131.1040145190001,31.32884349200009],[131.10438183500003,31.309449248000078],[131.082986237,31.297055970000088],[131.09259076700005,31.27605066400008],[131.12474719500005,31.288345546000073],[131.13211394400003,31.279513102000067],[131.06024973900003,31.225314840000067],[131.0329508970001,31.227524446000075],[131.00815940200005,31.22108228400009],[131.00660241000003,31.199774481000077],[130.97999108200008,31.155991929000038],[130.95622806100005,31.13117096600007],[130.92400149800005,31.112982489000046],[130.87068066200004,31.09601851800005],[130.81951105400003,31.08726047400006],[130.79235710500006,31.077847115000054],[130.7675887380001,31.056463934000078],[130.72542805,31.04703956700007],[130.67794304400002,31.00501043400004],[130.6577220260001,31.00319120000006],[130.66333941000005,31.069506364000063],[130.68897545700008,31.09015534100007],[130.7426863940001,31.12128327000005],[130.76478445300006,31.18650933200007],[130.753940574,31.20388265300005],[130.7803691150001,31.242514662000076],[130.78967014700004,31.275148674000036],[130.79664629800004,31.325345784000035],[130.79525160600008,31.344425107000063],[130.7695418630001,31.402411200000074],[130.74732506600003,31.435492255000042],[130.70341738600007,31.45930455100006],[130.69252519000008,31.485572010000055],[130.70533287900003,31.52875397300005],[130.69556725400003,31.545803127000056],[130.63689212300005,31.555243231000077],[130.59831790500004,31.573431708000044],[130.5908888460001,31.585987911000075],[130.61389305800003,31.612066478000088],[130.63787805900006,31.622594691000074],[130.71168053500003,31.614406643000052],[130.72234134200005,31.597316799000055],[130.7192488940001,31.570705471000053],[130.73601321700005,31.559475002000056],[130.758636915,31.563788153000075],[130.7763778000001,31.579901434000078],[130.79900149800005,31.611721096000053],[130.81031334700003,31.650946356000077],[130.80453535200002,31.687241929000038],[130.7763778000001,31.710272528000075],[130.73796468800003,31.70843859000007],[130.6860457690001,31.725531317000048],[130.64478600400003,31.71474844000005],[130.61304772200003,31.68235911700009],[130.60222415500004,31.63825104400007],[130.56763756600003,31.600734768000052],[130.55844160200002,31.56631094000005],[130.52914472700002,31.51325104400007],[130.5180770190001,31.472398179000038],[130.5205184250001,31.432440497000073],[130.55046634200005,31.375148830000057],[130.56267337300005,31.334377346000053],[130.57349694100003,31.314601955000057],[130.602875196,31.301988023000035],[130.6236819840001,31.275646770000037],[130.66032962300005,31.271429755000042],[130.66195722700002,31.258612372000073],[130.63982181100005,31.186468817000048],[130.60368899800005,31.172349351000037],[130.5864363940001,31.155422268000052],[130.573578321,31.16742584800005],[130.53679446700005,31.162176825000074],[130.52173912900003,31.16868724200009],[130.50660241000003,31.21279531500005],[130.49480228000004,31.22724030200004],[130.45114447600008,31.249388072000045],[130.2973738940001,31.253729559000078],[130.24878991000003,31.244126695000034],[130.2222047140001,31.246299862000058],[130.192952418,31.31515659300004],[130.20777428500003,31.33661530200004],[130.19654381600003,31.35419342700004],[130.170258009,31.377020575000074],[130.11898847700002,31.408636786000045],[130.16236412900003,31.421942450000074],[130.19597415500004,31.412054755000042],[130.22828209700003,31.381293036000045],[130.24488366000003,31.404852606000077],[130.293268129,31.44470403200006],[130.30476023300002,31.476634180000076],[130.31706790500004,31.493068752000056],[130.3344832690001,31.56240469000005],[130.32447350400003,31.586737372000073],[130.33765709700003,31.607896226000037],[130.33619225400003,31.626166083000044],[130.2973738940001,31.669989325000074],[130.25928795700008,31.720851955000057],[130.1997176440001,31.753729559000078],[130.1840926440001,31.758693752000056],[130.17143062700006,31.790136657000062],[130.181000196,31.826971747000073],[130.207855665,31.843695380000042],[130.1970037420001,31.85848542800005],[130.21472979100008,31.88561847400007],[130.22043774400004,31.929594515000076],[130.20512664400007,31.97167037300005],[130.17410608700004,31.998755987000038],[130.1729936600001,32.01744955600009],[130.20404812200002,32.04828530800006],[130.20404738700006,32.07258078500007],[130.17986087300005,32.093451239000046],[130.20679772200003,32.12067291900007],[130.24830162900003,32.13373444200005],[130.278656446,32.10053131700005],[130.29851321700005,32.10586172100005],[130.33187910200002,32.128607489000046],[130.34464310589453,32.16178458089365],[130.38261559523346,32.12646312117607],[130.42437015196094,32.113414822536015],[130.52550092962417,32.13984731749969],[130.58978641201327,32.16346344698047],[130.6108703959519,32.15702973123706],[130.67448408387327,32.112226264130754],[130.7123629088211,32.09090973619533],[130.70011559495867,32.06703522429615],[130.78388309083198,31.954845689377066],[130.82377729738437,31.919602362758837],[130.84703169165914,31.909525458333235],[130.87343834910052,31.887562975251114],[130.88118981265973,31.870225531882795],[130.87638390489326,31.824440212845502],[130.88103478392804,31.801340847302242],[130.8970028017378,31.784261786352317],[130.96547407426908,31.760671495293252],[131.00237104728592,31.723516139857963],[131.01663374185364,31.675922145690436],[131.03585737471803,31.64535553652877],[131.10076297383216,31.619413967080902],[131.15600507967065,31.612747708240136],[131.17476362544096,31.600267849481668],[131.1918168479691,31.57466217681798],[131.18137820923687,31.511771959308476],[131.15064537900003,31.47134023600006]]],[[[129.7148543630001,29.65452708500004],[129.74594160200002,29.661037502000056],[129.75375410200002,29.645412502000056],[129.74382571700005,29.622300523000035],[129.721039259,29.60614655200004],[129.7129012380001,29.629299221000053],[129.7148543630001,29.65452708500004]]],[[[129.8935653000001,29.874741929000038],[129.89741851200006,29.846915495000076],[129.9204207690001,29.819647528000075],[129.86340189200007,29.82460653000004],[129.840184754,29.84972943000008],[129.83277226500002,29.873077651000074],[129.85098067800004,29.886729695000042],[129.8935653000001,29.874741929000038]]],[[[130.67457116000003,30.37457916900007],[130.66944420700008,30.339667059000078],[130.64714603000004,30.29051341400009],[130.60375105100002,30.252468518000057],[130.57727971400004,30.23590585900007],[130.48597745300003,30.22577701000006],[130.4377132080001,30.238970153000082],[130.4271399380001,30.255535937000047],[130.38626403800004,30.339605661000064],[130.376246508,30.394435997000073],[130.42336102800004,30.398968251000042],[130.4611824100001,30.441141568000035],[130.467118926,30.45722526700007],[130.48834512500002,30.457026279000047],[130.4989507360001,30.467962261000082],[130.52369225400003,30.449652411000045],[130.56782501700002,30.435941711000055],[130.59958849400005,30.41245819800008],[130.6386781760001,30.40266076900008],[130.67457116000003,30.37457916900007]]],[[[131.05201256600003,30.840236721000053],[131.073594694,30.79958158100004],[131.087933572,30.782606299000065],[131.07120798000005,30.76930179900006],[131.070968966,30.737329878000082],[131.07893733100002,30.699084278000043],[131.05376059500009,30.661867794000045],[131.05761514300002,30.611269028000038],[131.037847983,30.58917133600005],[131.0355637560001,30.557209431000047],[131.00340350800002,30.55116662200004],[130.98263885900008,30.519305321000047],[130.98047401100007,30.49709550500006],[130.96696052800007,30.479399958000045],[130.9647533760001,30.456319105000034],[130.97803086800002,30.43759680100004],[130.96963857800006,30.41543863600009],[130.97779709100007,30.400280234000036],[130.9436506090001,30.37468118600009],[130.90651933000004,30.366014516000064],[130.88581760500006,30.34385066400006],[130.87038107900003,30.343904295000073],[130.857117893,30.36619154600004],[130.8655153950001,30.397292703000062],[130.8533975470001,30.440830762000076],[130.85149508200004,30.470143740000083],[130.870002258,30.46386097900006],[130.8762783420001,30.480704794000076],[130.90113980700005,30.503691978000063],[130.93022119900002,30.54085964500007],[130.95093834700003,30.595038153000075],[130.94837684900006,30.64110939300008],[130.93929969700002,30.672251498000037],[130.96634534600003,30.701441462000048],[130.99970311700008,30.745686335000073],[131.00813866600004,30.767864858000053],[131.00625712800002,30.789246757000058],[131.02717589000008,30.819371621000073],[131.05201256600003,30.840236721000053]]],[[[130.220062696,30.471584377000056],[130.24286700000005,30.46361180400004],[130.26214412700006,30.447032385000057],[130.23184544100002,30.42354163300007],[130.2124676420001,30.420690741000044],[130.17311500100004,30.454421868000054],[130.14176604600004,30.489301081000065],[130.16505068900005,30.489890078000087],[130.191016268,30.476172262000034],[130.220062696,30.471584377000056]]],[[[129.943695509,29.965277411000045],[129.94092858200008,29.953192450000074],[129.9133333310001,29.960901639000042],[129.899750196,29.97565338700008],[129.9219895450001,30.00472988100006],[129.943695509,29.965277411000045]]],[[[129.9462996750001,30.84471263200004],[129.95980879,30.828680731000077],[129.9394637380001,30.813421942000048],[129.91195722700002,30.81976959800005],[129.90398196700005,30.834418036000045],[129.9321395190001,30.85175202000005],[129.9462996750001,30.84471263200004]]],[[[129.93336022200003,31.86782461100006],[129.93148847700002,31.83348216400009],[129.922211134,31.81981028900009],[129.8759871750001,31.81126536700009],[129.85906009200005,31.82367584800005],[129.83952884200005,31.853664455000057],[129.82309004,31.863023179000038],[129.84498131600003,31.880601304000038],[129.86451256600003,31.875555731000077],[129.90202884200005,31.848130601000037],[129.913422071,31.867743231000077],[129.93336022200003,31.86782461100006]]]]},"properties":{"name":"Kagoshima"}},{"type":"Feature","geometry":{"type":"Polygon","coordinates":[[[131.20089214638782,33.61270976590466],[131.2564638120001,33.60495535200005],[131.28383445500003,33.58236918000006],[131.323093352,33.58122055200005],[131.367620482,33.57480177900004],[131.41770310800007,33.58168167900004],[131.47563704700008,33.631565882000075],[131.4840322870001,33.653038364000054],[131.52104511700009,33.67637079200006],[131.59001712300005,33.68301015800006],[131.6274520190001,33.667669989000046],[131.66736627400007,33.66719200300008],[131.68955031300004,33.64134224500009],[131.72953798100002,33.58023616300005],[131.73991946700005,33.53969961100006],[131.729109,33.51254769600007],[131.737294841,33.48460779900006],[131.697436434,33.406392597000035],[131.6587020190001,33.42283763200004],[131.64031009200005,33.41657135600008],[131.63461347700002,33.37396881700005],[131.60108483200008,33.364935614000046],[131.59623445500006,33.349400219000074],[131.55616295700008,33.34638092700004],[131.532980942,33.366113306000045],[131.50602854600004,33.36307383900004],[131.49838511400003,33.34066626900005],[131.51037964,33.273403693000034],[131.5478621750001,33.25495026200008],[131.61221917500006,33.25293648400009],[131.6545351640001,33.271625235000045],[131.700043165,33.25409577000005],[131.71086238200007,33.27017583800006],[131.76209241900006,33.253543499000045],[131.82217409700002,33.24403243800009],[131.88444854400007,33.26830565600005],[131.902624533,33.26604183300009],[131.87155536400007,33.21541862600009],[131.87224368600005,33.20034414300005],[131.8487435400001,33.18799917800004],[131.83097601300005,33.16971306700009],[131.8095736890001,33.12764888700008],[131.84262129,33.113267320000034],[131.86883062000004,33.12876699900005],[131.9004012380001,33.12913646000004],[131.8632173310001,33.08253329200005],[131.88051074700002,33.07504043000006],[131.905797527,33.07729573600005],[131.929216945,33.068270865000045],[131.9423835450001,33.09255668600008],[131.9580184250001,33.06720612200007],[131.97608483200008,33.060248114000046],[131.99146569100003,33.06899648600006],[132.00945071700005,33.05117422100005],[131.98400888800006,33.04554450900008],[131.929550264,33.047089602000085],[131.90677350700003,33.01184695400008],[131.903168165,32.98305898600006],[131.95923912900003,32.944525458000044],[131.97917728000004,32.950384833000044],[131.99822024800005,32.93891022300005],[132.021830657,32.93691682100007],[132.0347898,32.95129061700004],[132.08118890900005,32.94322970300004],[132.02547498600006,32.923595910000074],[131.98218834700003,32.88890208500004],[132.00017337300005,32.87128327000005],[131.98975670700008,32.854803778000075],[131.96371504,32.83901601800005],[131.96851647200003,32.82611725500004],[131.99781334700003,32.82965729400007],[131.9965926440001,32.810532945000034],[131.96241295700008,32.792669989000046],[131.94809004,32.793402411000045],[131.92920983200008,32.77826569200005],[131.88249759200005,32.78343333500004],[131.8730574880001,32.76235586100006],[131.87232506600003,32.731634833000044],[131.83921919181216,32.73410045057534],[131.830227492105,32.75239390745287],[131.81916873574846,32.798360094542716],[131.80924686095386,32.80897960132751],[131.76118777879287,32.82218292869919],[131.73493615098255,32.82042593041234],[131.69566206295383,32.76582977972055],[131.59034549424916,32.759783636705436],[131.53970258970276,32.743040473439066],[131.51562137312783,32.74593435328774],[131.50187544159826,32.75916351998046],[131.50311567594758,32.792753201099345],[131.49009321482993,32.80848867401306],[131.46415164628138,32.81789378487025],[131.42146691266782,32.80479381028607],[131.35661299039714,32.80463877975586],[131.323901809321,32.82228628238602],[131.26214847157462,32.86628876381536],[131.24618045466423,32.89385814124023],[131.240082635705,32.95450043404776],[131.23465661031423,32.975196845258154],[131.2014286644013,33.04201447229002],[131.17228315584293,33.074131375062905],[131.14076053317206,33.12596283621588],[131.12494754409386,33.14244761796317],[131.0594218282547,33.18061066285179],[131.0289327325595,33.177019151012985],[130.9775663602992,33.1607152373183],[130.9730188340519,33.14461802829936],[130.97973676973606,33.11994253252186],[131.00965742375104,33.079531562031946],[130.9908988788801,33.03310028694864],[130.951211378802,33.032273463749334],[130.87080284987155,33.070824083164894],[130.83473270095328,33.08092682511284],[130.85602339136642,33.14299022122174],[130.82625776608302,33.23298472816265],[130.84114057827503,33.277219754488044],[130.8369547872336,33.322514146210835],[130.84129560790598,33.352021389075844],[130.8649117373867,33.38468089420786],[130.8858406916945,33.42540192306029],[130.92557986861596,33.466122951912666],[130.95053958523363,33.485191555146116],[131.00423139925965,33.50012604418157],[131.0642794128646,33.498110663476325],[131.12448245699977,33.49015249344279],[131.1494938495615,33.49565603319934],[131.17507368380336,33.52549917194921],[131.18313520662446,33.5454462752254],[131.17517703659087,33.568442287981156],[131.18220503063765,33.59709686922514],[131.20089214638782,33.61270976590466]]]},"properties":{"name":"Ōita"}},{"type":"Feature","geometry":{"type":"Polygon","coordinates":[[[130.0362749280867,33.45759283362726],[130.04462561600008,33.48574090400007],[130.05529438300005,33.495225676000075],[130.10384486200007,33.51190524500004],[130.15642337300005,33.525376695000034],[130.16187584700003,33.54661692900004],[130.1298934250001,33.54002513200004],[130.11793053500003,33.55683014500005],[130.09205162900003,33.566473700000074],[130.10914147200003,33.58974844000005],[130.13941491000003,33.59467194200005],[130.156663622,33.60650551500004],[130.1595475270001,33.62959605400005],[130.18189537900003,33.62905508000006],[130.20476321700005,33.63971588700008],[130.208011242,33.66507643700004],[130.23170006600003,33.65330638200004],[130.2313843830001,33.61884615200006],[130.25147545700008,33.60797760600008],[130.26543167800003,33.58857951500005],[130.29029381600003,33.574204820000034],[130.31530703800001,33.59736182000006],[130.35804962400005,33.59725860000009],[130.39086562400007,33.60487402200005],[130.39947835200007,33.61611050100004],[130.40750100800005,33.650468484000044],[130.39869225400003,33.669134833000044],[130.34897188800005,33.64113020500008],[130.31839397600004,33.65838070800004],[130.29490003900003,33.66435087500008],[130.28926262000004,33.681544502000065],[130.3454978970001,33.66247159000005],[130.38648522200003,33.67723216400009],[130.4287215500001,33.71369049700007],[130.44459069100003,33.71820709800005],[130.46767384400005,33.74356360100006],[130.4667595950001,33.78035298600008],[130.44800866000003,33.789943752000056],[130.45435631600003,33.80768463700008],[130.47779381600003,33.82514069200005],[130.48894290500004,33.85537344000005],[130.50757897200003,33.84906647300005],[130.53052819100003,33.86155833500004],[130.548187696,33.88076406500005],[130.63306725400003,33.882473049000055],[130.65406334700003,33.89630768400008],[130.684418165,33.93423086100006],[130.71705162900003,33.93789297100005],[130.7315048380001,33.931848734000084],[130.75604891900002,33.94368111300008],[130.82822790400007,33.93958513800004],[130.83586868700002,33.925729009000065],[130.86142341900006,33.92556771800008],[130.88085281300005,33.89593952100006],[130.91358483200008,33.89118073100008],[130.9414168630001,33.91681549700007],[130.94947136400003,33.93819283900007],[130.97656724600006,33.957366930000035],[131.007147594,33.96605493200008],[131.0186856580001,33.956262097000035],[131.01531009200005,33.93512604400007],[130.99292883500004,33.89766466700007],[131.00177079800005,33.887228684000036],[130.99068439000007,33.856827183000064],[130.96357418600007,33.83323528200009],[130.96168053500003,33.81622955900008],[130.98551079600009,33.80866486500008],[131.0069447090001,33.813087590000066],[131.00359134200005,33.77968984600005],[131.0097762380001,33.746161200000074],[131.0507918630001,33.68187083500004],[131.0644637380001,33.65326569200005],[131.08130944100003,33.63495514500005],[131.10297618100003,33.62425323800005],[131.1199716970001,33.62633852100004],[131.20089214638782,33.61270976590466],[131.18220503063765,33.59709686922514],[131.17517703659087,33.568442287981156],[131.18313520662446,33.5454462752254],[131.17507368380336,33.52549917194921],[131.1494938495615,33.49565603319934],[131.12448245699977,33.49015249344279],[131.0642794128646,33.498110663476325],[131.00423139925965,33.50012604418157],[130.95053958523363,33.485191555146116],[130.92557986861596,33.466122951912666],[130.8858406916945,33.42540192306029],[130.8649117373867,33.38468089420786],[130.84129560790598,33.352021389075844],[130.8369547872336,33.322514146210835],[130.84114057827503,33.277219754488044],[130.82625776608302,33.23298472816265],[130.85602339136642,33.14299022122174],[130.83473270095328,33.08092682511284],[130.78682864842335,33.100512193183135],[130.72864098499338,33.134463609507975],[130.68518110592322,33.140044664529626],[130.63588178941302,33.10428457307455],[130.57986453721855,33.098367621268665],[130.5636898129345,33.09167552310686],[130.5217802265762,33.061599840360316],[130.49899092029466,33.03397878699138],[130.50193647698677,33.00984589357313],[130.48395307757244,32.994678860540944],[130.44514407843644,32.989511217568634],[130.42915838854074,32.980522542911146],[130.42847741000003,33.05052317900004],[130.422211134,33.08258698100008],[130.37224368600005,33.114894924000055],[130.36475670700008,33.140326239000046],[130.34936061829333,33.14204455257737],[130.34675215099094,33.179913031760975],[130.3666475774237,33.199782619772066],[130.3812203312532,33.23644704789291],[130.4235950047057,33.259107163864485],[130.453360629989,33.264714057307856],[130.48395307757244,33.314814357696434],[130.5319088069458,33.33788788481803],[130.53640465724914,33.37698110569346],[130.52891157430963,33.40933055336234],[130.51929975787743,33.420854396812956],[130.4868986351638,33.41961416336295],[130.45863162664818,33.40852956768538],[130.42623050303519,33.38695465823088],[130.40106408084262,33.394060167542705],[130.3796700376421,33.41315460919782],[130.2899597524406,33.458836575447606],[130.2589538919085,33.46798330298702],[130.21203169220883,33.46870677339888],[130.1635075220545,33.461730455296276],[130.12113284680333,33.46219554328968],[130.0362749280867,33.45759283362726]]]},"properties":{"name":"Fukuoka"}},{"type":"Feature","geometry":{"type":"Polygon","coordinates":[[[129.8145443646307,33.331246004799254],[129.81983483200008,33.304754950000074],[129.8379012380001,33.28538646000004],[129.84629540100002,33.34796460600006],[129.871025357,33.37817788400008],[129.86866295700008,33.39744700700004],[129.81639218700002,33.426102031000084],[129.7872572230001,33.45451903900005],[129.804244745,33.48182305800009],[129.81844004700008,33.48421177600005],[129.84888756600003,33.44245026200008],[129.86687259200005,33.456732489000046],[129.84395138900004,33.48121705400007],[129.8368347390001,33.513254121000045],[129.8545792440001,33.53285385400005],[129.8858313830001,33.53584022100006],[129.91005948600002,33.54720499900009],[129.94214928500003,33.531683661000045],[129.961273634,33.51276276200008],[129.9412089010001,33.47953658700004],[129.9889460280001,33.448851378000086],[130.01685631600003,33.44578685100004],[130.0362749280867,33.45759283362726],[130.12113284680333,33.46219554328968],[130.1635075220545,33.461730455296276],[130.21203169220883,33.46870677339888],[130.2589538919085,33.46798330298702],[130.2899597524406,33.458836575447606],[130.3796700376421,33.41315460919782],[130.40106408084262,33.394060167542705],[130.42623050303519,33.38695465823088],[130.45863162664818,33.40852956768538],[130.4868986351638,33.41961416336295],[130.51929975787743,33.420854396812956],[130.52891157430963,33.40933055336234],[130.53640465724914,33.37698110569346],[130.5319088069458,33.33788788481803],[130.48395307757244,33.314814357696434],[130.453360629989,33.264714057307856],[130.4235950047057,33.259107163864485],[130.3812203312532,33.23644704789291],[130.3666475774237,33.199782619772066],[130.34675215099094,33.179913031760975],[130.34936061829333,33.14204455257737],[130.29044274400007,33.14958862900005],[130.24139647700008,33.188234066000064],[130.21930162,33.15946595200006],[130.1782332690001,33.13491445500006],[130.1319460850001,33.101971727000034],[130.160492384,33.05410390800006],[130.20390147900002,32.991781615000036],[130.22231019900005,32.97520504800008],[130.219146927,32.95505985900007],[130.20410127927838,32.94357262895047],[130.10340783070671,32.95995229696092],[130.05953453958728,32.97323314139635],[130.03219770705846,32.98754751190813],[129.99716108601524,33.01718394598231],[129.925175816011,33.06878286403793],[129.91540896994798,33.08674042413122],[129.93091189976428,33.098961900471295],[129.9358728371617,33.118469754175806],[129.91933637857096,33.144282131515126],[129.86218224481468,33.159862575697275],[129.8292126813201,33.175081285572844],[129.80647505098273,33.196682034348385],[129.79810346889997,33.21639659272853],[129.76668419811722,33.25610993122831],[129.75820926324684,33.2791059430848],[129.7947961770019,33.31724315045102],[129.8145443646307,33.331246004799254]]]},"properties":{"name":"Saga"}},{"type":"Feature","geometry":{"type":"MultiPolygon","coordinates":[[[[130.20410127927838,32.94357262895047],[130.18853629400007,32.91532115800004],[130.16359606100002,32.90929081300004],[130.1491302510001,32.89641304400004],[130.10531660200002,32.87592194200005],[130.12231510100003,32.86881610800009],[130.15363495200006,32.84245733200004],[130.1950023720001,32.844940112000074],[130.24358790200006,32.875284097000076],[130.30728451900006,32.876298975000054],[130.339419787,32.856579311000075],[130.37224368600005,32.793402411000045],[130.3757820940001,32.747884438000085],[130.35093633100007,32.70406338500004],[130.36082701600003,32.687963369000045],[130.34170370900006,32.66725767400004],[130.30557751000003,32.65143396800005],[130.26823067700002,32.65036133400008],[130.2539168630001,32.62482330900008],[130.23154564000004,32.61001434800005],[130.19841204400007,32.602978191000034],[130.18148028400003,32.59232724600008],[130.16956158300002,32.619092230000035],[130.12945734900006,32.641134202000046],[130.12813256000004,32.68387054600004],[130.1535077000001,32.68619748900005],[130.21031382400008,32.73324984100009],[130.207585429,32.752162345000045],[130.18681992200004,32.76206462600004],[130.19023316200003,32.78348173400008],[130.17842736700004,32.79292178700007],[130.1382142650001,32.78884735300005],[130.093789355,32.79486030900006],[130.0641668070001,32.784811268000055],[130.032411657,32.75934986500005],[129.9908080350001,32.74691678000005],[129.95489089500006,32.745171077000066],[129.90344364200007,32.68113718500007],[129.89492938400008,32.662689399000044],[129.85544474200003,32.64008608000006],[129.84127669600002,32.63941524900008],[129.83228560100008,32.61580479700007],[129.7858295540001,32.58310535600009],[129.74035124,32.56844238700006],[129.7340049080001,32.58092038700005],[129.78297457600002,32.60741488500008],[129.81449596100003,32.662551104000045],[129.79692255500004,32.69224452900005],[129.8259541660001,32.704808136000054],[129.845693536,32.70127403300006],[129.85906009200005,32.72451406500005],[129.82379517000004,32.72198462400007],[129.82398522200003,32.73607005400004],[129.8037215500001,32.77228424700007],[129.778656446,32.791001695000034],[129.77100670700008,32.81395091400009],[129.754508987,32.81848265700006],[129.7327100450001,32.80557017500007],[129.72103494200007,32.82707413800006],[129.69809004,32.839544989000046],[129.67465254,32.880519924000055],[129.66968834700003,32.90497467700004],[129.638430137,32.92654636300006],[129.631129363,32.956533586000035],[129.6324026650001,32.97910666700005],[129.6535188360001,33.004253288000086],[129.65186151400007,33.03355786700007],[129.66065830000002,33.03969659100005],[129.66341673400007,33.06902397600004],[129.68161222900005,33.094092267000065],[129.7201975270001,33.078967687000045],[129.734711134,33.060248114000046],[129.7596653390001,33.047889438000084],[129.7386319100001,33.019118252000055],[129.73578382200003,33.003843619000065],[129.7518386370001,32.995939633000035],[129.76632809800003,33.01795398200005],[129.79695900000002,33.01006172800004],[129.82327699500001,32.97953752800004],[129.81384491900008,32.96179569800006],[129.81466930400006,32.92265535000007],[129.80379470800005,32.90246010800007],[129.80747728000006,32.88594190900005],[129.79439983400005,32.874920702000054],[129.84178867900005,32.84441060100005],[129.86870212600002,32.853013496000074],[129.88320558400005,32.87569270700004],[129.98787790900008,32.84171406100006],[129.985691116,32.863087170000085],[129.93122442100002,32.92889427000006],[129.929725265,32.95764131200008],[129.947601759,32.99506256700005],[129.9456226420001,33.015757714000074],[129.91208162100008,33.03650814800005],[129.881443666,33.062762999000086],[129.8238593850001,33.043118812000046],[129.82235552400005,33.06267999000005],[129.79751505900003,33.07730904400006],[129.77495184000009,33.05831396000008],[129.74647953500005,33.065590119000035],[129.7285262380001,33.122300523000035],[129.71216881600003,33.141058661000045],[129.7041121750001,33.11180247600004],[129.68074700600005,33.11487864500009],[129.68702233200008,33.142238674000055],[129.6743270190001,33.160223700000074],[129.6528426440001,33.17015208500004],[129.6455184250001,33.19745514500005],[129.62810306100005,33.19179922100005],[129.6001082690001,33.208319403000075],[129.56413821700005,33.21112702000005],[129.5521443460001,33.225838734000035],[129.56534239400003,33.27206736000005],[129.59149849000005,33.283410159000084],[129.57146659700004,33.32063960100004],[129.58041276000006,33.371007269000074],[129.59241527900008,33.381115210000075],[129.62061608200008,33.35927969000005],[129.64437910200002,33.36237213700008],[129.67318468100007,33.39853911700004],[129.67687347600008,33.362418888000036],[129.70100788500008,33.35300693100004],[129.74416374600003,33.364314257000046],[129.80746504,33.34813060100004],[129.8145443646307,33.331246004799254],[129.7947961770019,33.31724315045102],[129.75820926324684,33.2791059430848],[129.76668419811722,33.25610993122831],[129.79810346889997,33.21639659272853],[129.80647505098273,33.196682034348385],[129.8292126813201,33.175081285572844],[129.86218224481468,33.159862575697275],[129.91933637857096,33.144282131515126],[129.9358728371617,33.118469754175806],[129.93091189976428,33.098961900471295],[129.91540896994798,33.08674042413122],[129.925175816011,33.06878286403793],[129.99716108601524,33.01718394598231],[130.03219770705846,32.98754751190813],[130.05953453958728,32.97323314139635],[130.10340783070671,32.95995229696092],[130.20410127927838,32.94357262895047]]],[[[128.87842693200002,32.673924825000086],[128.899261915,32.64252350500004],[128.85789915700002,32.64340912400007],[128.81771562400002,32.63458958800004],[128.81548846500004,32.64681013500007],[128.79322350400003,32.65249258000006],[128.77222741000003,32.63190338700008],[128.79495874300005,32.610093420000055],[128.79020082700004,32.58638451500008],[128.773110265,32.57166584300006],[128.75538170700008,32.580511786000045],[128.7360418190001,32.603493841000045],[128.66285241000003,32.601548570000034],[128.65263104100006,32.59107501300008],[128.60043889300005,32.614177909000034],[128.6181746750001,32.65965403900009],[128.6318465500001,32.66986725500004],[128.652679884,32.66791413000004],[128.65349368600005,32.69961172100005],[128.6425887380001,32.72239817900004],[128.6504012380001,32.74453359600005],[128.64176757200005,32.76138397300008],[128.66081790500004,32.78278229400007],[128.679047071,32.782904364000046],[128.69965289100003,32.743771302000084],[128.7431746750001,32.75828685100004],[128.779223828,32.776625290000084],[128.78412547900007,32.788181200000054],[128.8084903890001,32.799908412000036],[128.8105574880001,32.766058661000045],[128.8422957690001,32.759466864000046],[128.84978274800005,32.74274323100008],[128.842068713,32.70386139100009],[128.87842693200002,32.673924825000086]]],[[[129.097992384,32.988267320000034],[129.109711134,32.98289622600004],[129.1696282160001,33.005816536000054],[129.18280727800004,32.984685539000054],[129.17595462300005,32.96698639500005],[129.15632505300005,32.958490107000046],[129.1372176440001,32.93817780200004],[129.11754349400007,32.935841081000035],[129.09253686500006,32.90660793700005],[129.0965722520001,32.85694237600006],[129.0679197190001,32.86118283400009],[129.0649520190001,32.81781647300005],[129.04572282800007,32.822092732000044],[129.04041432000008,32.862728196000035],[129.0478195170001,32.909964614000046],[129.03305097700002,32.93333567900004],[128.97942307000005,32.94760914500006],[128.98146031200008,32.960351967000065],[129.02042041900006,32.980624687000045],[129.03503841200006,32.967404474000034],[129.05445397200003,32.97931549700007],[129.04258414900005,33.00015967200005],[129.04862219400002,33.039602796000054],[129.06521060500006,33.04395398200006],[129.067645125,33.01911582900004],[129.0839949880001,33.02338288000004],[129.08099664400004,33.05678184700008],[129.085875278,33.07620750500007],[129.10172462800006,33.08297300600009],[129.1085937680001,33.12241788400007],[129.12391110500005,33.109172923000074],[129.1027123340001,33.05449343500004],[129.097992384,32.988267320000034]]],[[[129.5556842000001,33.41080491100007],[129.56216330100006,33.366393867000056],[129.54202815300005,33.33567670100007],[129.5383170030001,33.31559461200004],[129.501148101,33.28003244000007],[129.49309512600007,33.245163286000036],[129.44660473600004,33.19851960500006],[129.41259095300006,33.17831786000005],[129.37602131000006,33.16971922700009],[129.342500664,33.179620180000086],[129.3607009320001,33.19871806800006],[129.384781986,33.183493173000045],[129.40650475400003,33.19403717700004],[129.3776568840001,33.21463952800008],[129.40843180000002,33.253823673000056],[129.40641102400002,33.27495079100004],[129.43726510800002,33.296679880000056],[129.442662691,33.34806608900004],[129.49512950000008,33.35829457300008],[129.52532080700007,33.40492725000007],[129.5556842000001,33.41080491100007]]],[[[129.7763778000001,33.773423570000034],[129.79957116000003,33.764837958000044],[129.78386478000004,33.73818594000005],[129.73506403500005,33.73673856400006],[129.71045983200008,33.700832424000055],[129.657126909,33.74255478300006],[129.64665808300003,33.77277290600006],[129.6602833510001,33.783591931000046],[129.6569338810001,33.81545368900004],[129.67314449900005,33.832217928000034],[129.68671992200007,33.85979586600007],[129.70069420700008,33.86155833500004],[129.76726321700005,33.84454987200007],[129.76678701100002,33.80209537200005],[129.7968856130001,33.786444403000075],[129.7763778000001,33.773423570000034]]],[[[129.31252838900002,34.27975637600008],[129.31678390000002,34.294468719000065],[129.34258315800002,34.29305183900004],[129.34296047100008,34.278277529000036],[129.31807550400003,34.25834963300008],[129.32480321700007,34.22925262400008],[129.30938369900002,34.21905214800006],[129.29971373600006,34.19782318000006],[129.29721196100002,34.170476062000034],[129.287848285,34.16512018200007],[129.27658744000007,34.12911120600006],[129.2482968390001,34.09992685800006],[129.216062405,34.09833929200005],[129.19030802600003,34.11481074200009],[129.17163425900003,34.10680681200006],[129.1703536440001,34.14681568300006],[129.17880296200008,34.169765202000065],[129.17588028900002,34.195509135000066],[129.18049970800007,34.227217013000086],[129.18925958300008,34.234227385000054],[129.19853454100007,34.316228084000045],[129.22524498500002,34.32740336900008],[129.22405260200003,34.29344308800006],[129.2620431790001,34.30776139300008],[129.28019698700007,34.32287172800005],[129.30246202400008,34.30778735000007],[129.31252838900002,34.27975637600008]]],[[[129.45264733200008,34.61945221600007],[129.47820071700005,34.59711334800005],[129.464241065,34.55427396300007],[129.4460831890001,34.51477564000004],[129.40232637400004,34.48164673200006],[129.379472781,34.452622973000075],[129.38428795700008,34.42401764500005],[129.3618308670001,34.405485748000046],[129.35946395400003,34.39062150700005],[129.38431153200008,34.38341631900005],[129.38814520100004,34.36675509200006],[129.4079686450001,34.351579901000036],[129.368241614,34.30743171200004],[129.34383322200006,34.30031431500004],[129.324511883,34.304593338000075],[129.30546399500008,34.32487545400005],[129.32090476000008,34.333849042000054],[129.34506369500002,34.32724397800007],[129.3470027080001,34.35585198900009],[129.3345957140001,34.36059135700009],[129.3051037470001,34.34320609200006],[129.30493826400004,34.37242417900006],[129.27199211700008,34.35621928200004],[129.24829130400008,34.351925460000075],[129.23538380000002,34.368132348000074],[129.272349114,34.375696607000066],[129.27375144500002,34.41293237800005],[129.26856862500006,34.43305128800006],[129.276044124,34.46218849400009],[129.3049307670001,34.520287272000076],[129.3261191900001,34.53543877000004],[129.30845618800004,34.56038743000005],[129.28910691400006,34.56986674800004],[129.303359203,34.58687697000005],[129.32330009600003,34.64807215700006],[129.37833743400006,34.644851764000066],[129.41822846900004,34.68539200500004],[129.46456058500007,34.70080530600006],[129.4877511300001,34.676396890000035],[129.47814236700003,34.65072063800005],[129.4882777150001,34.63567767100005],[129.480912804,34.619909575000065],[129.45264733200008,34.61945221600007]]],[[[128.899750196,32.81830475500004],[128.9072371750001,32.79401276200008],[128.88233483200008,32.765285549000055],[128.86646569100003,32.764960028000075],[128.83521569100003,32.78766510600008],[128.837250196,32.83380768400008],[128.8681746750001,32.83783600500004],[128.899750196,32.81830475500004]]],[[[128.9531356130001,32.874212958000044],[128.9580184250001,32.841498114000046],[128.94459069100003,32.82339101800005],[128.92400149800005,32.82965729400007],[128.89576256600003,32.85643138200004],[128.89087975400003,32.87091705900008],[128.93767337300005,32.86078522300005],[128.9531356130001,32.874212958000044]]],[[[129.0278426440001,32.89980703300006],[129.028168165,32.85565827000005],[128.96802819100003,32.87368398600006],[128.96461022200003,32.89826080900008],[128.983734571,32.90664297100005],[128.99244225400003,32.92942942900004],[129.02068118600005,32.91669342700004],[129.0278426440001,32.89980703300006]]],[[[129.13550866000003,33.29987213700008],[129.14958743600005,33.26902903900009],[129.127289259,33.24750397300005],[129.10320071700005,33.24917226800005],[129.0761824880001,33.268784898000035],[129.08912194100003,33.283270575000074],[129.13550866000003,33.29987213700008]]],[[[129.55591881600003,33.49396393400008],[129.55445397200003,33.47345612200007],[129.50668379,33.48309967700004],[129.54175866000003,33.50731028900009],[129.55591881600003,33.49396393400008]]]]},"properties":{"name":"Nagasaki"}},{"type":"Feature","geometry":{"type":"MultiPolygon","coordinates":[[[[130.34464310589453,32.16178458089365],[130.35865319100003,32.17267487200007],[130.35865319100003,32.190659898000035],[130.431000196,32.257147528000075],[130.44402103000004,32.28782786700009],[130.46371504,32.30939362200007],[130.46168053500003,32.32721588700008],[130.4770613940001,32.34902578300006],[130.50318444100003,32.32721588700008],[130.51246178500003,32.33820221600007],[130.51002037900003,32.37848541900007],[130.54053795700008,32.416001695000034],[130.56202233200008,32.427069403000075],[130.5712996750001,32.45189036700009],[130.56763756600003,32.47768789300005],[130.55046634200005,32.49168528900009],[130.59058678500003,32.518459377000056],[130.567718946,32.53416575700004],[130.57007897200003,32.55459219000005],[130.64128665500004,32.607489325000074],[130.668304884,32.64874909100007],[130.641449415,32.64834219000005],[130.47803795700008,32.62201569200005],[130.44800866000003,32.62140534100007],[130.47527103000004,32.64704010600008],[130.54420006600003,32.67670319200005],[130.576508009,32.69839101800005],[130.6259871750001,32.704006252000056],[130.60141035200002,32.72614166900007],[130.59197024800005,32.74872467700004],[130.61304772200003,32.781236070000034],[130.59302819100003,32.81586334800005],[130.5161238940001,32.868475653000075],[130.47022545700008,32.90973541900007],[130.44125410200002,32.92365143400008],[130.43311608200008,32.94171784100007],[130.42915838854074,32.980522542911146],[130.44514407843644,32.989511217568634],[130.48395307757244,32.994678860540944],[130.50193647698677,33.00984589357313],[130.49899092029466,33.03397878699138],[130.5217802265762,33.061599840360316],[130.5636898129345,33.09167552310686],[130.57986453721855,33.098367621268665],[130.63588178941302,33.10428457307455],[130.68518110592322,33.140044664529626],[130.72864098499338,33.134463609507975],[130.78682864842335,33.100512193183135],[130.83473270095328,33.08092682511284],[130.87080284987155,33.070824083164894],[130.951211378802,33.032273463749334],[130.9908988788801,33.03310028694864],[131.00965742375104,33.079531562031946],[130.97973676973606,33.11994253252186],[130.9730188340519,33.14461802829936],[130.9775663602992,33.1607152373183],[131.0289327325595,33.177019151012985],[131.0594218282547,33.18061066285179],[131.12494754409386,33.14244761796317],[131.14076053317206,33.12596283621588],[131.17228315584293,33.074131375062905],[131.2014286644013,33.04201447229002],[131.23465661031423,32.975196845258154],[131.240082635705,32.95450043404776],[131.24618045466423,32.89385814124023],[131.26214847157462,32.86628876381536],[131.323901809321,32.82228628238602],[131.2705200536575,32.81050405471831],[131.24225304604124,32.793269965036814],[131.2104203632091,32.734694728878594],[131.18137820923687,32.70864980754254],[131.15957075398705,32.67565440472697],[131.1254126320872,32.64604380997383],[131.10458702966764,32.614081935932575],[131.09998782837556,32.58638336819786],[131.08567345606514,32.57134552727422],[131.04660607271205,32.56449839948152],[131.02252485613712,32.534086819051424],[131.00412804557277,32.48742300087076],[131.00004560821822,32.460112005864346],[131.01306806933587,32.42228485775996],[131.05420250933832,32.38078868345099],[131.0835030457289,32.32518484150722],[131.08712039598947,32.29963084568698],[131.05032677576003,32.246197414978724],[131.05497765479493,32.22258128549788],[131.0784387546447,32.18364309335408],[131.075906610002,32.155634467256846],[131.05296227408962,32.15323151292398],[131.00562666234055,32.16578888604823],[130.9864547063196,32.154471747273305],[130.9674377790302,32.131889146566834],[130.93689700739094,32.114965115247855],[130.90925011560034,32.12191559492874],[130.88367028225764,32.11915090628929],[130.83741987522706,32.095663967118355],[130.8107548362666,32.090832220930224],[130.74181847484272,32.093519395203884],[130.7123629088211,32.09090973619533],[130.67448408387327,32.112226264130754],[130.6108703959519,32.15702973123706],[130.58978641201327,32.16346344698047],[130.52550092962417,32.13984731749969],[130.42437015196094,32.113414822536015],[130.38261559523346,32.12646312117607],[130.34464310589453,32.16178458089365]]],[[[130.15308678500003,32.20376211100006],[130.18726647200003,32.19635651200008],[130.19410241000003,32.17641836100006],[130.167328321,32.11432526200008],[130.149261915,32.11050039300005],[130.12777754,32.13231028900009],[130.11109459700003,32.19330475500004],[130.1211043630001,32.21263255400004],[130.15308678500003,32.20376211100006]]],[[[130.41000410200002,32.51162344000005],[130.4570418630001,32.52558014500005],[130.46851647200003,32.51162344000005],[130.43482506600003,32.49274323100008],[130.39283287900003,32.39716217700004],[130.3623153000001,32.374986070000034],[130.35865319100003,32.41290924700007],[130.343109571,32.42182038000004],[130.32447350400003,32.409816799000055],[130.28443444100003,32.407538153000075],[130.24195397200003,32.39549388200004],[130.21306399800005,32.43650950700004],[130.21859785200002,32.455959377000056],[130.24789472700002,32.46458567900004],[130.26783287900003,32.48419830900008],[130.3051863940001,32.50405508000006],[130.34156334700003,32.51434967700004],[130.36304772200003,32.52708567900004],[130.3833113940001,32.509426174000055],[130.41000410200002,32.51162344000005]]],[[[130.160492384,32.54633209800005],[130.1894637380001,32.52179596600007],[130.19898522200003,32.480169989000046],[130.201508009,32.39549388200004],[130.208343946,32.37327708500004],[130.20337975400003,32.33885325700004],[130.19068444100003,32.323553778000075],[130.15772545700008,32.310248114000046],[130.1333113940001,32.26512278900009],[130.10531660200002,32.25214264500005],[130.07496178500003,32.220770575000074],[130.01197350400003,32.190619208000044],[129.99439537900003,32.19989655200004],[129.99732506600003,32.24404531500005],[129.97584069100003,32.24591705900008],[129.9653426440001,32.25820547100005],[130.0166121750001,32.29311758000006],[130.0532332690001,32.296535549000055],[130.0302840500001,32.31362539300005],[130.0087996750001,32.305894273000035],[129.99146569100003,32.314439195000034],[129.97527103000004,32.35541413000004],[129.9804793630001,32.37563711100006],[129.995453321,32.388657945000034],[129.98902428500003,32.40448639500005],[129.99439537900003,32.42413971600007],[130.0302840500001,32.482407945000034],[130.0254012380001,32.50214264500005],[130.03296959700003,32.521918036000045],[130.05648847700002,32.521185614000046],[130.07691491000003,32.53099192900004],[130.13982181100005,32.54767487200007],[130.160492384,32.54633209800005]]],[[[130.24390709700003,32.30182526200008],[130.266449415,32.28705475500004],[130.24284915500004,32.26308828300006],[130.21070397200003,32.25535716400009],[130.21705162900003,32.28693268400008],[130.24390709700003,32.30182526200008]]],[[[130.44678795700008,32.59682851800005],[130.45264733200008,32.59064362200007],[130.4458113940001,32.55255768400008],[130.4091903000001,32.549261786000045],[130.41138756600003,32.573879299000055],[130.398773634,32.59316640800006],[130.41358483200008,32.61359284100007],[130.4365340500001,32.62067291900007],[130.45289147200003,32.610988674000055],[130.44678795700008,32.59682851800005]]]]},"properties":{"name":"Kumamoto"}},{"type":"Feature","geometry":{"type":"Polygon","coordinates":[[[131.87232506600003,32.731634833000044],[131.8593856130001,32.717678127000056],[131.85592484900008,32.686084221000044],[131.8339517390001,32.69866452900004],[131.800639584,32.68083304800007],[131.76783287900003,32.64411041900007],[131.76685631600003,32.620794989000046],[131.74333743600005,32.587958075000074],[131.70879259100002,32.585903477000045],[131.6821395190001,32.53506094000005],[131.695648634,32.51146067900004],[131.71892337300005,32.50873444200005],[131.73650149800005,32.49168528900009],[131.7172957690001,32.47296784100007],[131.69548587300005,32.46824778900009],[131.65979027600008,32.47681957400005],[131.65662940000004,32.45735773000007],[131.68913158600003,32.421737335000046],[131.63347415500004,32.39549388200004],[131.619476759,32.337103583000044],[131.59253991000003,32.30365631700005],[131.580414259,32.253973700000074],[131.56241690000002,32.21791637100006],[131.5503272420001,32.16946608900008],[131.53052845600007,32.10739128200004],[131.45857033700008,31.905451862000064],[131.4472762380001,31.876898505000042],[131.447621863,31.847434831000044],[131.468042276,31.80489943300006],[131.49634850400003,31.79596588700008],[131.47527103000004,31.762152411000045],[131.450531446,31.65110911700009],[131.45533287900003,31.620917059000078],[131.411468946,31.58612702000005],[131.39079837300005,31.548814195000034],[131.3852645190001,31.52692291900007],[131.39372806100005,31.491034247000073],[131.37623131600003,31.474432684000078],[131.3637801440001,31.419663804000038],[131.34546959700003,31.394964911000045],[131.325043165,31.38812897300005],[131.26587975400003,31.38117096600007],[131.24984785200002,31.38812897300005],[131.238617384,31.42841217700004],[131.21265709700003,31.454738674000055],[131.17863301300008,31.452428893000047],[131.15064537900003,31.47134023600006],[131.18137820923687,31.511771959308476],[131.1918168479691,31.57466217681798],[131.17476362544096,31.600267849481668],[131.15600507967065,31.612747708240136],[131.10076297383216,31.619413967080902],[131.03585737471803,31.64535553652877],[131.01663374185364,31.675922145690436],[131.00237104728592,31.723516139857963],[130.96547407426908,31.760671495293252],[130.8970028017378,31.784261786352317],[130.88103478392804,31.801340847302242],[130.87638390489326,31.824440212845502],[130.88118981265973,31.870225531882795],[130.87343834910052,31.887562975251114],[130.84703169165914,31.909525458333235],[130.82377729738437,31.919602362758837],[130.78388309083198,31.954845689377066],[130.70011559495867,32.06703522429615],[130.7123629088211,32.09090973619533],[130.74181847484272,32.093519395203884],[130.8107548362666,32.090832220930224],[130.83741987522706,32.095663967118355],[130.88367028225764,32.11915090628929],[130.90925011560034,32.12191559492874],[130.93689700739094,32.114965115247855],[130.9674377790302,32.131889146566834],[130.9864547063196,32.154471747273305],[131.00562666234055,32.16578888604823],[131.05296227408962,32.15323151292398],[131.075906610002,32.155634467256846],[131.0784387546447,32.18364309335408],[131.05497765479493,32.22258128549788],[131.05032677576003,32.246197414978724],[131.08712039598947,32.29963084568698],[131.0835030457289,32.32518484150722],[131.05420250933832,32.38078868345099],[131.01306806933587,32.42228485775996],[131.00004560821822,32.460112005864346],[131.00412804557277,32.48742300087076],[131.02252485613712,32.534086819051424],[131.04660607271205,32.56449839948152],[131.08567345606514,32.57134552727422],[131.09998782837556,32.58638336819786],[131.10458702966764,32.614081935932575],[131.1254126320872,32.64604380997383],[131.15957075398705,32.67565440472697],[131.18137820923687,32.70864980754254],[131.2104203632091,32.734694728878594],[131.24225304604124,32.793269965036814],[131.2705200536575,32.81050405471831],[131.323901809321,32.82228628238602],[131.35661299039714,32.80463877975586],[131.42146691266782,32.80479381028607],[131.46415164628138,32.81789378487025],[131.49009321482993,32.80848867401306],[131.50311567594758,32.792753201099345],[131.50187544159826,32.75916351998046],[131.51562137312783,32.74593435328774],[131.53970258970276,32.743040473439066],[131.59034549424916,32.759783636705436],[131.69566206295383,32.76582977972055],[131.73493615098255,32.82042593041234],[131.76118777879287,32.82218292869919],[131.80924686095386,32.80897960132751],[131.81916873574846,32.798360094542716],[131.830227492105,32.75239390745287],[131.83921919181216,32.73410045057534],[131.87232506600003,32.731634833000044]]]},"properties":{"name":"Miyazaki"}},{"type":"Feature","geometry":{"type":"Polygon","coordinates":[[[134.44244567343011,34.20826688237468],[134.46862330400006,34.20746014400004],[134.4952425680001,34.22423534200004],[134.560883009,34.22142161700009],[134.5942488940001,34.232123114000046],[134.610349369,34.216027454000084],[134.62789552800007,34.23308190400007],[134.628265821,34.17792389500005],[134.62273196700005,34.134466864000046],[134.60518737900009,34.110776919000045],[134.607758009,34.067613023000035],[134.59522545700008,34.04596588700008],[134.59978274800005,34.009466864000046],[134.62425075300007,33.99758112900008],[134.63701600000002,34.01066622400009],[134.662916031,33.96886860900008],[134.69596250000006,33.95189325700005],[134.70289147200003,33.906236070000034],[134.68677819100003,33.88621653900009],[134.66236412900003,33.875881252000056],[134.64625084700003,33.85309479400007],[134.66081790500004,33.84638092700004],[134.71705162900003,33.84796784100007],[134.73230385400007,33.825951916000065],[134.66465403400002,33.79848707600007],[134.65186608200008,33.786444403000075],[134.616799862,33.782601997000086],[134.607758009,33.76601797100005],[134.57937739500005,33.76417006200006],[134.57066101500004,33.736448978000055],[134.54637791100004,33.73250210200007],[134.53844025700005,33.71685772500007],[134.4573003920001,33.67092600800004],[134.40402239800005,33.65447756000009],[134.3761745380001,33.63565700800007],[134.38862168100002,33.623634081000034],[134.339452853,33.57706668000009],[134.312348015,33.57250647400008],[134.313701067,33.54307917700004],[134.29566479703317,33.530322987932436],[134.24904625887768,33.543560085729325],[134.23509362177322,33.54038198504054],[134.19008344909184,33.55151825576286],[134.154840123373,33.60921499277765],[134.16310835176898,33.63427806218283],[134.15871585515254,33.65624054616427],[134.13230919771127,33.67220856397404],[134.06016889897546,33.67933991080821],[134.05231408083012,33.74843130096377],[134.02776777626184,33.80325999655156],[134.01753584220535,33.81077891701341],[133.97345584461152,33.816049912773224],[133.9546972997406,33.81240672499035],[133.92208947235122,33.78636180275498],[133.88498579286,33.79005666828061],[133.81315555158733,33.82336212855938],[133.74334069191934,33.82661774271463],[133.6478943220652,33.8556598984855],[133.66680789566783,33.901290187891846],[133.66887495321646,33.92780019812062],[133.6606067239211,33.99787344020706],[133.70391157425968,34.021489569687844],[133.75713830029224,34.05885162979888],[133.79114139166188,34.06520783117645],[133.8282450711531,34.09288056138877],[133.89992028189545,34.10065786426901],[133.94131310431624,34.07823029229411],[133.96539432179043,34.07197744370404],[133.99970747332122,34.07905711549347],[134.03412397674003,34.09559357408415],[134.091226433653,34.10644562396635],[134.12336917484754,34.12282705292614],[134.13670169522698,34.143704332189145],[134.17210005057677,34.15765696929367],[134.21974572158774,34.162617905791706],[134.36015058817907,34.16401316977192],[134.39585900279064,34.15419464776477],[134.41973351468994,34.161481025129206],[134.44244567343011,34.20826688237468]]]},"properties":{"name":"Tokushima"}},{"type":"Feature","geometry":{"type":"MultiPolygon","coordinates":[[[[133.59188392157603,34.02380922102459],[133.62086022200003,34.04555898600006],[133.64128665500004,34.07916901200008],[133.64812259200005,34.124660549000055],[133.6411238940001,34.18463776200008],[133.62037194100003,34.21165599200009],[133.5722762380001,34.242173570000034],[133.57935631600003,34.24941640800006],[133.637543165,34.233587958000044],[133.65447024800005,34.23895905200004],[133.67261803500003,34.22313060100004],[133.70142662900003,34.23126862200007],[133.78199303500003,34.288275458000044],[133.84359785200002,34.31224192900004],[133.87419681100005,34.32831452000005],[133.89966881600003,34.364162502000056],[133.94654381600003,34.376166083000044],[134.00123131600003,34.35224030200004],[134.04615319100003,34.35504791900007],[134.08130944100003,34.347723700000074],[134.10075931100005,34.376166083000044],[134.12281334700003,34.36660390800006],[134.1274520190001,34.38979726800005],[134.15300540500004,34.38572825700004],[134.16163170700008,34.362494208000044],[134.16627037900003,34.32485586100006],[134.1904403000001,34.325384833000044],[134.2168074880001,34.35504791900007],[134.27125084700003,34.32306549700007],[134.2578231130001,34.294175523000035],[134.2968856130001,34.27529531500005],[134.32178795700008,34.26894765800006],[134.35767662900003,34.24640534100007],[134.39665774800005,34.24945709800005],[134.41570071700005,34.22418854400007],[134.44244567343011,34.20826688237468],[134.41973351468994,34.161481025129206],[134.39585900279064,34.15419464776477],[134.36015058817907,34.16401316977192],[134.21974572158774,34.162617905791706],[134.17210005057677,34.15765696929367],[134.13670169522698,34.143704332189145],[134.12336917484754,34.12282705292614],[134.091226433653,34.10644562396635],[134.03412397674003,34.09559357408415],[133.99970747332122,34.07905711549347],[133.96539432179043,34.07197744370404],[133.94131310431624,34.07823029229411],[133.89992028189545,34.10065786426901],[133.8282450711531,34.09288056138877],[133.79114139166188,34.06520783117645],[133.75713830029224,34.05885162979888],[133.70391157425968,34.021489569687844],[133.6606067239211,33.99787344020706],[133.64665408681662,34.01213613477478],[133.59188392157603,34.02380922102459]]],[[[134.36736087300005,34.55426666900007],[134.3632918630001,34.545355536000045],[134.37427819100003,34.513332424000055],[134.36890709700003,34.484361070000034],[134.34693444100003,34.43081289300005],[134.32496178500003,34.45368073100008],[134.320648634,34.46893952000005],[134.29908287900003,34.464911200000074],[134.26238040500004,34.42088450700004],[134.24439537900003,34.41771067900004],[134.24870853000004,34.453192450000074],[134.22339928500003,34.472357489000046],[134.17017662900003,34.46548086100006],[134.17505944100003,34.52008698100008],[134.20378665500004,34.51243724200009],[134.22828209700003,34.51837799700007],[134.27125084700003,34.540676174000055],[134.36736087300005,34.55426666900007]]],[[[133.715668165,34.396144924000055],[133.72584069100003,34.37140534100007],[133.7031356130001,34.35175202000005],[133.6919051440001,34.37840403900009],[133.715668165,34.396144924000055]]],[[[134.04900149800005,34.47435130400004],[134.03834069100003,34.483303127000056],[134.083425326,34.50071849200009],[134.102875196,34.48094310100004],[134.0839949880001,34.459824937000064],[134.04900149800005,34.47435130400004]]]]},"properties":{"name":"Kagawa"}},{"type":"Feature","geometry":{"type":"MultiPolygon","coordinates":[[[[132.63990319100003,32.90892161700009],[132.61841881600003,32.90688711100006],[132.57545006600003,32.93183014500005],[132.57203209700003,32.923081773000035],[132.52418053500003,32.93024323100008],[132.51734459700003,32.909409898000035],[132.52076256600003,32.88930898600006],[132.49048912900003,32.90119049700007],[132.47227232600005,32.933672312000056],[132.494039466,32.94893138500004],[132.48291855800005,32.97050124400005],[132.50147545700008,32.99323151200008],[132.47149541200008,33.04068590400004],[132.45183353000004,33.05288320500006],[132.46273847700002,33.067694403000075],[132.46900475400003,33.095770575000074],[132.46273847700002,33.105454820000034],[132.48755944100003,33.12547435100004],[132.4795028000001,33.135972398000035],[132.4502059250001,33.13666413000004],[132.43539472700002,33.15582916900007],[132.44924661700009,33.185075323000035],[132.42366068900003,33.19917609400005],[132.398647482,33.18718380200005],[132.39467584800002,33.20389482100006],[132.42012383400004,33.209824239000056],[132.45965886500005,33.20401231800008],[132.461201039,33.191403309000066],[132.48570176400005,33.169153220000055],[132.505077281,33.18123508500008],[132.50266988300007,33.19873474700006],[132.51376684500008,33.21334291800008],[132.54836358700004,33.226902944000074],[132.53682887000002,33.242584289000035],[132.48457057000007,33.27652591800006],[132.484735461,33.29084085900007],[132.5256097680001,33.31466423100005],[132.48680352500003,33.316068149000046],[132.42012139200006,33.30435563900005],[132.37867272200003,33.31948476800005],[132.384125196,33.33087799700007],[132.41553795700008,33.341457424000055],[132.3906356130001,33.374986070000034],[132.3911238940001,33.39789459800005],[132.40805097700002,33.41657135600008],[132.40414472700002,33.43764883000006],[132.42115319100003,33.44448476800005],[132.38111412900003,33.466050523000035],[132.3445962300001,33.46715465400007],[132.32223273500006,33.45755532700008],[132.30780389000006,33.46428988300005],[132.2785860240001,33.447300719000054],[132.253606956,33.44070882600005],[132.17973878400005,33.40698609900005],[132.1499849060001,33.389167102000044],[132.13066048300004,33.36356636600004],[132.1015677480001,33.37013383500005],[132.1102955670001,33.386727643000086],[132.02548739100007,33.344903696000074],[132.02963653000006,33.36524659100007],[132.0515547,33.37604022700009],[132.094319993,33.40848712800005],[132.13548759700006,33.42002259800006],[132.16657605400007,33.42020372400009],[132.155280026,33.437046147000046],[132.19976662700003,33.455010144000084],[132.22188075000008,33.45402577700008],[132.24068462600007,33.464576055000066],[132.26463165100006,33.464073502000076],[132.2937458780001,33.48538023100008],[132.41236412900003,33.53497955900008],[132.42847741000003,33.54759349200009],[132.44166100400003,33.57294342700004],[132.47046959700003,33.60211823100008],[132.50061234100008,33.62499820900007],[132.60173587300005,33.66038646000004],[132.64547459300002,33.68958766600008],[132.676605665,33.71564362200007],[132.69711347700002,33.756740627000056],[132.69008267200002,33.81390538000005],[132.712370372,33.904548780000084],[132.7549368770001,33.91032024900005],[132.75748129400006,33.93494834400008],[132.7724715500001,33.95587799700007],[132.76986156700002,33.996270044000084],[132.84718604500006,34.03996357900007],[132.8623590960001,34.055893542000035],[132.91911043000005,34.06840607300006],[132.93033802800005,34.094375970000044],[132.9261582900001,34.11166809600007],[132.94238361200007,34.14126203700005],[133.0318488380001,34.052734410000085],[133.06031334700003,33.99135976800005],[133.08660030500005,33.94931331500004],[133.1270108880001,33.93329063900006],[133.146703956,33.93154110200004],[133.173292231,33.94058406500005],[133.24368022400006,33.95625729500006],[133.24887447000003,33.97410853100007],[133.2790455600001,33.983276759000034],[133.29982343000006,33.98102486000005],[133.322607543,33.990552810000054],[133.35994768400008,33.98270960000008],[133.41480553500003,33.98574453300006],[133.4863387380001,33.96674225500004],[133.51099694100003,33.96523672100005],[133.54859459700003,33.98094310100004],[133.59188392157603,34.02380922102459],[133.64665408681662,34.01213613477478],[133.6606067239211,33.99787344020706],[133.66887495321646,33.92780019812062],[133.66680789566783,33.901290187891846],[133.6478943220652,33.8556598984855],[133.56025109261373,33.85312775294341],[133.51539594866404,33.83700470640207],[133.4941052591504,33.824576524486986],[133.46852542490842,33.81927969030545],[133.3839311058358,33.81323354729034],[133.3350452013749,33.81302684171533],[133.30228234255605,33.80517202446936],[133.26838260307466,33.8048102892634],[133.2229073432992,33.77364939999978],[133.17882734570537,33.77155650492875],[133.14792483886015,33.72972443293622],[133.11676395139523,33.67228607833982],[133.06617272369215,33.617974148488145],[133.04503706291007,33.5647474233549],[133.0452437675857,33.5345942253432],[133.0354252455786,33.51167572695323],[132.98581587070578,33.461317044146256],[132.95026248572503,33.44968984610949],[132.82024458192188,33.4501549341029],[132.80391482980554,33.435427151541774],[132.8158520862048,33.38904755330191],[132.84799482560072,33.35284821227515],[132.87812218608997,33.32636404136741],[132.87667524616563,33.302722073464906],[132.85962202363748,33.29042308185973],[132.80189944910023,33.26138092698818],[132.77363243968534,33.23900503185672],[132.75859459876165,33.18823293700041],[132.7243331240744,33.16766571699924],[132.69575605719626,33.13069123051588],[132.67327680927724,33.122888089213916],[132.63260745726825,33.151981920029584],[132.61384891239732,33.14500560192698],[132.61772464417697,33.12529104354678],[132.64826541581624,33.06904124645632],[132.64847212139125,33.04581268970384],[132.67172651566614,33.001112576284356],[132.6753438659266,32.96279450086553],[132.66940107569906,32.942330634551126],[132.63990319100003,32.90892161700009]]],[[[132.99947548700004,34.208377288000065],[132.9638778000001,34.19188060100004],[132.9629012380001,34.218451239000046],[132.98585045700008,34.22695547100005],[132.99170983200008,34.242254950000074],[132.9697371750001,34.25263092700004],[133.01002037900003,34.29124583500004],[133.03003991000003,34.29531484600005],[133.0449324880001,34.273098049000055],[133.0556746750001,34.24237702000005],[133.0517684250001,34.222316799000055],[133.03484134200005,34.20734284100007],[132.99947548700004,34.208377288000065]]],[[[132.64136803500003,34.01406484600005],[132.64429772200003,34.000881252000056],[132.63445071700005,33.964829820000034],[132.60043379,33.94989655200004],[132.5869246750001,33.96967194200005],[132.64136803500003,34.01406484600005]]],[[[133.09351647200003,34.17430247600004],[133.09441165500004,34.16038646000004],[133.04517662900003,34.118394273000035],[133.01710045700008,34.118841864000046],[133.0200301440001,34.149644273000035],[133.03679446700005,34.15326569200005],[133.02621504,34.17617422100005],[133.03305097700002,34.18939850500004],[133.05543053500003,34.19354889500005],[133.09351647200003,34.17430247600004]]]]},"properties":{"name":"Ehime"}},{"type":"Feature","geometry":{"type":"MultiPolygon","coordinates":[[[[134.29566479703317,33.530322987932436],[134.2732050850001,33.50800352400006],[134.2446336050001,33.46075022600007],[134.21452884200005,33.376613674000055],[134.19849694100003,33.31028880400004],[134.19025513100007,33.24832929400009],[134.17652712200004,33.23612782100008],[134.14176414200006,33.29179326500008],[134.1062243450001,33.294332361000045],[134.107960423,33.31492348200004],[134.07997292100004,33.33904807300007],[134.0400496750001,33.384100653000075],[134.025536461,33.41540034500008],[133.9687606130001,33.43569570500006],[133.94214849600007,33.45887910400006],[133.92520516600007,33.49369326100009],[133.85490166900001,33.50009453000007],[133.76305219800008,33.51978440700009],[133.73939679,33.537506879000034],[133.67214782000008,33.528902337000034],[133.60773318400004,33.51582468000004],[133.58930516600003,33.501933551000036],[133.46590938600002,33.454324098000086],[133.45036868600005,33.430853583000044],[133.4550887380001,33.41469961100006],[133.41480553500003,33.39305247600004],[133.36500084700003,33.387600002000056],[133.32601972700002,33.368801174000055],[133.31234785200002,33.37555573100008],[133.26937910200002,33.346869208000044],[133.25456790500004,33.326239325000074],[133.2519637380001,33.29474518400008],[133.270843946,33.25950755400004],[133.253265821,33.21906159100007],[133.21533962500007,33.187503519000074],[133.21794681100005,33.16583893400008],[133.19014923300006,33.16331643500007],[133.16503341100008,33.13719955500005],[133.13238695400003,33.08902945600005],[133.0971161340001,33.048111006000056],[133.0898543630001,33.01927317900004],[133.052847681,33.03949864300006],[133.01825880900003,33.024023267000075],[133.001702206,32.98695675100004],[132.994412721,32.948993177000034],[133.00928795700008,32.90346914300005],[133.0024520190001,32.86933014500005],[132.98990530800006,32.862576095000065],[132.96105903500006,32.86410052600007],[132.95509926500006,32.85262854200005],[132.95547713300004,32.81461873300009],[133.01734459700003,32.757879950000074],[133.02800540500004,32.72064850500004],[133.00220787900003,32.71165599200009],[132.9765731130001,32.72451406500005],[132.95679772200003,32.75861237200007],[132.9150496750001,32.77798086100006],[132.8584090500001,32.769598700000074],[132.81218509200005,32.740301825000074],[132.7915145190001,32.740668036000045],[132.75757897200003,32.752386786000045],[132.71140079600002,32.78952538900006],[132.66464317600003,32.77886830400007],[132.62766076800006,32.752093098000046],[132.61990336400004,32.772990306000054],[132.623376882,32.79949569300004],[132.64600159500003,32.825692004000075],[132.6630072600001,32.85680765600006],[132.70516686400003,32.89716469000007],[132.70915774800005,32.909409898000035],[132.63990319100003,32.90892161700009],[132.66940107569906,32.942330634551126],[132.6753438659266,32.96279450086553],[132.67172651566614,33.001112576284356],[132.64847212139125,33.04581268970384],[132.64826541581624,33.06904124645632],[132.61772464417697,33.12529104354678],[132.61384891239732,33.14500560192698],[132.63260745726825,33.151981920029584],[132.67327680927724,33.122888089213916],[132.69575605719626,33.13069123051588],[132.7243331240744,33.16766571699924],[132.75859459876165,33.18823293700041],[132.77363243968534,33.23900503185672],[132.80189944910023,33.26138092698818],[132.85962202363748,33.29042308185973],[132.87667524616563,33.302722073464906],[132.87812218608997,33.32636404136741],[132.84799482560072,33.35284821227515],[132.8158520862048,33.38904755330191],[132.80391482980554,33.435427151541774],[132.82024458192188,33.4501549341029],[132.95026248572503,33.44968984610949],[132.98581587070578,33.461317044146256],[133.0354252455786,33.51167572695323],[133.0452437675857,33.5345942253432],[133.04503706291007,33.5647474233549],[133.06617272369215,33.617974148488145],[133.11676395139523,33.67228607833982],[133.14792483886015,33.72972443293622],[133.17882734570537,33.77155650492875],[133.2229073432992,33.77364939999978],[133.26838260307466,33.8048102892634],[133.30228234255605,33.80517202446936],[133.3350452013749,33.81302684171533],[133.3839311058358,33.81323354729034],[133.46852542490842,33.81927969030545],[133.4941052591504,33.824576524486986],[133.51539594866404,33.83700470640207],[133.56025109261373,33.85312775294341],[133.6478943220652,33.8556598984855],[133.74334069191934,33.82661774271463],[133.81315555158733,33.82336212855938],[133.88498579286,33.79005666828061],[133.92208947235122,33.78636180275498],[133.9546972997406,33.81240672499035],[133.97345584461152,33.816049912773224],[134.01753584220535,33.81077891701341],[134.02776777626184,33.80325999655156],[134.05231408083012,33.74843130096377],[134.06016889897546,33.67933991080821],[134.13230919771127,33.67220856397404],[134.15871585515254,33.65624054616427],[134.16310835176898,33.63427806218283],[134.154840123373,33.60921499277765],[134.19008344909184,33.55151825576286],[134.23509362177322,33.54038198504054],[134.24904625887768,33.543560085729325],[134.29566479703317,33.530322987932436]]],[[[132.56202233200008,32.74213288000004],[132.5708113940001,32.71727122600004],[132.54322350400003,32.70844147300005],[132.539886915,32.73379140800006],[132.56202233200008,32.74213288000004]]]]},"properties":{"name":"Kōchi"}},{"type":"Feature","geometry":{"type":"MultiPolygon","coordinates":[[[[133.12134850400003,36.10976797100005],[133.13542728000004,36.089544989000046],[133.12322024800005,36.062933661000045],[133.0791121750001,36.02094147300005],[133.08130944100003,36.080145575000074],[133.09351647200003,36.102769273000035],[133.12134850400003,36.10976797100005]]],[[[133.0742293630001,36.12791575700004],[133.08716881600003,36.11078522300005],[133.05836022200003,36.103176174000055],[133.0517684250001,36.08551666900007],[133.05583743600005,36.061753648000035],[133.02702884200005,36.056301174000055],[133.01490319100003,36.079779364000046],[132.99040774800005,36.077053127000056],[133.00407962300005,36.04828522300005],[132.9814559250001,36.03986237200007],[132.94939212300005,36.06195709800005],[132.96949303500003,36.082017320000034],[133.03874759200005,36.13080475500004],[133.0742293630001,36.12791575700004]]],[[[131.6756286633036,34.67214318510115],[131.746081807,34.675353457000085],[131.790375196,34.68610260600008],[131.8584090500001,34.714504299000055],[131.87375767000003,34.75922287700007],[131.90132190300005,34.77045129700008],[131.95700657400005,34.81303024300007],[131.99732506600003,34.837225653000075],[132.0345512,34.87657900500005],[132.05388431100005,34.872259833000044],[132.06330411800002,34.907489343000066],[132.1318465500001,34.958644924000055],[132.21631920700008,35.01357656500005],[132.23649497000008,35.034818088000065],[132.27084188700007,35.040329058000054],[132.31684998700007,35.062346339000044],[132.326594268,35.09206984400004],[132.37994884300008,35.124980778000065],[132.386574258,35.14553759200004],[132.40808491500002,35.17505067800005],[132.49582670100006,35.23245521000007],[132.52971849900007,35.24491322200004],[132.53193742200006,35.25767159600008],[132.5756172450001,35.27327009700008],[132.62114153700009,35.28444409600007],[132.63867918900007,35.29464467300005],[132.663346756,35.32953554900007],[132.67144646200006,35.355128136000076],[132.6707911430001,35.39947458800009],[132.63114205500005,35.41981396300008],[132.63535916900003,35.44095469500007],[132.68209873600006,35.44901641600006],[132.73443814200004,35.44863223200008],[132.72549563500002,35.47077964400006],[132.77542651400006,35.481007496000075],[132.80482662200006,35.49518180100006],[132.86490913700004,35.51098268100009],[132.9697371750001,35.51699453300006],[132.97320551100006,35.54188385000003],[133.0143994870001,35.540780117000054],[133.033489379,35.545992142000046],[133.05177218200004,35.57373032500004],[133.08144222400006,35.57532590200009],[133.10535285100002,35.597516589000065],[133.15646656900003,35.56262168500007],[133.20706772900007,35.57282813000006],[133.23933637000005,35.563614802000075],[133.266376798,35.574236505000044],[133.308772373,35.57718857800006],[133.312904215,35.56197612100004],[133.27013504800004,35.54961013700006],[133.25749759200005,35.53620026200008],[133.20967817570715,35.524188544565675],[133.21949669771436,35.50150259017238],[133.2498824397228,35.45613068318448],[133.28729617667716,35.43328970005956],[133.31695844917306,35.42362620678398],[133.3232629737072,35.4059787050532],[133.30388431211122,35.389261380208495],[133.29737308200208,35.33378672947396],[133.2998018738573,35.28244619383673],[133.2715865421851,35.25583283082045],[133.18750898705002,35.2224498561759],[133.16440962060744,35.20588756006282],[133.17495161302645,35.17402903880907],[133.17231611469686,35.15782847790189],[133.147614781397,35.12186168087186],[133.1279260596399,35.06731720612413],[133.09702355369404,35.0714513212215],[133.05439049692382,35.063363959079425],[133.02286787335368,35.06654205976821],[132.99398074811302,35.080546372816855],[132.9387903182186,35.06881582289191],[132.8757450710781,35.07775584575563],[132.83915815642376,35.066490382924826],[132.80841067920937,35.027552192579606],[132.7471224312551,34.962207342994475],[132.6937406755917,34.93766103842614],[132.66940107569906,34.921951402135505],[132.64252933206296,34.89469208397247],[132.64144412734458,34.883917548456054],[132.67994306901733,34.85624481914306],[132.66785078298722,34.83823558220632],[132.58697716696258,34.81761668626103],[132.54553266769835,34.799142361330894],[132.50910078267498,34.789504706476976],[132.4240930515531,34.799736640533524],[132.3904000176467,34.778911038113904],[132.35221113523562,34.786869208147436],[132.2765051621834,34.7684723984824],[132.24792809530527,34.782941799524394],[132.20746544797203,34.74837026647458],[132.15330854685192,34.71653758454187],[132.14209476086444,34.69299896942687],[132.14741743436707,34.65917674431125],[132.1233362159935,34.62481191683645],[132.10979699093832,34.57755381945316],[132.0949141787463,34.55342092513558],[132.06390831911358,34.52652334217845],[132.04127404156372,34.49520742418326],[132.05042077000246,34.457845364072284],[131.99161298984757,34.41335195622776],[131.98990766840416,34.386170152430566],[132.00199995263563,34.36394928603073],[131.96623986207987,34.34343374287289],[131.94675784679714,34.30604584434025],[131.896321648725,34.31769887989935],[131.84542036265952,34.303074449226415],[131.79508751827427,34.301730862089585],[131.7714197119501,34.314262396792174],[131.75322960786002,34.35175364811232],[131.75136925678567,34.37350942651881],[131.77250491756786,34.40376597821728],[131.76847415615737,34.41614248328898],[131.69648888615313,34.42898407635403],[131.6792289571506,34.44709666607827],[131.68108930912422,34.4678447541321],[131.66713667201975,34.49608592422601],[131.70341352831167,34.57104258934402],[131.6855851576289,34.61576854118522],[131.6756286633036,34.67214318510115]]],[[[133.01246178500003,36.01479726800005],[133.02418053500003,36.02558014500005],[133.06666100400003,36.00653717700004],[133.0649520190001,35.99506256700005],[133.0278426440001,35.99363841400009],[133.01246178500003,36.01479726800005]]],[[[133.36703535200002,36.27423737200007],[133.3818465500001,36.25771719000005],[133.379242384,36.208238023000035],[133.360199415,36.19163646000004],[133.34351647200003,36.204331773000035],[133.33741295700008,36.16559479400007],[133.32601972700002,36.15814850500004],[133.24976647200003,36.16828034100007],[133.18775475400003,36.216131903000075],[133.1962996750001,36.27798086100006],[133.2094832690001,36.29718659100007],[133.2920028000001,36.34247467700004],[133.29281660200002,36.33055247600004],[133.32016035200002,36.32184479400007],[133.329437696,36.30491771000004],[133.3486434250001,36.29759349200009],[133.36703535200002,36.27423737200007]]]]},"properties":{"name":"Shimane"}},{"type":"Feature","geometry":{"type":"MultiPolygon","coordinates":[[[[132.24040774761943,34.18980540589473],[132.23894290500004,34.142645575000074],[132.20191491000003,34.108587958000044],[132.19906660200002,34.06476471600007],[132.2109481130001,34.02521393400008],[132.213226759,33.98965078300006],[132.18148847700002,33.95783112200007],[132.1425887380001,33.94643789300005],[132.1337996750001,33.913397528000075],[132.15992272200003,33.85732656500005],[132.15007571700005,33.830145575000074],[132.105804884,33.809027411000045],[132.07593834700003,33.78705475500004],[132.041351759,33.776271877000056],[132.04444420700008,33.79328034100007],[132.0654403000001,33.80695221600007],[132.07634524800005,33.82672760600008],[132.09888756600003,33.82363515800006],[132.1132918630001,33.84487539300005],[132.09945722700002,33.872259833000044],[132.05779056100005,33.89524974200009],[131.97234134200005,33.91681549700007],[131.9419051440001,33.95091380400004],[131.8935653000001,33.97142161700009],[131.8520613940001,33.99835846600007],[131.83366946700005,33.99469635600008],[131.81226647200003,33.97142161700009],[131.791351759,33.964056708000044],[131.77751712300005,33.98574453300006],[131.82390384200005,34.02016836100006],[131.79957116000003,34.03774648600006],[131.74146569100003,34.05621979400007],[131.70337975400003,34.044175523000035],[131.68873131600003,34.04718659100007],[131.644867384,34.02887604400007],[131.58513431100005,34.026678778000075],[131.59742272200003,34.00263092700004],[131.59302819100003,33.99168528900009],[131.56763756600003,33.98627350500004],[131.55103600400003,33.99941640800006],[131.51050866000003,34.01239655200004],[131.4829207690001,34.03204987200007],[131.45671634200005,33.999335028000075],[131.449554884,33.98224518400008],[131.39332116000003,33.98574453300006],[131.40219160200002,33.999335028000075],[131.40064537900003,34.03294505400004],[131.383148634,34.03302643400008],[131.35572350400003,33.989447333000044],[131.32195071700005,33.95307038000004],[131.27222741000003,33.92682526200008],[131.24984785200002,33.937933661000045],[131.22584069100003,33.93500397300005],[131.2207137380001,33.950384833000044],[131.1782332690001,33.93048737200007],[131.16026595300002,33.95279605600007],[131.1660262380001,33.97711823100008],[131.12399879100008,33.99993139600008],[131.10316468400003,34.03021689000008],[131.03559480800004,34.04797509500008],[131.01396225400003,34.01476201500009],[130.96859785200002,33.97142161700009],[130.93208630100003,33.94536528400005],[130.91575345500007,33.913989822000076],[130.8794051440001,33.937933661000045],[130.8994246750001,33.94985586100006],[130.90965033600003,33.973651604000054],[130.91713452200008,34.01091306300009],[130.9052840500001,34.02960846600007],[130.91257739700006,34.05334156200007],[130.9039136780001,34.06582577800009],[130.87842858200008,34.06785716400009],[130.86158287900003,34.11273834800005],[130.87322024800005,34.12909577000005],[130.9111434250001,34.15448639500005],[130.92335045700008,34.18378327000005],[130.91041100400003,34.22492096600007],[130.8916121750001,34.259833075000074],[130.8715926440001,34.27924225500004],[130.88624108200008,34.300441799000055],[130.8896590500001,34.33120351800005],[130.89991295700008,34.35504791900007],[130.92741946700005,34.348944403000075],[130.95476321700005,34.36172109600005],[130.9961043630001,34.36933014500005],[131.03360681000004,34.381789240000046],[131.00359134200005,34.39288971600007],[130.9550887380001,34.40346914300005],[130.9477645190001,34.41893138200004],[130.97639607600001,34.438967292000086],[131.0028453540001,34.42594628900008],[131.0097762380001,34.41030508000006],[131.03728274800005,34.41111888200004],[131.0747176440001,34.42475006700005],[131.09937584700003,34.413275458000044],[131.133922988,34.41156180400009],[131.14079837300005,34.37848541900007],[131.172699415,34.36774323100008],[131.19170165700007,34.39364779300007],[131.17359459700003,34.410223700000074],[131.192718946,34.42475006700005],[131.2526317610001,34.437386992000086],[131.25102696400006,34.41913055400005],[131.2295028000001,34.41771067900004],[131.21607506600003,34.396918036000045],[131.2089949880001,34.36933014500005],[131.23617597700002,34.38231028900009],[131.28448215100002,34.384211288000074],[131.32309029500004,34.393011809000086],[131.33473090300004,34.41611429100004],[131.3650500120001,34.41565087500004],[131.41431725400003,34.42397695500006],[131.41331462800008,34.45387373300008],[131.45622806100005,34.49038320500006],[131.45476321700005,34.51911041900007],[131.48267662900003,34.52757396000004],[131.52076256600003,34.55190664300005],[131.55103600400003,34.58152903900009],[131.55729919400005,34.61485699900004],[131.59587649800005,34.616848049000055],[131.59687157300004,34.659589372000084],[131.6152418900001,34.66488063600008],[131.65641471600009,34.65358629000008],[131.6756286633036,34.67214318510115],[131.6855851576289,34.61576854118522],[131.70341352831167,34.57104258934402],[131.66713667201975,34.49608592422601],[131.68108930912422,34.4678447541321],[131.6792289571506,34.44709666607827],[131.69648888615313,34.42898407635403],[131.76847415615737,34.41614248328898],[131.77250491756786,34.40376597821728],[131.75136925678567,34.37350942651881],[131.75322960786002,34.35175364811232],[131.7714197119501,34.314262396792174],[131.79508751827427,34.301730862089585],[131.84542036265952,34.303074449226415],[131.896321648725,34.31769887989935],[131.94675784679714,34.30604584434025],[131.96623986207987,34.34343374287289],[132.00199995263563,34.36394928603073],[131.98990766840416,34.386170152430566],[131.99161298984757,34.41335195622776],[132.05042077000246,34.457845364072284],[132.0611177920524,34.43505605689148],[132.07088463811556,34.3594534375261],[132.12643680231656,34.248762519374736],[132.14400678878224,34.22835032810514],[132.19981733630095,34.201530260413165],[132.24040774761943,34.18980540589473]]],[[[132.24366295700008,33.79328034100007],[132.27409915500004,33.77220286700009],[132.2363387380001,33.76854075700004],[132.204437696,33.782131252000056],[132.20875084700003,33.800116278000075],[132.24366295700008,33.79328034100007]]],[[[132.23617597700002,33.86904531500005],[132.21631920700008,33.85537344000005],[132.1933699880001,33.897650458000044],[132.18628991000003,33.921210028000075],[132.20191491000003,33.94476959800005],[132.22608483200008,33.95270416900007],[132.25359134200005,33.950100002000056],[132.298187696,33.93048737200007],[132.3261824880001,33.89630768400008],[132.34009850400003,33.89720286700009],[132.3740340500001,33.91681549700007],[132.39527428500003,33.91547272300005],[132.40967858200008,33.93390534100007],[132.42758222700002,33.939886786000045],[132.46949303500003,33.937933661000045],[132.4365340500001,33.903550523000035],[132.3945418630001,33.899318752000056],[132.38070722700002,33.886419989000046],[132.3740340500001,33.84170156500005],[132.34058678500003,33.844956773000035],[132.32837975400003,33.85651276200008],[132.3286238940001,33.875067450000074],[132.29810631600003,33.884019273000035],[132.284515821,33.86155833500004],[132.23617597700002,33.86904531500005]]]]},"properties":{"name":"Yamaguchi"}},{"type":"Feature","geometry":{"type":"Polygon","coordinates":[[[133.25749759200005,35.53620026200008],[133.25416100400003,35.52179596600007],[133.2646590500001,35.496161200000074],[133.3296256210001,35.46550438700007],[133.40015709700003,35.454291083000044],[133.41741190900007,35.45654296500004],[133.44124508900006,35.49103766500008],[133.52559462700003,35.52242699200008],[133.58018171100002,35.533602742000085],[133.6325682480001,35.52132835600008],[133.731144642,35.50290661400004],[133.9115467370001,35.51459457200008],[134.00838333700005,35.53704892300004],[134.03478971200002,35.519355662000066],[134.17366172700008,35.53627136000006],[134.23776516100008,35.546651206000035],[134.281586134,35.564886786000045],[134.29387121000002,35.585893956000064],[134.36150149800005,35.595770575000074],[134.36558094775495,35.59996541631113],[134.3984428242769,35.57860382720486],[134.41678795799783,35.544187323785934],[134.44443484888916,35.43871572545032],[134.46799930242582,35.4001134300907],[134.47854129394545,35.361872869936974],[134.5021057483815,35.33239146639306],[134.51068403514,35.28880239521436],[134.5047929217559,35.258209946731654],[134.46272830576663,35.22531789850217],[134.43647667885557,35.21748891877854],[134.39565229721575,35.22921946870349],[134.32537234865492,35.19247752531754],[134.29607181226424,35.18568207526755],[134.24734093563563,35.185759588734015],[134.1745805201748,35.161626695315704],[134.1644519389058,35.167440294334085],[134.13158572819873,35.242784532180394],[134.11360232968377,35.260742092273745],[134.0811495301267,35.27916474125976],[134.00663211458038,35.287872219227495],[133.99970747332122,35.31665599257997],[133.98694339372264,35.32502757376352],[133.94999474476163,35.32619029374706],[133.92906578955444,35.31939484279775],[133.9006954291507,35.29239390705317],[133.85661543155686,35.27296356951308],[133.83423953732472,35.24312042896463],[133.81108849493808,35.242241929821205],[133.7843201031901,35.27001801192171],[133.73522749225492,35.29533946374522],[133.60789676272532,35.32228872354574],[133.5799398125722,35.31515737581225],[133.56087121023813,35.28164520905915],[133.55001915855723,35.25038096790735],[133.50702436658116,35.21144277576349],[133.50423384041937,35.18116038744188],[133.4470797057637,35.15868113952297],[133.39716027162922,35.15661408107496],[133.3828975770615,35.14175710730461],[133.38320763632328,35.11506622992255],[133.36005659393663,35.09527415627724],[133.2894665870133,35.07248484999582],[133.26430016482072,35.05062571880188],[133.22941857340834,35.05995331529323],[133.16595991421866,35.06152944642679],[133.1279260596399,35.06731720612413],[133.147614781397,35.12186168087186],[133.17231611469686,35.15782847790189],[133.17495161302645,35.17402903880907],[133.16440962060744,35.20588756006282],[133.18750898705002,35.2224498561759],[133.2715865421851,35.25583283082045],[133.2998018738573,35.28244619383673],[133.29737308200208,35.33378672947396],[133.30388431211122,35.389261380208495],[133.3232629737072,35.4059787050532],[133.31695844917306,35.42362620678398],[133.28729617667716,35.43328970005956],[133.2498824397228,35.45613068318448],[133.21949669771436,35.50150259017238],[133.20967817570715,35.524188544565675],[133.25749759200005,35.53620026200008]]]},"properties":{"name":"Tottori"}},{"type":"Feature","geometry":{"type":"MultiPolygon","coordinates":[[[[134.36558094775495,35.59996541631113],[134.37649117900003,35.61118425500007],[134.46621486200002,35.63755465300005],[134.5369873090001,35.67220309900006],[134.59020875200008,35.65942839100006],[134.64744713200002,35.664265416000035],[134.79829520400006,35.665642253000044],[134.834137144,35.65714558500008],[134.86324991265326,35.65827840142708],[134.86771650621176,35.57069733311539],[134.88399458238405,35.543825589479354],[134.9108663269194,35.512819728947306],[134.9535510596337,35.49687755045858],[135.0238310081944,35.51886587196242],[135.04382978741467,35.50269114857764],[135.05049604715475,35.41639150626298],[135.03824873329233,35.38530813226447],[135.02414106655692,35.36988271681389],[135.00336714098069,35.36569692577251],[134.9495202982231,35.38652252909145],[134.93024498941463,35.37959788693291],[134.92094323134495,35.31820628529181],[134.92678266788573,35.302367458691265],[134.9551013532448,35.285805162578185],[134.9902930030196,35.27769196201439],[135.02755171124238,35.25216380551518],[135.07778120284024,35.233560289375816],[135.11664187971894,35.245910956025796],[135.14702762262664,35.247202867218505],[135.15927493738843,35.23955475554749],[135.17183230961336,35.208703925545706],[135.20128787743351,35.17007579176436],[135.22485233007092,35.15713084591181],[135.2744100281003,35.15216990851445],[135.3045373876903,35.12865713092185],[135.34391483030515,35.12917389575864],[135.38908003081872,35.100183416831214],[135.40086225758705,35.07682566976882],[135.37853803929897,35.0486620140407],[135.33864383364596,35.03018769000988],[135.34195112464465,35.01481395140269],[135.36334516784518,34.99745067051202],[135.36675581343002,34.95342234976164],[135.3988985537252,34.92409597404992],[135.43982628815263,34.90370962210136],[135.43889611216582,34.84960439692537],[135.43316002841254,34.79384552714936],[135.44850792859802,34.729198310453626],[135.43284997005003,34.706098944910366],[135.41293378996238,34.69208405223719],[135.38121442800002,34.68126282900005],[135.3412673680001,34.708509605000074],[135.286862671,34.70544269800007],[135.28730090800002,34.67996987600009],[135.25360478100004,34.67699777100006],[135.25489028200002,34.70091002200007],[135.22006657000009,34.69077377000008],[135.24234854000008,34.650751996000054],[135.21090197,34.65518024800008],[135.2044032770001,34.677260673000035],[135.186030437,34.67490879400009],[135.1839760470001,34.65115585800004],[135.11131213300007,34.64038240500008],[135.07954647400004,34.62777575900009],[135.04576878800003,34.624966887000085],[135.0168455700001,34.642155986000034],[134.960297071,34.64362213700008],[134.9370248570001,34.667368869000086],[134.90762493400007,34.67760643300005],[134.833343946,34.72138092700004],[134.80046634200005,34.730902411000045],[134.74439537900003,34.76654694200005],[134.6962996750001,34.77619049700007],[134.5669051440001,34.76654694200005],[134.54908287900003,34.77326080900008],[134.51905358200008,34.75971100500004],[134.4731551440001,34.77684153900009],[134.43140709700003,34.730454820000034],[134.4087020190001,34.726263739000046],[134.3813582690001,34.73981354400007],[134.357758009,34.72736237200007],[134.3540145190001,34.705145575000074],[134.3046405571964,34.70910855032946],[134.31436526914183,34.73175629351812],[134.31400353393587,34.76123769796135],[134.2886304061683,34.799529934059194],[134.25974328002826,34.821337389309065],[134.25772789932307,34.85097382338324],[134.2639290710697,34.87285879209958],[134.25865807530988,34.93654999438672],[134.26454918779473,34.967426662810226],[134.26361901270718,35.00096466708567],[134.31328006442334,35.041013902369684],[134.36263105687772,35.11103546851206],[134.39410200360453,35.14069774010858],[134.38821089111968,35.187516587920186],[134.39565229721575,35.22921946870349],[134.43647667885557,35.21748891877854],[134.46272830576663,35.22531789850217],[134.5047929217559,35.258209946731654],[134.51068403514,35.28880239521436],[134.5021057483815,35.33239146639306],[134.47854129394545,35.361872869936974],[134.46799930242582,35.4001134300907],[134.44443484888916,35.43871572545032],[134.41678795799783,35.544187323785934],[134.3984428242769,35.57860382720486],[134.36558094775495,35.59996541631113]]],[[[135.002681887,34.60842304800008],[135.028168165,34.591009833000044],[135.03012129,34.57884349200009],[135.00327729100002,34.551574781000056],[134.98414147200003,34.50576406500005],[134.9563008670001,34.48487725400008],[134.902973179,34.41900554700004],[134.89576256600003,34.372748114000046],[134.899674838,34.34903575900006],[134.91627037900003,34.33828359600005],[134.92618311400008,34.30849507800008],[134.95045006600003,34.28733958500004],[134.95825406100005,34.27035550100004],[134.90947036600005,34.25718023200005],[134.8849059370001,34.24448107000006],[134.83385849900003,34.22661011400004],[134.800049522,34.20075373700007],[134.72867714100005,34.190939349000075],[134.72686973700002,34.209970042000066],[134.70216251400007,34.221198790000074],[134.72388756600003,34.25263092700004],[134.68811432000007,34.24357989100008],[134.6665145190001,34.26552969000005],[134.65716913300002,34.288204316000076],[134.68325958600008,34.328226407000045],[134.72081440700003,34.329788749000045],[134.79895562900003,34.44679379100006],[134.84253991000003,34.47028229400007],[134.8564559250001,34.483303127000056],[134.8838308930001,34.529488695000055],[134.93811010500008,34.55090579700004],[134.98133299800008,34.60240240600007],[135.002681887,34.60842304800008]]]]},"properties":{"name":"Hyōgo"}},{"type":"Feature","geometry":{"type":"Polygon","coordinates":[[[134.86324991265326,35.65827840142708],[134.88096824600007,35.657322495000074],[134.92701256600003,35.64118073100008],[134.96371504,35.661037502000056],[134.95962217700003,35.67375324500006],[134.98794378000002,35.689777236000054],[135.0290315420001,35.69286863100007],[135.08578535200002,35.72597890800006],[135.084119836,35.73902244700008],[135.13430528700007,35.751901306000036],[135.21013431100005,35.763373114000046],[135.22684561200003,35.772320652000076],[135.25066024,35.75781549700008],[135.276703321,35.73139069200005],[135.304047071,35.68891022300005],[135.2993270190001,35.657904364000046],[135.27921371900004,35.66853270000007],[135.25882700300008,35.65682881300006],[135.242393935,35.62264035600003],[135.2049023830001,35.58735277400007],[135.18817537200005,35.56504457600005],[135.188324232,35.54525757600004],[135.24822550200008,35.59169447900007],[135.26204205600004,35.557546596000066],[135.2398152190001,35.55796303400007],[135.23873893400003,35.54202559100008],[135.301521966,35.51324263100008],[135.32443612400004,35.524446383000054],[135.33548989200006,35.50821008500009],[135.31527754,35.466782945000034],[135.33025149800005,35.45453522300005],[135.35251785900005,35.486984186000086],[135.394867384,35.47646719000005],[135.4023543630001,35.507025458000044],[135.37378991000003,35.50169505400004],[135.3502240250001,35.51031344800003],[135.3377962190001,35.537477564000085],[135.3613387380001,35.55418528900009],[135.4160262380001,35.56167226800005],[135.43948099800002,35.59056974300006],[135.452389789,35.571781119000036],[135.482937686,35.559199188000036],[135.4787607049425,35.543724789867156],[135.44184166885793,35.51772899040054],[135.4533655132078,35.47519928641793],[135.44685428309867,35.46184092941536],[135.4530554548453,35.43912913749966],[135.51878787715873,35.37344839113035],[135.53930342031651,35.36427582516916],[135.68828657366635,35.3303502472661],[135.74285688683585,35.33758494688777],[135.77189904170734,35.31732778614838],[135.82698611881426,35.2633000762375],[135.82894982267612,35.24849477841127],[135.81876956636233,35.2123729517503],[135.8338074081853,35.15361684843879],[135.83659793524646,35.12075063683238],[135.81473880405247,35.005563870176445],[135.8248157093774,34.98096588786541],[135.8535478049871,34.93404368726635],[135.85540815606146,34.88970530905277],[135.87354658420747,34.86810456027723],[135.9157662289283,34.867019355558796],[135.9432064151439,34.839837550862285],[135.97736453704374,34.823197740383364],[135.99762169778307,34.802785549113764],[136.00309940001728,34.77369171829815],[136.03648237466177,34.71534902613661],[136.00883548377055,34.69591868679794],[135.93204430599985,34.72392731379449],[135.90987511644346,34.724185696212885],[135.8492069852141,34.69865753791504],[135.83225711457408,34.699122625908444],[135.76848839702188,34.719922389906344],[135.73934289026215,34.73377167422336],[135.7062699730808,34.75953237651794],[135.71479658389512,34.785318915435596],[135.70844038341693,34.81115713119664],[135.6463769882074,34.899187934275744],[135.6338196150831,34.90993663226976],[135.59795617084058,34.91972931585525],[135.58276330028605,34.94654938444654],[135.55713178920064,34.93290680570448],[135.56374637299666,34.91595693596378],[135.53821821469876,34.909781603538136],[135.48592166555238,34.938126126419604],[135.4583264506051,34.97471304017466],[135.43021447172043,34.98758047076211],[135.39326582186015,34.98969920515418],[135.36334516784518,34.99745067051202],[135.34195112464465,35.01481395140269],[135.33864383364596,35.03018769000988],[135.37853803929897,35.0486620140407],[135.40086225758705,35.07682566976882],[135.38908003081872,35.100183416831214],[135.34391483030515,35.12917389575864],[135.3045373876903,35.12865713092185],[135.2744100281003,35.15216990851445],[135.22485233007092,35.15713084591181],[135.20128787743351,35.17007579176436],[135.17183230961336,35.208703925545706],[135.15927493738843,35.23955475554749],[135.14702762262664,35.247202867218505],[135.11664187971894,35.245910956025796],[135.07778120284024,35.233560289375816],[135.02755171124238,35.25216380551518],[134.9902930030196,35.27769196201439],[134.9551013532448,35.285805162578185],[134.92678266788573,35.302367458691265],[134.92094323134495,35.31820628529181],[134.93024498941463,35.37959788693291],[134.9495202982231,35.38652252909145],[135.00336714098069,35.36569692577251],[135.02414106655692,35.36988271681389],[135.03824873329233,35.38530813226447],[135.05049604715475,35.41639150626298],[135.04382978741467,35.50269114857764],[135.0238310081944,35.51886587196242],[134.9535510596337,35.49687755045858],[134.9108663269194,35.512819728947306],[134.88399458238405,35.543825589479354],[134.86771650621176,35.57069733311539],[134.86324991265326,35.65827840142708]]]},"properties":{"name":"Kyōto"}},{"type":"Feature","geometry":{"type":"Polygon","coordinates":[[[135.4787607049425,35.543724789867156],[135.4790145190001,35.52252838700008],[135.51246178500003,35.52985260600008],[135.51099694100003,35.49819570500006],[135.55827884200005,35.49176666900007],[135.59644616000003,35.505113023000035],[135.62479780900003,35.53234396900007],[135.64894517800008,35.54283352900006],[135.63461347700002,35.49355703300006],[135.645065724,35.48020001400005],[135.69668606000005,35.491842543000075],[135.72443120100002,35.49073208600004],[135.74835148300008,35.51371915000004],[135.74819794300004,35.533525420000046],[135.72080139600007,35.52230481500004],[135.70860440900003,35.54055094000006],[135.70609333200002,35.56209461800006],[135.73844643100006,35.57053137300005],[135.75613707800005,35.54907241500007],[135.77725798100005,35.549856049000084],[135.7940502560001,35.53138182200007],[135.81617272200003,35.54596588700008],[135.80150220300004,35.568003462000036],[135.85474694100003,35.57904694200005],[135.834320509,35.61318594000005],[135.81601831600005,35.63085602400008],[135.82322255600002,35.644620961000044],[135.86784078100004,35.61775318300005],[135.9018474180001,35.62436015600008],[135.91944111600003,35.60816038200005],[135.95093848200008,35.62888168500007],[135.9710528820001,35.625981151000076],[135.98166761900006,35.64363788800006],[135.96354036800005,35.65540930800006],[135.97315915800004,35.67621119000006],[135.97008375400003,35.70299009100006],[135.95600508100006,35.728324936000035],[135.98154353000007,35.739854378000075],[136.01970526600007,35.765347201000054],[136.04684700500002,35.70372189800008],[136.027006444,35.68094741500005],[136.04745939000009,35.65881225800007],[136.06911435400002,35.66187974300004],[136.09239818700007,35.71516472700006],[136.09945722700002,35.77570221600007],[136.07049761300004,35.82474933100008],[136.04880787900004,35.83866838800009],[135.99345406400005,35.88514211700004],[135.99438018900003,35.93591278200006],[135.95728600400003,35.97313060100004],[135.96321741100007,35.999923222000064],[136.0001323890001,36.02418682700005],[136.03109785200002,36.08071523600006],[136.04361081500008,36.11083253800007],[136.09282041200004,36.161363244000086],[136.13484480500006,36.22455239400006],[136.12417327600008,36.25317933200006],[136.16262712500009,36.252242211000066],[136.1967378060001,36.26436216400003],[136.22671926270883,36.285602746069856],[136.2431881043475,36.269776109379904],[136.28659630837285,36.2423617624853],[136.30519982271358,36.18414826153304],[136.33563724156534,36.16192739513315],[136.378321975179,36.15539032570297],[136.41692426963925,36.14045583846615],[136.4627095886765,36.14678620052274],[136.5329895372373,36.13991323520764],[136.56621748315024,36.123531806247854],[136.62300988170068,36.07446503373427],[136.6562378276136,36.06343211490014],[136.72088504520866,36.07480093051851],[136.72429568899474,36.05991811832649],[136.7071391136791,36.013874416870806],[136.6985608260212,35.943542792365974],[136.71659590137972,35.91517243106284],[136.75385460780387,35.904423733068825],[136.77896935405238,35.886982936913],[136.80212039643914,35.85037018473622],[136.80305057242595,35.83605581332512],[136.76858239216358,35.79099396380036],[136.6870886576154,35.77448334453072],[136.61200280218748,35.77926341387541],[136.50802981972038,35.761796780197244],[136.4841553078212,35.73911082580395],[136.45537153536804,35.75190074292493],[136.39909590075513,35.75590566681308],[136.364524366806,35.76608592402613],[136.33703250464634,35.766395982388644],[136.30426964672677,35.744226792832194],[136.28985192342748,35.69526337310617],[136.25729577018365,35.64562815981168],[136.1672754248209,35.67500621236678],[136.1277429552731,35.663534043960965],[136.12443566337515,35.64934886285971],[136.14634646961383,35.582143663099544],[136.1354944188323,35.55793325531545],[136.09575524281013,35.558475856775374],[136.0886238950767,35.522638250954515],[136.01570844908565,35.50331126620193],[135.97953494737988,35.480418606233684],[135.9309591003821,35.5026394717342],[135.92119225521833,35.489074409156615],[135.90098677042306,35.41378184725443],[135.88625898696262,35.39070832013283],[135.866880323568,35.379830430929644],[135.84124881428136,35.386574205035515],[135.7991841982921,35.37688487423753],[135.74285688683585,35.33758494688777],[135.68828657366635,35.3303502472661],[135.53930342031651,35.36427582516916],[135.51878787715873,35.37344839113035],[135.4530554548453,35.43912913749966],[135.44685428309867,35.46184092941536],[135.4533655132078,35.47519928641793],[135.44184166885793,35.51772899040054],[135.4787607049425,35.543724789867156]]]},"properties":{"name":"Fukui"}},{"type":"Feature","geometry":{"type":"MultiPolygon","coordinates":[[[[136.22671926270883,36.285602746069856],[136.27866738800003,36.32240577500005],[136.29841744100008,36.34727817000004],[136.3467788480001,36.365800910000075],[136.38229344500007,36.39107136800004],[136.4301863940001,36.432521877000056],[136.63996143100007,36.662600574000066],[136.68968479300008,36.73082693100008],[136.76055452600008,36.870599361000075],[136.76544802900003,36.91339711100005],[136.75038571000005,36.92572910200005],[136.76761331400007,36.98099874800005],[136.759909676,37.00008710100008],[136.7422883710001,37.01338806100006],[136.71841293800003,37.076261489000046],[136.72673587300005,37.126613674000055],[136.70856414900004,37.14987732700007],[136.69626613100002,37.13636152400005],[136.6702589030001,37.149957088000065],[136.67447257100002,37.17547192100005],[136.690423893,37.21500773200006],[136.7055770190001,37.22825755400004],[136.7127711610001,37.25106551400006],[136.73321719800003,37.28501484600008],[136.72153094200007,37.32532953900005],[136.749094194,37.357917400000076],[136.842170667,37.39953277200004],[136.880798507,37.407986994000055],[136.90348352500007,37.398323368000035],[136.934766136,37.39945701800008],[137.04487433600002,37.447916391000035],[137.0715345210001,37.45300312900008],[137.11384056300005,37.487746918000084],[137.25549087500008,37.52459398900004],[137.29570988800003,37.53149016500004],[137.3409655590001,37.51709413800006],[137.350873771,37.50610344200004],[137.3452992980001,37.475020106000045],[137.35897927200006,37.46663506600004],[137.35120513000004,37.44567560400009],[137.3251360810001,37.43911155300009],[137.28725280900005,37.44297530500006],[137.2536012390001,37.42910590200006],[137.237363609,37.37988162000005],[137.24887841500004,37.35726027800007],[137.267485534,37.35508577600007],[137.26254497500008,37.326049487000034],[137.23023522200003,37.29214101800005],[137.16560551600003,37.30083373900004],[137.10872138900004,37.28344965100007],[137.07130008000001,37.23811173100006],[137.070666716,37.218643978000046],[137.0328921260001,37.20466420300005],[137.0141707690001,37.184881903000075],[136.98023522200003,37.196478583000044],[136.93043053500003,37.22162506700005],[136.916567793,37.198207266000054],[136.89259776400002,37.17332110000007],[136.880215453,37.144152871000074],[136.8956676370001,37.13890407800005],[136.88775294000004,37.110318420000056],[136.868670501,37.11091236500005],[136.87468509200005,37.069647528000075],[136.91423587300005,37.08242422100005],[136.9336043630001,37.07982005400004],[136.963226759,37.05174388200004],[136.9801259620001,37.04685964000004],[137.003991628,37.055457543000045],[137.02429826600007,37.09540888600009],[137.04712975400003,37.098822333000044],[137.05396569100003,37.07982005400004],[137.04884394200008,37.02292600100009],[137.05444619900004,36.966749864000064],[137.04442499167402,36.956404201740085],[136.97926720641635,36.951491603854436],[136.950741814583,36.93965770114198],[136.91487837123975,36.93730642275318],[136.89410444566363,36.92570506403746],[136.8597912950322,36.88702525521131],[136.83281619680997,36.829483547827465],[136.81173221197196,36.75264069321338],[136.77710900297802,36.71894765930699],[136.78703087777274,36.66466156697771],[136.7692025088886,36.62153758379242],[136.78362023308728,36.54340281798562],[136.76842736163337,36.496635647017456],[136.75757531085185,36.41899180852511],[136.7732332702991,36.376591294852346],[136.76439660022288,36.32155589548819],[136.7732332702991,36.291996974880476],[136.7842403498122,36.27300588601281],[136.81312747595223,36.24701264152014],[136.8118872416029,36.22006338082036],[136.75426801985316,36.147664700565485],[136.74527632104537,36.106168525357134],[136.72088504520866,36.07480093051851],[136.6562378276136,36.06343211490014],[136.62300988170068,36.07446503373427],[136.56621748315024,36.123531806247854],[136.5329895372373,36.13991323520764],[136.4627095886765,36.14678620052274],[136.41692426963925,36.14045583846615],[136.378321975179,36.15539032570297],[136.33563724156534,36.16192739513315],[136.30519982271358,36.18414826153304],[136.28659630837285,36.2423617624853],[136.2431881043475,36.269776109379904],[136.22671926270883,36.285602746069856]]],[[[137.04810631600003,37.15228913000004],[137.03874759200005,37.12010325700004],[136.9726668630001,37.101629950000074],[136.943695509,37.097357489000046],[136.91553795700008,37.12775299700007],[136.92839603000004,37.13776276200008],[136.9736434250001,37.15326569200005],[136.9990340500001,37.13947174700007],[137.02719160200002,37.15521881700005],[137.04810631600003,37.15228913000004]]]]},"properties":{"name":"Ishikawa"}},{"type":"Feature","geometry":{"type":"Polygon","coordinates":[[[137.04442499167402,36.956404201740085],[137.02741452300006,36.93884298800009],[137.025040116,36.91394722700005],[136.987741561,36.87102163700007],[137.00554446700005,36.835923570000034],[137.05291460800004,36.81104398500008],[137.0806963020001,36.79008655300004],[137.12802035700008,36.77683954300005],[137.15699303500003,36.76080963700008],[137.1972877510001,36.758124588000044],[137.2414419590001,36.76506775100006],[137.29867296700002,36.75700875800004],[137.33334435900008,36.762726067000074],[137.35053007200008,36.78230909800004],[137.3836057960001,36.80014545500006],[137.40835627700005,36.845203748000074],[137.41953143800004,36.87733545700007],[137.413764539,36.89689210800009],[137.42710766900007,36.92201115800009],[137.4993469650001,36.95574161700006],[137.61456389484684,36.97510817432804],[137.6373665714101,36.950664781554394],[137.67167972204152,36.93495514616302],[137.69477908668546,36.911959133407265],[137.73265791163328,36.77480988187051],[137.73405317561355,36.66804637324151],[137.72537153516816,36.60479442052605],[137.71948042178394,36.58983409306893],[137.67571048435127,36.54877716743232],[137.67648562980787,36.51885651341735],[137.64310265516337,36.468446152867614],[137.62821984297136,36.43452057496455],[137.6105465028188,36.41385000307514],[137.5805741719604,36.39514313414833],[137.56538130140586,36.37700470600237],[137.47753136637937,36.406046860873914],[137.41422773682052,36.414728502218566],[137.35759036700176,36.43679433898751],[137.32859988807434,36.436251735729],[137.29490685416795,36.42113638043958],[137.2848299497423,36.450798652036156],[137.264211053797,36.450023504780916],[137.2001322778823,36.42891368331982],[137.1611682482161,36.43684601493163],[137.13259118133794,36.42521881779419],[137.08127648322306,36.37896841076355],[137.04153730720088,36.35080475503537],[137.02680952374044,36.31948883704018],[136.99849083928075,36.303520820129734],[136.95797651600333,36.273315945274646],[136.94283532139286,36.28403880484694],[136.94485070209817,36.31889455783755],[136.9219063661858,36.332821357419675],[136.85048953696253,36.34279490815845],[136.82863040576854,36.328583889534855],[136.8145227399325,36.294477444478446],[136.79726281092996,36.287707831051534],[136.7732332702991,36.291996974880476],[136.76439660022288,36.32155589548819],[136.7732332702991,36.376591294852346],[136.75757531085185,36.41899180852511],[136.76842736163337,36.496635647017456],[136.78362023308728,36.54340281798562],[136.7692025088886,36.62153758379242],[136.78703087777274,36.66466156697771],[136.77710900297802,36.71894765930699],[136.81173221197196,36.75264069321338],[136.83281619680997,36.829483547827465],[136.8597912950322,36.88702525521131],[136.89410444566363,36.92570506403746],[136.91487837123975,36.93730642275318],[136.950741814583,36.93965770114198],[136.97926720641635,36.951491603854436],[137.04442499167402,36.956404201740085]]]},"properties":{"name":"Toyama"}},{"type":"Feature","geometry":{"type":"MultiPolygon","coordinates":[[[[137.61456389484684,36.97510817432804],[137.68327884200005,36.987982489000046],[137.8075446790001,37.030805238000085],[137.89673912900003,37.057521877000056],[137.99937413200007,37.11105409800007],[138.05339603000004,37.130113023000035],[138.0975018040001,37.17105935200004],[138.16443255600007,37.16169930800004],[138.2069532590001,37.16920530200008],[138.24489497900004,37.18378944500006],[138.32510269600004,37.23104347200007],[138.437515909,37.32203684800004],[138.55062910200002,37.37791575700004],[138.57797285200002,37.40289948100008],[138.62253960700002,37.47754346900007],[138.6597345780001,37.52443260400008],[138.71827233200008,37.56484609600005],[138.7465926440001,37.596869208000044],[138.7656356130001,37.63467031500005],[138.8094257350001,37.76077187900006],[138.82702387000006,37.79728696600006],[138.85767662900003,37.827826239000046],[138.93039446900002,37.874923177000085],[139.05988081300006,37.94594167000008],[139.068193436,37.95509385200006],[139.13246598800004,37.958828931000085],[139.21594314100003,37.98993395400004],[139.30453535200002,38.04193756700005],[139.40805097700002,38.13190338700008],[139.43238366000003,38.169134833000044],[139.46216881600003,38.374986070000034],[139.47282962300005,38.41250234600005],[139.4926863940001,38.45416901200008],[139.52995853000004,38.50800202000005],[139.5487179318506,38.54500311313505],[139.56231367393684,38.54224721933366],[139.70178836544062,38.494394842747795],[139.69620731041903,38.415536607428464],[139.70054813019203,38.39887095852788],[139.72163211503005,38.377037664856346],[139.76292158376407,38.354610093780764],[139.80560631737762,38.35435171226169],[139.84658572774913,38.33011546515655],[139.86224368719638,38.314379991343515],[139.8711837100601,38.28590627725288],[139.84441531831226,38.24087026614984],[139.80808678607627,38.2185202094401],[139.7781661320613,38.208572496223724],[139.70147830617884,38.20908926016119],[139.6791540869915,38.18756602575144],[139.66458133406127,38.071940009523814],[139.64453087799757,38.04134756104111],[139.64391076127254,38.001194972969586],[139.61740075104376,37.90957265895105],[139.63104332888645,37.87929026973012],[139.65398766479882,37.85890391688224],[139.72462934766622,37.82037913678772],[139.66561486193632,37.76384511975647],[139.59533491427487,37.6804393581898],[139.54799930162642,37.638323066256476],[139.53327151906535,37.613673408001375],[139.54954959523752,37.57729319892195],[139.55606082624604,37.51814952198282],[139.54350345312184,37.50386098899344],[139.51544315018123,37.508976956021684],[139.46717736244523,37.50122549156316],[139.41953169233363,37.50334422505591],[139.3951920924411,37.48840973602046],[139.38139448496747,37.460814521073246],[139.32599734859866,37.46127960906671],[139.26357221908256,37.447326971962184],[139.20879520123754,37.4411258002155],[139.18853803869945,37.41812978835901],[139.1887964211179,37.39900950828218],[139.20383426294086,37.37957916894345],[139.20817508361313,37.354593613904115],[139.19391238814615,37.29658681942618],[139.16011600235163,37.24077627190741],[139.15949588382796,37.21369782179704],[139.1784094592291,37.18956492837873],[139.2042993509342,37.1920970730215],[139.23520185777943,37.13990387576325],[139.23458174015514,37.09068207541742],[139.2406278831702,37.03949656851182],[139.2269853053275,36.96177521385499],[139.21458296093488,36.94565216731365],[139.16755740844758,36.96022492114315],[139.15138268416354,36.99489980698047],[139.12921349460703,37.00818065051658],[139.1045121604078,37.03556915898946],[139.08001753088433,37.03657685024143],[139.05397261044754,36.99872386281601],[139.03361209512207,36.98699331289106],[138.97397749176776,36.97198131038914],[138.96054162039945,36.95735687881688],[138.95868126842572,36.894440822885656],[138.91708174042992,36.87847280507589],[138.91057051032078,36.84322947845766],[138.89010664310706,36.82666718234458],[138.82246219287583,36.80359365522298],[138.8081478205654,36.76783356376791],[138.76902876216764,36.75016022451473],[138.72267500234943,36.7491783725838],[138.67952518074242,36.73065237081022],[138.66681277888654,36.76323436157651],[138.6696033059477,36.82258474409065],[138.64800255807154,36.85806061470561],[138.60459435404618,36.886482651952804],[138.57446699355683,36.92296621381968],[138.5552433615918,37.00063589073375],[138.53586469909658,37.010041002490254],[138.48139773961395,37.01417511668825],[138.42424360585767,37.00166942040738],[138.3820756370809,36.9861664896917],[138.3530334822094,36.96601268173987],[138.3235779161878,36.92560171214927],[138.28626753112167,36.90766999047764],[138.2737618348408,36.88405386009754],[138.27066124941712,36.858370673068066],[138.25216108606526,36.84865550384842],[138.21541914267925,36.85976593704834],[138.17847049371824,36.84436636001948],[138.14601769416117,36.83713165949848],[138.10043908069895,36.835478013999136],[138.0735673361636,36.82664134392286],[138.04421512292947,36.80718516706179],[138.01196902894742,36.82576284388011],[138.00561282756985,36.83878530499783],[138.00545779793902,36.88291697853572],[137.97331505764373,36.90363922816783],[137.9426192572729,36.90699819600991],[137.8847416531047,36.92213939151969],[137.85321902863518,36.9091686063461],[137.84996341358067,36.87371857415286],[137.83719933488135,36.84803538712339],[137.80107750911975,36.80338694874865],[137.77534264524684,36.78736725499482],[137.73265791163328,36.77480988187051],[137.69477908668546,36.911959133407265],[137.67167972204152,36.93495514616302],[137.6373665714101,36.950664781554394],[137.61456389484684,36.97510817432804]]],[[[138.45923912900003,38.06989166900007],[138.4946395190001,38.06696198100008],[138.54078209700003,38.07672760600008],[138.5752059250001,38.074286200000074],[138.5752059250001,38.03510163000004],[138.56592858200008,38.01634349200009],[138.51319420700008,37.94481028900009],[138.5004988940001,37.906683661000045],[138.48650149800005,37.89175039300005],[138.37037194100003,37.82876211100006],[138.26514733200008,37.79832591400009],[138.2226668630001,37.80223216400009],[138.21216881600003,37.81940338700008],[138.22388756600003,37.83417389500005],[138.27214603000004,37.842230536000045],[138.28785241000003,37.861029364000046],[138.28785241000003,37.90599192900004],[138.29859459700003,37.92243073100008],[138.34253991000003,37.966864325000074],[138.314789259,37.99746328300006],[138.24789472700002,37.978501695000034],[138.23267662900003,38.00775788000004],[138.23560631600003,38.05215078300006],[138.25310306100005,38.09031810100004],[138.29468834700003,38.13617584800005],[138.31006920700008,38.16811758000006],[138.3481551440001,38.19281647300005],[138.40186608200008,38.24119700700004],[138.42855879,38.256293036000045],[138.46941165500004,38.31317780200004],[138.5141707690001,38.32306549700007],[138.51929772200003,38.30744049700007],[138.50709069100003,38.241441148000035],[138.48658287900003,38.181301174000055],[138.4438582690001,38.10224030200004],[138.4375106130001,38.063788153000075],[138.45923912900003,38.06989166900007]]]]},"properties":{"name":"Niigata"}},{"type":"Feature","geometry":{"type":"Polygon","coordinates":[[[139.5487179318506,38.54500311313505],[139.5992151490001,38.648254087000055],[139.62705899900004,38.68121429300004],[139.716156446,38.74567291900007],[139.747406446,38.778957424000055],[139.77384433300006,38.817116774000056],[139.81527369900004,38.94106263500004],[139.8575639610001,39.03228377100004],[139.88085494968738,39.115106310108104],[139.96275434813458,39.09823395383387],[140.0121570174324,39.10980947502725],[140.03520470613228,39.105106920048286],[140.06858768077677,39.077149969895174],[140.12620690342578,39.04846955022953],[140.1780383645788,39.04118317286509],[140.21069786971088,39.01999583613889],[140.2858354028815,39.00831696215806],[140.34278283106278,39.00384695117583],[140.4050529318473,38.97565745702599],[140.4211759792879,38.963875230257656],[140.44892622296675,38.9154027369467],[140.4793636418185,38.89220001951526],[140.53290042531432,38.881709703040315],[140.54266727137747,38.85752513277862],[140.57713545074046,38.822230130216326],[140.5951188501548,38.79024241775335],[140.61604780536186,38.7654377298673],[140.60674604729218,38.73231313674182],[140.6059709009363,38.68637278897302],[140.59899458193433,38.659785265277776],[140.58194136030545,38.64327464510876],[140.54111697776625,38.64213776354694],[140.5379130386558,38.60738536244452],[140.55429446761548,38.56777537673224],[140.55491458613915,38.52436717450547],[140.56519819613982,38.496513577139865],[140.5879358255778,38.46571442308215],[140.55972049390562,38.39478852027395],[140.5225134616269,38.357710680103764],[140.50308312408686,38.31872081201584],[140.4827742856047,38.29518219690084],[140.46138024330355,38.24484935251559],[140.46308556474696,38.20821076101777],[140.4507865740411,38.15214183197992],[140.39652632103287,38.09116364238815],[140.36066287679023,38.06863271672648],[140.30857303321886,38.0616563995232],[140.28232140540842,38.04511994093252],[140.27705040874935,38.03018545189707],[140.26955732580984,37.96424632400863],[140.2704358258526,37.92585073512333],[140.26506147730527,37.8723139507282],[140.26707685801057,37.831050320415955],[140.27374311685128,37.7995535343681],[140.26118574372708,37.768986925206434],[140.2309550313496,37.74741201395324],[140.20330813955889,37.738497830410495],[140.17256066324398,37.74307119418023],[140.1314778991856,37.72684479395207],[140.10429609628773,37.72265900291063],[140.06104292189332,37.752217923518344],[140.03634158679472,37.75717886001638],[139.99055626775748,37.75653290486963],[139.96554487519575,37.77294017225114],[139.93236860612626,37.811594143554885],[139.91655561704806,37.81453970024694],[139.8899939308751,37.80466950139635],[139.85015140206553,37.81185252507396],[139.8063814637335,37.80598725011146],[139.7647819357377,37.81645172816468],[139.72462934766622,37.82037913678772],[139.65398766479882,37.85890391688224],[139.63104332888645,37.87929026973012],[139.61740075104376,37.90957265895105],[139.64391076127254,38.001194972969586],[139.64453087799757,38.04134756104111],[139.66458133406127,38.071940009523814],[139.6791540869915,38.18756602575144],[139.70147830617884,38.20908926016119],[139.7781661320613,38.208572496223724],[139.80808678607627,38.2185202094401],[139.84441531831226,38.24087026614984],[139.8711837100601,38.28590627725288],[139.86224368719638,38.314379991343515],[139.84658572774913,38.33011546515655],[139.80560631737762,38.35435171226169],[139.76292158376407,38.354610093780764],[139.72163211503005,38.377037664856346],[139.70054813019203,38.39887095852788],[139.69620731041903,38.415536607428464],[139.70178836544062,38.494394842747795],[139.56231367393684,38.54224721933366],[139.5487179318506,38.54500311313505]]]},"properties":{"name":"Yamagata"}},{"type":"Feature","geometry":{"type":"Polygon","coordinates":[[[139.88085494968738,39.115106310108104],[139.891937696,39.13320547100005],[139.90358143900005,39.22493941100004],[139.91684255200005,39.26249903000007],[139.93181044000005,39.287111834000086],[139.9635796240001,39.29882013200006],[139.99531019000005,39.32732856000007],[140.04857715000003,39.50466964600008],[140.05933387900006,39.69806625600006],[140.05929588100003,39.72749224900008],[140.03911708700002,39.76928182100005],[140.03908976800005,39.79328263100007],[140.02759850400003,39.82453034100007],[140.00456790500004,39.850897528000075],[139.96648196700005,39.880072333000044],[139.92139733200008,39.898504950000074],[139.8774520190001,39.89280833500004],[139.8437606130001,39.861761786000045],[139.825531446,39.85805898600006],[139.760101759,39.85805898600006],[139.73015384200005,39.90273672100005],[139.70866946700005,39.924261786000045],[139.69773066900007,39.98856648200007],[139.700639313,40.00563611200005],[139.7434519960001,39.982463933000076],[139.80046634200005,39.962591864000046],[139.82211347700002,39.96108633000006],[139.86692463200006,39.98429728600007],[139.90419316100008,40.01769512100009],[139.97803795700008,40.12547435100004],[139.993500196,40.169623114000046],[139.98861094900008,40.191113804000054],[140.01115209900001,40.23545842000004],[140.01989872700005,40.33321038300005],[140.0242629610001,40.355016067000065],[139.94605553500003,40.418850002000056],[139.94376212571035,40.429279553146785],[139.9961373227792,40.43189931929811],[140.04548831613283,40.46153575337229],[140.0613529811551,40.46409373643678],[140.1218660827535,40.44861664504214],[140.300614862286,40.44709218985264],[140.32945031068323,40.45590302240652],[140.3579757016173,40.47287873056894],[140.38469241832036,40.48011343019061],[140.42272627199975,40.47690949197943],[140.43383670519972,40.45980459170852],[140.47409264515943,40.44476675078488],[140.52778445918534,40.41221059844037],[140.5442175640893,40.40797313145481],[140.57434492367918,40.42383779647713],[140.60674604729218,40.42246837001926],[140.63346276309596,40.41233978875022],[140.66152306513732,40.41412262635811],[140.71692020060675,40.42554311792054],[140.74890791217035,40.446265367552655],[140.78802697236688,40.462440090038115],[140.81903283110023,40.4922573921649],[140.84993533704608,40.49951793110762],[140.91509931857865,40.4825422229452],[140.94036909355873,40.468202013112375],[140.9486373228541,40.449701849760515],[140.93664839141013,40.43290700875144],[140.95990278478564,40.410789496038376],[140.96274498869025,40.36864736658271],[140.94801720612907,40.33867503482497],[140.9357182154232,40.29759227076664],[140.9262614277227,40.2439779729051],[140.88481692935773,40.21674449316379],[140.85541303928028,40.18059682898047],[140.86187259344536,40.15015941012865],[140.85598148006125,40.10408987115062],[140.84156375496332,40.07716644977182],[140.84249393095013,39.97745677271189],[140.84941857310866,39.938596095833134],[140.87055423389074,39.878315538231504],[140.85396609935594,39.86666250357166],[140.81655236240158,39.868471177802576],[140.79438317284507,39.86046133092566],[140.7827559757077,39.829145412930416],[140.79371137927671,39.80904328092265],[140.82647423719618,39.78434194582411],[140.8191878598318,39.765221665747276],[140.79019738180364,39.71977224439354],[140.80864586831217,39.67713918672405],[140.81376183534042,39.643937079232785],[140.79092085221555,39.59908193618236],[140.7481327658145,39.560143744038555],[140.72932254499938,39.52926707651437],[140.7143363791206,39.49278351554676],[140.6759924661793,39.43550019058131],[140.65811242135112,39.39227285370919],[140.66446862182943,39.367416489879076],[140.68451907789313,39.33434357449636],[140.69335574796935,39.30256256850771],[140.72281131399086,39.26628571221585],[140.76053511020712,39.24086090850409],[140.7741776880498,39.19579905897939],[140.79608849518786,39.17471507414132],[140.7639457539933,39.148075872703316],[140.7493730001638,39.11327179655615],[140.75851972860255,39.086400051121416],[140.7946932312076,39.060200100154475],[140.79531334883188,39.03911611621578],[140.77464277604327,39.003924465541616],[140.75944990458936,38.95173126918269],[140.7342834823968,38.94346303988738],[140.695629511093,38.916798000926974],[140.6419893739104,38.88933197718899],[140.5776005387338,38.87202037224239],[140.54406253535763,38.8736998561634],[140.53290042531432,38.881709703040315],[140.4793636418185,38.89220001951526],[140.44892622296675,38.9154027369467],[140.4211759792879,38.963875230257656],[140.4050529318473,38.97565745702599],[140.34278283106278,39.00384695117583],[140.2858354028815,39.00831696215806],[140.21069786971088,39.01999583613889],[140.1780383645788,39.04118317286509],[140.12620690342578,39.04846955022953],[140.06858768077677,39.077149969895174],[140.03520470613228,39.105106920048286],[140.0121570174324,39.10980947502725],[139.96275434813458,39.09823395383387],[139.88085494968738,39.115106310108104]]]},"properties":{"name":"Akita"}},{"type":"Feature","geometry":{"type":"Polygon","coordinates":[[[139.94376212571035,40.429279553146785],[139.945648634,40.47809479400007],[139.94278633300007,40.54458555800005],[139.91515451300006,40.58617340700005],[139.87639612100008,40.58343784600004],[139.856781446,40.59015534100007],[139.8603621750001,40.60879140800006],[139.90029743700006,40.64247505800006],[139.925841999,40.646821001000035],[139.938624076,40.66984990800006],[139.95954043000006,40.67769251500005],[139.99815616500007,40.742104090000055],[140.04597727600003,40.76777008700009],[140.06931012100006,40.76558251200004],[140.1076180130001,40.74407301800005],[140.14013941000007,40.74957629000005],[140.1980380870001,40.78645254300005],[140.21908790400005,40.77833468000006],[140.240570509,40.78351471600007],[140.27076256600003,40.81240469000005],[140.29664147200003,40.87376536700003],[140.324833894,41.027461359000085],[140.34099368600005,41.005072333000044],[140.36959444000001,40.98605469100005],[140.38233483200008,40.988267320000034],[140.36962853800003,41.021661632000075],[140.39898677500003,41.03937203000004],[140.35058592000007,41.03884449200007],[140.32395648300007,41.04528458400006],[140.32185208300007,41.08292085900007],[140.3001619810001,41.11127729200007],[140.24809544900006,41.12336100200008],[140.25618438200001,41.13889667800004],[140.303971091,41.13668050100006],[140.32043302,41.14977976200004],[140.33277428500003,41.19131094000005],[140.33277902700002,41.237153409000086],[140.35914755300007,41.25394959800008],[140.391481214,41.24044348400008],[140.43580162900003,41.198146877000056],[140.46224804000008,41.18388740700004],[140.48367398100004,41.18346812600004],[140.51106755500007,41.19771902400004],[140.52475613000001,41.21997640700005],[140.54859759400006,41.226242993000085],[140.59390699100004,41.22017794000004],[140.63270238300004,41.194257795000055],[140.64266573200007,41.17137914700004],[140.63152103000004,41.093085028000075],[140.64128665500004,41.04148997600004],[140.65455162900003,41.00849030200004],[140.67302493600005,40.89557526200008],[140.7031216700001,40.85329202300005],[140.752402511,40.835186570000076],[140.79922346800004,40.83908125100004],[140.85206829100002,40.883848724000075],[140.8707263990001,40.915135476000046],[140.85360123300006,40.94491889100004],[140.8610516550001,40.97204276600007],[140.88233210700002,41.007822022000084],[140.902885406,41.008995810000044],[140.914405859,40.99609776500006],[140.94870251300006,40.99074773500007],[140.98140227400006,40.959768599000085],[140.97506573300006,40.937755320000065],[141.06807564200005,40.91084813100008],[141.083704774,40.886413220000065],[141.11134557100002,40.87263328600005],[141.1471450140001,40.87883994300006],[141.18524863300001,40.91121452900006],[141.22640007400003,40.987442920000035],[141.23640716500006,41.01572156100008],[141.24190264900005,41.08274200000005],[141.25234706100002,41.11875852600008],[141.27223835200004,41.13657760500007],[141.277882083,41.155329909000045],[141.2704802500001,41.18520388400009],[141.235466901,41.23797276500005],[141.20591119200003,41.26471970400007],[141.18337455300002,41.27706277200008],[141.1612324580001,41.27846726200005],[141.1369634360001,41.246697177000044],[141.14683011300008,41.236288570000056],[141.11337199500008,41.21436328300007],[141.09473672700005,41.210264513000084],[141.05807571800005,41.183068125000034],[141.00563260700005,41.19576286500006],[140.977561863,41.19647781500004],[140.946265175,41.17328947700008],[140.907788697,41.17364541400008],[140.89078478800002,41.16377995100004],[140.86273009800004,41.16412311100004],[140.82850222700006,41.14610662600006],[140.81452501500007,41.128461806000075],[140.79815518300006,41.128577901000085],[140.76579604300002,41.14501873900008],[140.76555366700006,41.19595586000008],[140.778168165,41.20685455900008],[140.78469859000006,41.23514784300005],[140.780395753,41.25193437900003],[140.79309271300008,41.27842175200004],[140.80321422500003,41.32118674800006],[140.815172877,41.33756239600007],[140.83695137100005,41.41822188600008],[140.85333808400003,41.430339450000076],[140.88382800500005,41.46740993900005],[140.89795983200008,41.47614166900007],[140.90710228800003,41.50079851500004],[140.89946179000003,41.52417520800009],[140.913572359,41.54685719300005],[140.9508002450001,41.521911388000035],[140.97805707600003,41.49765904100008],[141.00333950800007,41.48708488900007],[141.06530723900005,41.48111619600007],[141.10775040700003,41.46386893600004],[141.19499759200005,41.387152411000045],[141.276095682,41.35319552800007],[141.31791884200004,41.35304670600004],[141.38216087800004,41.37259958300007],[141.44819724900003,41.41840423500008],[141.4574654930001,41.37747296200007],[141.44528424100008,41.36618409700009],[141.42379443000004,41.312706921000085],[141.40891673300007,41.256677393000075],[141.39081676700005,41.16101119700005],[141.39828535200002,41.128119208000044],[141.396359255,41.09173074200004],[141.38630694100004,41.03036180100008],[141.39026167600002,40.93393259100009],[141.4055534050001,40.816822863000084],[141.4231560400001,40.72577228600005],[141.43738666000002,40.67014093100005],[141.470398091,40.59341807100009],[141.491639652,40.562326700000085],[141.5196960080001,40.537986372000034],[141.54821362400003,40.531595226000036],[141.57554958600008,40.542279059000066],[141.58926137100002,40.52210463500006],[141.62370853000004,40.50136953300006],[141.68098803716816,40.45100587482125],[141.58777143830116,40.407094632311384],[141.56544721911382,40.36756216096495],[141.53687015223568,40.35640005092159],[141.47356652177746,40.36854401289588],[141.43057173070076,40.36177440036823],[141.35688113835374,40.340070298805244],[141.30251753075936,40.35539236146826],[141.2415393411676,40.3341791863204],[141.08764692636453,40.26268484093265],[141.02542850242344,40.218630683559184],[141.00150231278144,40.211318467773026],[140.97437218582763,40.2193024771276],[140.9262614277227,40.2439779729051],[140.9357182154232,40.29759227076664],[140.94801720612907,40.33867503482497],[140.96274498869025,40.36864736658271],[140.95990278478564,40.410789496038376],[140.93664839141013,40.43290700875144],[140.9486373228541,40.449701849760515],[140.94036909355873,40.468202013112375],[140.91509931857865,40.4825422229452],[140.84993533704608,40.49951793110762],[140.81903283110023,40.4922573921649],[140.78802697236688,40.462440090038115],[140.74890791217035,40.446265367552655],[140.71692020060675,40.42554311792054],[140.66152306513732,40.41412262635811],[140.63346276309596,40.41233978875022],[140.60674604729218,40.42246837001926],[140.57434492367918,40.42383779647713],[140.5442175640893,40.40797313145481],[140.52778445918534,40.41221059844037],[140.47409264515943,40.44476675078488],[140.43383670519972,40.45980459170852],[140.42272627199975,40.47690949197943],[140.38469241832036,40.48011343019061],[140.3579757016173,40.47287873056894],[140.32945031068323,40.45590302240652],[140.300614862286,40.44709218985264],[140.1218660827535,40.44861664504214],[140.0613529811551,40.46409373643678],[140.04548831613283,40.46153575337229],[139.9961373227792,40.43189931929811],[139.94376212571035,40.429279553146785]]]},"properties":{"name":"Aomori"}},{"type":"Feature","geometry":{"type":"Polygon","coordinates":[[[141.68098803716816,40.45100587482125],[141.719140981,40.41283517800008],[141.72608451300005,40.393792775000065],[141.74377693500003,40.38392223200009],[141.772797071,40.33392975500004],[141.77849368600005,40.31549713700008],[141.80347741000003,40.29002513200004],[141.830414259,40.251166083000044],[141.84197024800005,40.225775458000044],[141.81519616000003,40.20286692900004],[141.813324415,40.183579820000034],[141.86500084700003,40.15973541900007],[141.87720787900003,40.13930898600006],[141.84742272200003,40.11513906500005],[141.83757571700005,40.09454987200007],[141.84245853000004,40.070379950000074],[141.85499108200008,40.05499909100007],[141.91960696700005,40.00885651200008],[141.949554884,39.99656810100004],[141.9614363940001,39.95368073100008],[141.942230665,39.92450592700004],[141.97185306100005,39.88300202000005],[141.97868899800005,39.83930084800005],[142.0087996750001,39.75275299700007],[141.9912215500001,39.730454820000034],[141.98389733200008,39.70697663000004],[141.97828209700003,39.64785390800006],[141.96045983200008,39.61163971600007],[141.96631920700008,39.59845612200007],[142.01246178500003,39.63580963700008],[142.0361434250001,39.61163971600007],[142.03077233200008,39.58417389500005],[142.06812584700003,39.55638255400004],[142.0693465500001,39.54047272300005],[142.01514733200008,39.488714911000045],[141.96631920700008,39.47134023600006],[141.95297285200002,39.46076080900008],[141.97087649800005,39.44326406500005],[141.99626712300005,39.44525788000004],[142.018890821,39.45937734600005],[142.03638756600003,39.48379140800006],[142.05844160200002,39.46629466400009],[142.039886915,39.45457591400009],[142.031586134,39.417303778000075],[141.9809676440001,39.41242096600007],[141.93873131600003,39.38507721600007],[141.96412194100003,39.37555573100008],[141.95337975400003,39.36200592700004],[141.9052840500001,39.33047109600005],[141.94678795700008,39.33038971600007],[141.9809676440001,39.35097890800006],[141.98365319100003,39.32713450700004],[141.96371504,39.312567450000074],[141.914886915,39.29486725500004],[141.9326278000001,39.27521393400008],[141.89909915500004,39.27521393400008],[141.89909915500004,39.24852122600004],[141.94703209700003,39.249701239000046],[141.9492293630001,39.22801341400009],[141.930023634,39.212225653000075],[141.90211022200003,39.204331773000035],[141.89372806100005,39.186753648000035],[141.9262801440001,39.18707916900007],[141.91578209700003,39.169989325000074],[141.89519290500004,39.159369208000044],[141.8437606130001,39.152329820000034],[141.90886478000004,39.10976797100005],[141.89047285200002,39.089544989000046],[141.83545983200008,39.10431549700007],[141.81714928500003,39.09088776200008],[141.859711134,39.07330963700008],[141.87183678500003,39.062933661000045],[141.8232528000001,39.049261786000045],[141.8481551440001,39.03510163000004],[141.84742272200003,39.02195872600004],[141.80648847700002,39.02948639500005],[141.72820071700005,39.02171458500004],[141.74822024800005,38.98786041900007],[141.7270613940001,38.987616278000075],[141.73023522200003,38.951157945000034],[141.717133009,38.94684479400007],[141.69092858200008,38.95962148600006],[141.65105228000004,38.99681224200009],[141.63835696700005,38.98541901200008],[141.64030353100665,38.967503417383966],[141.53997073765936,38.9901526964897],[141.49945641528132,38.986767890225906],[141.48235151590973,38.96361684783926],[141.4813179871353,38.91137197553621],[141.4507255386526,38.87276968017659],[141.44886518757824,38.81628733998872],[141.40669721880158,38.78543650998694],[141.3554341984294,38.80476349473946],[141.3207076357487,38.81303172493415],[141.28908165939106,38.79052663769414],[141.26065962124449,38.778408515040894],[141.2364750509828,38.75828054551073],[141.21776818295518,38.753784695207514],[141.18087120993835,38.77386098879356],[141.14614464725764,38.78621165634286],[141.113536818969,38.822385158947895],[141.11772261001045,38.83980011758132],[141.1369979188188,38.85711172072928],[141.1126066429821,38.8694623891779],[141.07410770130934,38.87323476816999],[141.00527469267286,38.87292470980748],[140.9763875674322,38.880417791847606],[140.9070377948583,38.91405914980987],[140.81608727440812,38.94658946373272],[140.75944990458936,38.95173126918269],[140.77464277604327,39.003924465541616],[140.79531334883188,39.03911611621578],[140.7946932312076,39.060200100154475],[140.75851972860255,39.086400051121416],[140.7493730001638,39.11327179655615],[140.7639457539933,39.148075872703316],[140.79608849518786,39.17471507414132],[140.7741776880498,39.19579905897939],[140.76053511020712,39.24086090850409],[140.72281131399086,39.26628571221585],[140.69335574796935,39.30256256850771],[140.68451907789313,39.33434357449636],[140.66446862182943,39.367416489879076],[140.65811242135112,39.39227285370919],[140.6759924661793,39.43550019058131],[140.7143363791206,39.49278351554676],[140.72932254499938,39.52926707651437],[140.7481327658145,39.560143744038555],[140.79092085221555,39.59908193618236],[140.81376183534042,39.643937079232785],[140.80864586831217,39.67713918672405],[140.79019738180364,39.71977224439354],[140.8191878598318,39.765221665747276],[140.82647423719618,39.78434194582411],[140.79371137927671,39.80904328092265],[140.7827559757077,39.829145412930416],[140.79438317284507,39.86046133092566],[140.81655236240158,39.868471177802576],[140.85396609935594,39.86666250357166],[140.87055423389074,39.878315538231504],[140.84941857310866,39.938596095833134],[140.84249393095013,39.97745677271189],[140.84156375496332,40.07716644977182],[140.85598148006125,40.10408987115062],[140.86187259344536,40.15015941012865],[140.85541303928028,40.18059682898047],[140.88481692935773,40.21674449316379],[140.9262614277227,40.2439779729051],[140.97437218582763,40.2193024771276],[141.00150231278144,40.211318467773026],[141.02542850242344,40.218630683559184],[141.08764692636453,40.26268484093265],[141.2415393411676,40.3341791863204],[141.30251753075936,40.35539236146826],[141.35688113835374,40.340070298805244],[141.43057173070076,40.36177440036823],[141.47356652177746,40.36854401289588],[141.53687015223568,40.35640005092159],[141.56544721911382,40.36756216096495],[141.58777143830116,40.407094632311384],[141.68098803716816,40.45100587482125]]]},"properties":{"name":"Iwate"}},{"type":"Feature","geometry":{"type":"Polygon","coordinates":[[[141.64030353100665,38.967503417383966],[141.64527428500003,38.92300039300005],[141.668793165,38.87262604400007],[141.65211022200003,38.86432526200008],[141.6367293630001,38.89109935100004],[141.58855228000004,38.88222890800006],[141.58375084700003,38.85443756700005],[141.58936608200008,38.82607656500005],[141.5732528000001,38.80658600500004],[141.53052819100003,38.78082916900007],[141.53199303500003,38.763332424000055],[141.572601759,38.71865469000005],[141.5664168630001,38.703558661000045],[141.53785241000003,38.70408763200004],[141.51587975400003,38.68427155200004],[141.46306399800005,38.661363023000035],[141.485199415,38.64085521000004],[141.5322371750001,38.63841380400004],[141.52808678500003,38.61790599200009],[141.51140384200005,38.59739817900004],[141.46705162900003,38.569525458000044],[141.4990340500001,38.54165273600006],[141.52914472700002,38.54901764500005],[141.54761803500003,38.51862213700008],[141.54281660200002,38.48139069200005],[141.52418053500003,38.48969147300005],[141.51482181100005,38.50804271000004],[141.49496504,38.46088288000004],[141.50798587300005,38.446600653000075],[141.47144616000003,38.43573639500005],[141.4775496750001,38.401556708000044],[141.51840254,38.402329820000034],[141.50123131600003,38.371527411000045],[141.52523847700002,38.35993073100008],[141.5297957690001,38.31793854400007],[141.54281660200002,38.30263906500005],[141.5254012380001,38.26780833500004],[141.4912215500001,38.29238515800006],[141.46998131600003,38.296087958000044],[141.45777428500003,38.33087799700007],[141.42554772200003,38.34357330900008],[141.43970787900003,38.371527411000045],[141.428070509,38.38043854400007],[141.39812259200005,38.37767161700009],[141.33318118600005,38.40900299700007],[141.30445397200003,38.407904364000046],[141.2295028000001,38.39411041900007],[141.20240319100003,38.38580963700008],[141.18091881600003,38.371161200000074],[141.17212975400003,38.347316799000055],[141.17497806100005,38.32436758000006],[141.15211022200003,38.32306549700007],[141.1318465500001,38.371527411000045],[141.09782962300005,38.371527411000045],[141.06470787900003,38.34662506700005],[141.04867597700002,38.309475002000056],[141.0791121750001,38.31159088700008],[141.0805770190001,38.294907945000034],[141.0527449880001,38.27871328300006],[141.01734459700003,38.24485911700009],[140.98796634200005,38.207017320000034],[140.9668074880001,38.17047760600008],[140.9257918630001,38.04938385600008],[140.91863040500004,38.00722890800006],[140.91976972700002,37.96515534100007],[140.93319259459605,37.88980498930591],[140.87784061125512,37.88771352775706],[140.85489627534275,37.87603465377623],[140.85520633370527,37.83810415288434],[140.84962527868356,37.79877838801218],[140.82492394358508,37.78637604451882],[140.77805341982946,37.7859626333688],[140.76410078272488,37.77020132113404],[140.73304324804735,37.776867580874125],[140.69469933510618,37.79854584401545],[140.68281375465097,37.81567658090944],[140.6829687851813,37.84699249890468],[140.66958458885767,37.87236562847096],[140.6516011903426,37.88290761999065],[140.57491336535952,37.90326813441686],[140.51739749639728,37.89319122999126],[140.48499637278428,37.90342316314843],[140.4688216493995,37.92517894155486],[140.44324181515753,37.943007311338306],[140.40458784385385,37.95463450847575],[140.35291141233176,37.94621124954949],[140.32061364240565,37.94584951434359],[140.26955732580984,37.96424632400863],[140.27705040874935,38.03018545189707],[140.28232140540842,38.04511994093252],[140.30857303321886,38.0616563995232],[140.36066287679023,38.06863271672648],[140.39652632103287,38.09116364238815],[140.4507865740411,38.15214183197992],[140.46308556474696,38.20821076101777],[140.46138024330355,38.24484935251559],[140.4827742856047,38.29518219690084],[140.50308312408686,38.31872081201584],[140.5225134616269,38.357710680103764],[140.55972049390562,38.39478852027395],[140.5879358255778,38.46571442308215],[140.56519819613982,38.496513577139865],[140.55491458613915,38.52436717450547],[140.55429446761548,38.56777537673224],[140.5379130386558,38.60738536244452],[140.54111697776625,38.64213776354694],[140.58194136030545,38.64327464510876],[140.59899458193433,38.659785265277776],[140.6059709009363,38.68637278897302],[140.60674604729218,38.73231313674182],[140.61604780536186,38.7654377298673],[140.5951188501548,38.79024241775335],[140.57713545074046,38.822230130216326],[140.54266727137747,38.85752513277862],[140.53290042531432,38.881709703040315],[140.54406253535763,38.8736998561634],[140.5776005387338,38.87202037224239],[140.6419893739104,38.88933197718899],[140.695629511093,38.916798000926974],[140.7342834823968,38.94346303988738],[140.75944990458936,38.95173126918269],[140.81608727440812,38.94658946373272],[140.9070377948583,38.91405914980987],[140.9763875674322,38.880417791847606],[141.00527469267286,38.87292470980748],[141.07410770130934,38.87323476816999],[141.1126066429821,38.8694623891779],[141.1369979188188,38.85711172072928],[141.11772261001045,38.83980011758132],[141.113536818969,38.822385158947895],[141.14614464725764,38.78621165634286],[141.18087120993835,38.77386098879356],[141.21776818295518,38.753784695207514],[141.2364750509828,38.75828054551073],[141.26065962124449,38.778408515040894],[141.28908165939106,38.79052663769414],[141.3207076357487,38.81303172493415],[141.3554341984294,38.80476349473946],[141.40669721880158,38.78543650998694],[141.44886518757824,38.81628733998872],[141.4507255386526,38.87276968017659],[141.4813179871353,38.91137197553621],[141.48235151590973,38.96361684783926],[141.49945641528132,38.986767890225906],[141.53997073765936,38.9901526964897],[141.64030353100665,38.967503417383966]]]},"properties":{"name":"Miyagi"}},{"type":"Feature","geometry":{"type":"Polygon","coordinates":[[[140.93319259459605,37.88980498930591],[140.99325908700007,37.79983832100004],[141.008148634,37.75018952000005],[141.02222741000003,37.72695547100005],[141.0219832690001,37.706732489000046],[141.00928795700008,37.685248114000046],[141.028168165,37.648098049000055],[141.04184004,37.37714264500005],[141.0361434250001,37.34471263200004],[141.01441491000003,37.271470445000034],[141.0078231130001,37.22675202000005],[141.0078231130001,37.13385651200008],[140.98796634200005,37.08978913000004],[140.97437584700003,37.00177643400008],[140.960297071,36.96621328300006],[140.9257918630001,36.93891022300005],[140.89177493600005,36.93211497600004],[140.85906009200005,36.91400788000004],[140.83521569100003,36.90843333500004],[140.80437259200005,36.885972398000035],[140.79728604861225,36.846489052327854],[140.69816165573582,36.868602607124615],[140.61439415896325,36.896146145228386],[140.58302656502394,36.92247528740455],[140.56147749219247,36.91790192273555],[140.56984907427534,36.87139313418578],[140.53243533732086,36.8456065943688],[140.48122399289286,36.797108263535506],[140.44985639895356,36.794576117094095],[140.40691328292166,36.815763454719615],[140.3544617050436,36.856665350725336],[140.28604210755714,36.90586131444809],[140.23731123272717,36.92482656489403],[140.24103193577514,36.9430683458275],[140.2312650897121,36.99998993648637],[140.1988122910543,37.02019542128164],[140.1850146826814,37.0529324407795],[140.09809492364172,37.105823269128564],[139.95815514504386,37.13938711182573],[139.91686567630984,37.14357290286716],[139.86131351120957,37.130447088961944],[139.79118859317896,37.08122528681753],[139.74741865484702,37.07701365825369],[139.67853397026647,37.053216660720295],[139.509552036797,36.97490102776021],[139.4458866720322,36.95614248288928],[139.40790449429687,36.92513662415587],[139.35958702971755,36.90203725771323],[139.2173734888953,36.929503282350595],[139.21458296093488,36.94565216731365],[139.2269853053275,36.96177521385499],[139.2406278831702,37.03949656851182],[139.23458174015514,37.09068207541742],[139.23520185777943,37.13990387576325],[139.2042993509342,37.1920970730215],[139.1784094592291,37.18956492837873],[139.15949588382796,37.21369782179704],[139.16011600235163,37.24077627190741],[139.19391238814615,37.29658681942618],[139.20817508361313,37.354593613904115],[139.20383426294086,37.37957916894345],[139.1887964211179,37.39900950828218],[139.18853803869945,37.41812978835901],[139.20879520123754,37.4411258002155],[139.26357221908256,37.447326971962184],[139.32599734859866,37.46127960906671],[139.38139448496747,37.460814521073246],[139.3951920924411,37.48840973602046],[139.41953169233363,37.50334422505591],[139.46717736244523,37.50122549156316],[139.51544315018123,37.508976956021684],[139.54350345312184,37.50386098899344],[139.55606082624604,37.51814952198282],[139.54954959523752,37.57729319892195],[139.53327151906535,37.613673408001375],[139.54799930162642,37.638323066256476],[139.59533491427487,37.6804393581898],[139.66561486193632,37.76384511975647],[139.72462934766622,37.82037913678772],[139.7647819357377,37.81645172816468],[139.8063814637335,37.80598725011146],[139.85015140206553,37.81185252507396],[139.8899939308751,37.80466950139635],[139.91655561704806,37.81453970024694],[139.93236860612626,37.811594143554885],[139.96554487519575,37.77294017225114],[139.99055626775748,37.75653290486963],[140.03634158679472,37.75717886001638],[140.06104292189332,37.752217923518344],[140.10429609628773,37.72265900291063],[140.1314778991856,37.72684479395207],[140.17256066324398,37.74307119418023],[140.20330813955889,37.738497830410495],[140.2309550313496,37.74741201395324],[140.26118574372708,37.768986925206434],[140.27374311685128,37.7995535343681],[140.26707685801057,37.831050320415955],[140.26506147730527,37.8723139507282],[140.2704358258526,37.92585073512333],[140.26955732580984,37.96424632400863],[140.32061364240565,37.94584951434359],[140.35291141233176,37.94621124954949],[140.40458784385385,37.95463450847575],[140.44324181515753,37.943007311338306],[140.4688216493995,37.92517894155486],[140.48499637278428,37.90342316314843],[140.51739749639728,37.89319122999126],[140.57491336535952,37.90326813441686],[140.6516011903426,37.88290761999065],[140.66958458885767,37.87236562847096],[140.6829687851813,37.84699249890468],[140.68281375465097,37.81567658090944],[140.69469933510618,37.79854584401545],[140.73304324804735,37.776867580874125],[140.76410078272488,37.77020132113404],[140.77805341982946,37.7859626333688],[140.82492394358508,37.78637604451882],[140.84962527868356,37.79877838801218],[140.85520633370527,37.83810415288434],[140.85489627534275,37.87603465377623],[140.87784061125512,37.88771352775706],[140.93319259459605,37.88980498930591]]]},"properties":{"name":"Fukushima"}},{"type":"Feature","geometry":{"type":"Polygon","coordinates":[[[140.79728604861225,36.846489052327854],[140.74187259200005,36.768459377000056],[140.6938582690001,36.61798737200007],[140.63892662900003,36.53974030200004],[140.6235457690001,36.50608958500004],[140.61011803500003,36.43390534100007],[140.6235457690001,36.37962474200009],[140.61687259200005,36.33779531500005],[140.57938199800003,36.30475890300005],[140.5641073710001,36.28309580200005],[140.56643664500007,36.24583748900005],[140.57837975400003,36.16095612200007],[140.646034105,36.013320444000044],[140.78931725400003,35.808661200000074],[140.83082116000003,35.761053778000075],[140.84164472700002,35.74241771000004],[140.85946699300007,35.73537832200009],[140.8247689148535,35.735390122755916],[140.79898237503653,35.74378754326051],[140.75541914317887,35.77401825653726],[140.71087405759158,35.81972606120871],[140.670824823207,35.84163686834677],[140.62571129773812,35.85365163821251],[140.56964236870033,35.8838306755452],[140.55145226461025,35.888559068046504],[140.461431920147,35.892434800725425],[140.39280561708551,35.88489004184191],[140.36779422362451,35.87843048857616],[140.34557335812394,35.85543447492108],[140.3199418479379,35.850680243098736],[140.1896655617162,35.842902940218494],[140.1273437849876,35.85442678546775],[139.96962731344968,35.91393219671346],[139.93236860612626,35.93847850218111],[139.86596439024436,36.00508942273865],[139.80545128774668,36.07779816315468],[139.75284468023779,36.07955516234085],[139.7109350929801,36.09828786879007],[139.68551028926834,36.12549551010966],[139.67403812086252,36.1522122259135],[139.65372928327974,36.203139350400704],[139.7036487156157,36.204689643112545],[139.74617841959832,36.21820302974601],[139.791808709904,36.24158661612938],[139.8172335154144,36.28000804343645],[139.8403845560024,36.29995514581333],[139.89485151638428,36.309308579827075],[139.90735721176588,36.32656850793029],[139.95350426690834,36.362121893810354],[139.9760868667155,36.36821971276953],[140.0141723981376,36.3648607449274],[140.05484175014658,36.38333506895822],[140.1142696470265,36.396021633291696],[140.1572127630585,36.392533474240395],[140.18113895090175,36.41488353095019],[140.20036258376615,36.45927358690648],[140.23002485626205,36.49963288055295],[140.23762129108968,36.54133576133631],[140.22981814978777,36.62355296539704],[140.2210331556555,36.67719310257962],[140.22795779781404,36.68941457802032],[140.26676679874868,36.718637600045156],[140.25064375220734,36.76129649523705],[140.2513155457758,36.809433091763765],[140.24537275644752,36.87635407248246],[140.23731123272717,36.92482656489403],[140.28604210755714,36.90586131444809],[140.3544617050436,36.856665350725336],[140.40691328292166,36.815763454719615],[140.44985639895356,36.794576117094095],[140.48122399289286,36.797108263535506],[140.53243533732086,36.8456065943688],[140.56984907427534,36.87139313418578],[140.56147749219247,36.91790192273555],[140.58302656502394,36.92247528740455],[140.61439415896325,36.896146145228386],[140.69816165573582,36.868602607124615],[140.79728604861225,36.846489052327854]]]},"properties":{"name":"Ibaraki"}},{"type":"Feature","geometry":{"type":"Polygon","coordinates":[[[140.85946699300007,35.73537832200009],[140.8794051440001,35.72052643400008],[140.8606646720001,35.68779101800004],[140.82830145700007,35.71396943700006],[140.80314419800004,35.70937139000006],[140.72078890300008,35.68251721100006],[140.716260551,35.69879072800006],[140.6610564560001,35.68863497800004],[140.5961624470001,35.65207529800006],[140.4834674970001,35.56599105500004],[140.42321951300005,35.49064438000005],[140.38591856900007,35.380998573000056],[140.4130965500001,35.301214911000045],[140.39419527500002,35.19659166200006],[140.377629651,35.17635690900005],[140.3489351930001,35.18051589700008],[140.33047969900008,35.15778336400007],[140.32121361200007,35.13039407800005],[140.2533254880001,35.134623945000044],[140.23738075200004,35.11242952500004],[140.15551320300006,35.118075357000066],[140.134602814,35.12264536400005],[140.10595281100007,35.097603003000074],[140.10080523400006,35.07575134500007],[140.075487834,35.05926940100005],[140.05553662300008,35.058868491000055],[139.99096763300008,35.02050211200009],[139.9640643580001,34.975959644000056],[139.9621388810001,34.940850503000036],[139.9263958460001,34.90735665200009],[139.843099617,34.89998186000008],[139.821984262,34.91210983000008],[139.82318224300002,34.934921744000064],[139.77881155300008,34.95413884000004],[139.756993555,34.956283674000076],[139.75277736500004,34.97580871200006],[139.794453804,34.97344853800007],[139.8271049220001,34.99019351800007],[139.85865319100003,34.98680247600004],[139.8676863940001,35.013332424000055],[139.83578535200002,35.02724844000005],[139.8462020190001,35.04682038000004],[139.84742272200003,35.06932200700004],[139.83578535200002,35.099269924000055],[139.8364363940001,35.135199286000045],[139.81897429600008,35.157662877000064],[139.82460882400005,35.199063900000056],[139.86515060700003,35.22409896400006],[139.86632662800002,35.24620537700008],[139.84831790500004,35.27171458500004],[139.84933413400006,35.29355360000005],[139.78215300800002,35.31417710000005],[139.82415804200002,35.32842398900004],[139.824667997,35.34700932700008],[139.84477673600009,35.37620508400005],[139.8927430760001,35.36418368900007],[139.907865055,35.37871859200004],[139.900121044,35.42310445500004],[139.9128234540001,35.434436180000034],[139.94075591,35.44251764400008],[139.95867218600006,35.45620969700008],[139.98233663500002,35.458668431000035],[140.005859289,35.47342712000005],[140.07188712900006,35.542856802000074],[140.09015640100006,35.54084883200005],[140.07960045700008,35.603583075000074],[140.008949863,35.659759819000044],[139.95041397400007,35.67259201500008],[139.92053189700005,35.66206667300008],[139.9395792910001,35.63689149800007],[139.89716783000006,35.614373758000056],[139.8642428567224,35.632067576757265],[139.8811572607989,35.67343008123322],[139.885963170364,35.69774384180482],[139.8639490086398,35.77812653321291],[139.87480106032058,35.85037018473622],[139.86653283102532,35.888817450464956],[139.83862755771554,35.922898057998964],[139.79645958893877,36.01891286953327],[139.75284468023779,36.07955516234085],[139.80545128774668,36.07779816315468],[139.86596439024436,36.00508942273865],[139.93236860612626,35.93847850218111],[139.96962731344968,35.91393219671346],[140.1273437849876,35.85442678546775],[140.1896655617162,35.842902940218494],[140.3199418479379,35.850680243098736],[140.34557335812394,35.85543447492108],[140.36779422362451,35.87843048857616],[140.39280561708551,35.88489004184191],[140.461431920147,35.892434800725425],[140.55145226461025,35.888559068046504],[140.56964236870033,35.8838306755452],[140.62571129773812,35.85365163821251],[140.670824823207,35.84163686834677],[140.71087405759158,35.81972606120871],[140.75541914317887,35.77401825653726],[140.79898237503653,35.74378754326051],[140.8247689148535,35.735390122755916],[140.85946699300007,35.73537832200009]]]},"properties":{"name":"Chiba"}},{"type":"Feature","geometry":{"type":"MultiPolygon","coordinates":[[[[139.8642428567224,35.632067576757265],[139.85027103000004,35.63751862200007],[139.83727706700006,35.61454952400004],[139.80682518800006,35.63819253400004],[139.789146748,35.60324341200004],[139.78480408500002,35.580466096000066],[139.79905634500005,35.54001012800006],[139.78662138347,35.51152965057287],[139.69775760313087,35.53808950482676],[139.6548661639423,35.56413442616281],[139.5394210148679,35.61260692037308],[139.51373782783844,35.61139252444542],[139.47988976520048,35.590696113235026],[139.48485070169852,35.565813910083875],[139.47182824058075,35.54181020787479],[139.47477379817224,35.508091336446],[139.45818566273806,35.49297597935794],[139.39906782422065,35.5563054473385],[139.3772603698701,35.566769924492405],[139.3419653673078,35.57322947775816],[139.2977303409824,35.57529653620617],[139.2452787622051,35.59167796516596],[139.20383426294086,35.623717353573],[139.14735192275293,35.650020657327445],[139.12177208941034,35.65399974189455],[139.03578250455894,35.69634857782461],[138.99268436069462,35.73254791885137],[138.97092858318751,35.76164175146562],[138.94658898329487,35.81662547488571],[138.9228178241832,35.8353840197567],[138.95289350782912,35.85788910609733],[138.99371789036832,35.87654429818082],[139.0136133159018,35.87729360611502],[139.0601737812949,35.85305735900988],[139.2715303900154,35.808977363214694],[139.38449507129042,35.75492381398283],[139.43431115083888,35.75223663970911],[139.50738162736013,35.77766144521951],[139.52288455627718,35.77479340289318],[139.53559695903243,35.751564846140695],[139.60360314267086,35.75903209155774],[139.64127526294294,35.77711884196094],[139.70612918521363,35.77564606451426],[139.75780561673582,35.79528310852862],[139.80452111175987,35.790348009552986],[139.8639490086398,35.77812653321291],[139.885963170364,35.69774384180482],[139.8811572607989,35.67343008123322],[139.8642428567224,35.632067576757265]]],[[[141.357758009,24.789618231000077],[141.35726972700002,24.77342357000009],[141.3305770190001,24.76911041900007],[141.30258222700002,24.73436107000009],[141.28980553500003,24.760239976000037],[141.29948978000004,24.78587474200009],[141.33025149800005,24.794094143000052],[141.357758009,24.789618231000077]]],[[[142.19320722700002,26.64606354400007],[142.17505944100003,26.630072333000044],[142.15992272200003,26.632025458000044],[142.139008009,26.662502346000053],[142.1113387380001,26.721177476000037],[142.1318465500001,26.714992580000057],[142.16578209700003,26.674383856000077],[142.1801863940001,26.67401764500005],[142.19320722700002,26.64606354400007]]],[[[142.19320722700002,27.091742255000042],[142.22087649800005,27.09833405200004],[142.24105879,27.08429596600007],[142.23462975400003,27.050034898000035],[142.21851647200003,27.040350653000075],[142.198578321,27.05109284100007],[142.1801863940001,27.078070380000042],[142.19320722700002,27.091742255000042]]],[[[139.7910262380001,33.13532135600008],[139.8623153000001,33.10700104400007],[139.8774520190001,33.087591864000046],[139.84522545700008,33.04677969000005],[139.82097415500004,33.040269273000035],[139.7876082690001,33.05841705900008],[139.7763778000001,33.07998281500005],[139.74341881600003,33.11859772300005],[139.73975670700008,33.133246161000045],[139.76775149800005,33.14988841400009],[139.7910262380001,33.13532135600008]]],[[[139.48707116000003,34.06077708500004],[139.49439537900003,34.09275950700004],[139.5234481130001,34.11237213700008],[139.55632571700005,34.11347077000005],[139.575043165,34.09003327000005],[139.56128991000003,34.05809153900009],[139.534515821,34.037543036000045],[139.50611412900003,34.03587474200009],[139.48707116000003,34.06077708500004]]],[[[139.270355665,34.39598216400009],[139.2915145190001,34.41453685100004],[139.30250084700003,34.399725653000075],[139.29639733200008,34.36786530200004],[139.28345787900003,34.33685944200005],[139.26783287900003,34.322699286000045],[139.25367272200003,34.34137604400007],[139.270355665,34.39598216400009]]],[[[139.41822350400003,34.78082916900007],[139.43775475400003,34.771918036000045],[139.45671634200005,34.73712799700007],[139.45378665500004,34.678941148000035],[139.42164147200003,34.67719147300005],[139.3593528460001,34.70229865300007],[139.35119548300008,34.72003363400006],[139.35646512200003,34.79722949200004],[139.41822350400003,34.78082916900007]]],[[[141.287445509,25.417710679000038],[141.27466881600003,25.427069403000075],[141.274750196,25.451117255000042],[141.28825931100005,25.45254140800006],[141.29948978000004,25.434800523000035],[141.287445509,25.417710679000038]]],[[[139.62281334700003,33.88556549700007],[139.62289472700002,33.856756903000075],[139.5942488940001,33.854722398000035],[139.57976321700005,33.88031647300005],[139.59245853000004,33.895819403000075],[139.62281334700003,33.88556549700007]]]]},"properties":{"name":"Tokyo"}},{"type":"Feature","geometry":{"type":"Polygon","coordinates":[[[139.78662138347,35.51152965057287],[139.77857506600003,35.50185781500005],[139.71407684000008,35.46473072500004],[139.6882217330001,35.46110650400004],[139.66689706,35.46793427800009],[139.6423018370001,35.45426118200004],[139.68054456100003,35.43838609900007],[139.686859571,35.40070221600007],[139.6499959250001,35.41055080800004],[139.6357919080001,35.40163242700004],[139.65723847900006,35.37702195400004],[139.648358142,35.297890507000034],[139.676899305,35.29153718100008],[139.69418379,35.268744208000044],[139.7342280480001,35.26520292300006],[139.745453321,35.24896881700005],[139.725922071,35.233303127000056],[139.7280246570001,35.20708410000009],[139.68879598,35.20913368600009],[139.666456229,35.19389322400008],[139.660589416,35.17823249200006],[139.68506920700008,35.14044830900008],[139.66431725400003,35.134833075000074],[139.6114520120001,35.141972689000056],[139.6143019980001,35.17404269600007],[139.60179274300003,35.201835319000054],[139.62395895200007,35.211617096000055],[139.54851321700005,35.28790924700007],[139.52660337300006,35.30203700900006],[139.486664259,35.30052317900004],[139.46691429100008,35.31331858400006],[139.4148557200001,35.318814659000054],[139.2820504240001,35.29619758400008],[139.23336693300007,35.28532441900006],[139.18353782100007,35.26326671600009],[139.145957437,35.235226985000054],[139.14242597700002,35.184027411000045],[139.15805097700002,35.13646067900004],[139.12077055300006,35.15025745000008],[139.0944308400485,35.1174736233987],[139.02875451141153,35.13555593555793],[139.01237308155237,35.146795559067755],[138.98389936656247,35.18299490009457],[138.97356408061773,35.20495738407601],[138.97061852392574,35.249760851182316],[139.00028079642152,35.29055939440053],[138.98679324820978,35.35618846302714],[138.9865865417355,35.38114818054407],[138.96457238180994,35.38840871768815],[138.90033857626418,35.38094147406974],[138.90607466001745,35.400836900502554],[138.9332564638147,35.437062079051714],[138.9519633318422,35.44969696744107],[138.99092736240777,35.464786485208094],[139.08048261887768,35.50493907327956],[139.10626915869466,35.5392780623327],[139.1175862983689,35.59787913691264],[139.11371056479072,35.63079702446311],[139.12177208941034,35.65399974189455],[139.14735192275293,35.650020657327445],[139.20383426294086,35.623717353573],[139.2452787622051,35.59167796516596],[139.2977303409824,35.57529653620617],[139.3419653673078,35.57322947775816],[139.3772603698701,35.566769924492405],[139.39906782422065,35.5563054473385],[139.45818566273806,35.49297597935794],[139.47477379817224,35.508091336446],[139.47182824058075,35.54181020787479],[139.48485070169852,35.565813910083875],[139.47988976520048,35.590696113235026],[139.51373782783844,35.61139252444542],[139.5394210148679,35.61260692037308],[139.6548661639423,35.56413442616281],[139.69775760313087,35.53808950482676],[139.78662138347,35.51152965057287]]]},"properties":{"name":"Kanagawa"}},{"type":"Feature","geometry":{"type":"Polygon","coordinates":[[[139.0944308400485,35.1174736233987],[139.07673175500008,35.075094009000054],[139.07587403600007,35.05317728600005],[139.1059676440001,35.04938385600008],[139.09709101300007,35.01149501300006],[139.08654809100005,34.99730546900008],[139.100602546,34.974755422000044],[139.13070722700002,34.96515534100007],[139.1425887380001,34.942287502000056],[139.14828535200002,34.90509674700007],[139.14087975400003,34.87055084800005],[139.119297985,34.86738948800007],[139.0883895190001,34.84227122600004],[139.07481770100003,34.80896906900006],[139.042983467,34.76756908400006],[139.02632726900003,34.764246600000035],[138.99875872200005,34.73328434200005],[139.00261478000004,34.72182851800005],[138.98560631600003,34.683294989000046],[138.99366295700008,34.64984772300005],[138.9824324880001,34.64447663000004],[138.9408259810001,34.661107187000084],[138.89597911200008,34.629045776000055],[138.86094893900008,34.61349798100008],[138.835297071,34.59589264500005],[138.81999759200005,34.60236237200007],[138.7713901310001,34.64731395300004],[138.7778426440001,34.663316148000035],[138.7465926440001,34.691473700000074],[138.74400124200008,34.72889189500006],[138.774261915,34.751288153000075],[138.74812686400003,34.81320925300008],[138.7622176440001,34.84642161700009],[138.753838793,34.87946727500008],[138.7767874000001,34.90482837700006],[138.77849368600005,34.92202383000006],[138.7636926460001,34.95605640500008],[138.7618935590001,34.97990260500006],[138.78608990100008,35.026438762000055],[138.85541578700008,35.01902692800007],[138.89380944100003,35.02000560100004],[138.907562696,35.03066640800006],[138.8534354960001,35.07822164400005],[138.83853700300006,35.099525698000036],[138.8033316850001,35.121909308000056],[138.74422004400003,35.13484289300004],[138.69618557600006,35.13897567500004],[138.6372695660001,35.11598535200005],[138.58678602100008,35.11436020000008],[138.55408217500008,35.096069379000085],[138.52765127300006,35.050808017000065],[138.49788298200008,35.03256950200006],[138.4948830940001,35.00073149500008],[138.52098226200008,35.01937347200004],[138.53161744200008,35.016923751000036],[138.51429303400005,34.98017780400005],[138.367107895,34.917309439000064],[138.3533526120001,34.90411501600005],[138.32829837300005,34.85529205900008],[138.3408309250001,34.82648346600007],[138.3148726610001,34.79836868000007],[138.29322798300007,34.76577441500007],[138.24950579000006,34.73902319000007],[138.21598919100006,34.712282661000074],[138.19361412900003,34.641506252000056],[138.20093834700003,34.62156810100004],[138.22505168600003,34.61630119900008],[138.23328976100004,34.59458877000009],[138.1901763740001,34.601227717000086],[138.04723701,34.65463981500005],[137.96758503500007,34.666540387000055],[137.8927975680001,34.667696567000064],[137.79216556100005,34.63939036700009],[137.68350648400008,34.67075459900008],[137.595062696,34.67719147300005],[137.54699814000003,34.67728852500005],[137.467903432279,34.670969249081665],[137.46326867091238,34.7252192249872],[137.47153690020775,34.77090119123699],[137.48843509310495,34.809761868115686],[137.5119478697983,34.82622081144126],[137.57917890798012,34.845031033155635],[137.61798790891476,34.87926666942121],[137.63333580910023,34.911719468978276],[137.6704394876922,34.947221178014956],[137.68485721189074,35.00251495979751],[137.69777632112027,35.018095404879034],[137.75348351495222,35.063183091926135],[137.77022667911785,35.08116649044115],[137.79611657082307,35.13646027312308],[137.80557335762433,35.19451874444445],[137.83802615808065,35.20526744243847],[137.87543989503513,35.23567902286857],[137.89590376224874,35.2433271354389],[137.93982872931235,35.27309275982299],[138.00530276920733,35.29717397729718],[138.02778201712636,35.31903310849117],[138.0855045916635,35.33696483016274],[138.1125313658298,35.3573770214324],[138.1267940612969,35.38453298590855],[138.11067101475544,35.41401439125116],[138.1132548362416,35.43401317047142],[138.13051476524413,35.447836616366715],[138.14043664003884,35.46987661381468],[138.13361534976855,35.49225250894614],[138.1396614927836,35.52271576621962],[138.13594078973563,35.547081204533924],[138.1432271671,35.56095632637334],[138.16896203007354,35.57074900995883],[138.1818811384038,35.586975409287675],[138.1961438338708,35.627851466871675],[138.21371382123584,35.61178009717372],[138.22177534405682,35.572764391563396],[138.24130903528373,35.51778066724398],[138.24332441598892,35.47478587526791],[138.23479780517448,35.444141750841084],[138.23789839059816,35.40843333622945],[138.2265812518233,35.36755727774613],[138.23588300989297,35.303685208305694],[138.26228966733424,35.29376333351104],[138.30461266484258,35.3019023706978],[138.32822879522269,35.29988698999256],[138.35256839421595,35.27836375648218],[138.36745120730734,35.2186774771838],[138.38347090106117,35.19030711498135],[138.4304447776043,35.15930125624794],[138.47235436396272,35.161678372159145],[138.49783084541718,35.181522121748515],[138.51054324817233,35.20746369119638],[138.5040320171638,35.25676300680732],[138.50568566266315,35.29422842150444],[138.5162793319256,35.329730130541066],[138.5232556500282,35.381354885219764],[138.53395267117878,35.409673570578775],[138.55648359594113,35.41747671188074],[138.59322553932714,35.39210358321378],[138.634670037692,35.38112234122303],[138.67239383390825,35.3561367861837],[138.69719852089497,35.35076243673706],[138.82969689339689,35.36466339789746],[138.90033857626418,35.38094147406974],[138.96457238180994,35.38840871768815],[138.9865865417355,35.38114818054407],[138.98679324820978,35.35618846302714],[139.00028079642152,35.29055939440053],[138.97061852392574,35.249760851182316],[138.97356408061773,35.20495738407601],[138.98389936656247,35.18299490009457],[139.01237308155237,35.146795559067755],[139.02875451141153,35.13555593555793],[139.0944308400485,35.1174736233987]]]},"properties":{"name":"Shizuoka"}},{"type":"Feature","geometry":{"type":"MultiPolygon","coordinates":[[[[137.467903432279,34.670969249081665],[137.4275572790001,34.66774579100007],[137.33970288,34.64744751300009],[137.14072680900006,34.589289111000085],[137.09582116700005,34.59323397800006],[137.04482177,34.58063023500006],[137.01609532100008,34.578784710000036],[137.04248611100002,34.61757853200004],[137.05221990300004,34.646803169000066],[137.07283016600002,34.664599003000035],[137.10108483200008,34.63914622600004],[137.1210200710001,34.63766082400008],[137.16765384200005,34.656683661000045],[137.2597158000001,34.70414459500006],[137.282254577,34.73117851600006],[137.309256237,34.72566427800007],[137.32431631200006,34.766844656000046],[137.29792810200001,34.79719109500007],[137.22282679300008,34.81626329100004],[137.19443232100002,34.80699872100007],[137.18873911600008,34.770111700000086],[137.1714708070001,34.78404980300007],[137.14053338200006,34.78781337000004],[137.0727086490001,34.78496379100005],[137.050165591,34.777606125000034],[137.01824785300005,34.78328903500005],[136.9766259920001,34.82550679500008],[136.9582313730001,34.83235218500005],[136.9624035280001,34.85799564600006],[136.98259524800005,34.89826080900008],[136.96949303500003,34.91160716400009],[136.9384871750001,34.860988674000055],[136.92574639300005,34.82827095600004],[136.9155640360001,34.77596001200004],[136.93726647200003,34.74603913000004],[136.9626499850001,34.73496420500004],[136.9714965940001,34.69641132500004],[136.94539164900004,34.69847069000008],[136.913204285,34.71087424700005],[136.8559676440001,34.73981354400007],[136.8428861010001,34.76907728900005],[136.8647340120001,34.821545090000086],[136.856286199,34.85649521600004],[136.82772581000006,34.87194149700008],[136.8229381970001,34.89562323900009],[136.82346477800002,34.95485542300008],[136.8658805010001,35.02569016400008],[136.87985931700007,35.04383685700009],[136.88572989700003,35.08919548600005],[136.871821469,35.093395273000056],[136.84886474000007,35.03946941500004],[136.843151734,35.07504335100003],[136.83011829400004,35.07883139300009],[136.83932725500006,35.03251957900005],[136.7784691060001,35.020401545000084],[136.75180097700002,35.02614980700008],[136.72450239456975,35.059152330515644],[136.7100846703712,35.0913984244977],[136.6734460797727,35.13881154971324],[136.67654666609576,35.21562856680487],[136.68006066266935,35.2363766548587],[136.7255876001875,35.29128286391301],[136.75302778460457,35.33867015250553],[136.7705977719695,35.35210602477321],[136.80594445227462,35.342054958769324],[136.8487325377763,35.36009003412778],[136.90976240511088,35.37070954001325],[136.95291222491915,35.38414541318025],[136.96500451094937,35.38104482685725],[137.02071170478132,35.347661852212696],[137.03218387318714,35.326035265015435],[137.05890058809166,35.3041502962991],[137.07083784359156,35.28492666343476],[137.12747521430958,35.266684882501295],[137.15930789624235,35.245730088872506],[137.1996155130454,35.241234239468554],[137.26390099543448,35.26621979450789],[137.29320153182516,35.26777008721973],[137.36983768086418,35.23715180121462],[137.3917484889016,35.22066701946733],[137.42203087812243,35.21599030201082],[137.466524285967,35.23232005502649],[137.50006229114172,35.25293895097178],[137.547862989985,35.270353908705886],[137.53871626244552,35.23717763873702],[137.55561445534283,35.201934312118794],[137.57514814656963,35.18816254306688],[137.61674767456543,35.19265839337015],[137.64341271442515,35.204802354445064],[137.68206668482958,35.208703925545706],[137.7513131037167,35.19622406678724],[137.80557335762433,35.19451874444445],[137.79611657082307,35.13646027312308],[137.77022667911785,35.08116649044115],[137.75348351495222,35.063183091926135],[137.69777632112027,35.018095404879034],[137.68485721189074,35.00251495979751],[137.6704394876922,34.947221178014956],[137.63333580910023,34.911719468978276],[137.61798790891476,34.87926666942121],[137.57917890798012,34.845031033155635],[137.5119478697983,34.82622081144126],[137.48843509310495,34.809761868115686],[137.47153690020775,34.77090119123699],[137.46326867091238,34.7252192249872],[137.467903432279,34.670969249081665]]],[[[136.79805969000006,34.87640064000004],[136.810968999,34.876305527000056],[136.82595147000006,34.84907610000005],[136.8077305920001,34.839196455000035],[136.79805969000006,34.87640064000004]]]]},"properties":{"name":"Aichi"}},{"type":"Feature","geometry":{"type":"Polygon","coordinates":[[[136.75180097700002,35.02614980700008],[136.7255965500001,35.02724844000005],[136.6591903000001,34.98395416900007],[136.64242597700002,34.94806549700007],[136.64825961300005,34.911600243000066],[136.63931594000007,34.889048701000036],[136.61611454500007,34.85350057100004],[136.53493993900008,34.765695099000084],[136.5195418630001,34.680853583000044],[136.54639733200008,34.651597398000035],[136.5400496750001,34.61570872600004],[136.56812584700003,34.59638092700004],[136.63298587300005,34.591131903000075],[136.677093946,34.55426666900007],[136.752289259,34.513332424000055],[136.80355879,34.49526601800005],[136.85230553500003,34.485541083000044],[136.86890709700003,34.46735260600008],[136.8735457690001,34.44708893400008],[136.89633222700002,34.43341705900008],[136.9160262380001,34.43398672100005],[136.9257918630001,34.41290924700007],[136.91675866000003,34.376166083000044],[136.8930770190001,34.38239166900007],[136.87525475400003,34.36933014500005],[136.89437910200002,34.34271881700005],[136.8833113940001,34.32831452000005],[136.90023847700002,34.282538153000075],[136.88599694100003,34.26044342700004],[136.83545983200008,34.24640534100007],[136.79420006600003,34.253119208000044],[136.77515709700003,34.26186758000006],[136.78793379,34.277411200000074],[136.82960045700008,34.26654694200005],[136.848480665,34.273098049000055],[136.85621178500003,34.294175523000035],[136.84644616000003,34.30756256700005],[136.80746504,34.307847398000035],[136.80746504,34.28733958500004],[136.7734481130001,34.307847398000035],[136.75660241000003,34.296087958000044],[136.72584069100003,34.291001695000034],[136.70264733200008,34.29515208500004],[136.72339928500003,34.331284898000035],[136.70679772200003,34.33429596600007],[136.6762801440001,34.32640208500004],[136.6670028000001,34.29791901200008],[136.6547957690001,34.286037502000056],[136.59253991000003,34.26264069200005],[136.57406660200002,34.280503648000035],[136.5605574880001,34.259466864000046],[136.52295983200008,34.273098049000055],[136.5058699880001,34.24640534100007],[136.5029403000001,34.22907135600008],[136.4716903000001,34.23895905200004],[136.4165145190001,34.20425039300005],[136.38428795700008,34.20425039300005],[136.33668053500003,34.184027411000045],[136.29900149800005,34.154282945000034],[136.29704837300005,34.12567780200004],[136.3164168630001,34.11432526200008],[136.3134871750001,34.094956773000035],[136.28345787900003,34.081284898000035],[136.2607528000001,34.105129299000055],[136.24634850400003,34.103583075000074],[136.21851647200003,34.067613023000035],[136.24382571700005,34.064154364000046],[136.25269616000003,34.04344310100004],[136.2797957690001,34.01732005400004],[136.27320397200003,33.97142161700009],[136.24732506600003,33.97150299700007],[136.23218834700003,33.99315013200004],[136.20484459700003,33.97142161700009],[136.2275496750001,33.96173737200007],[136.19890384200005,33.92088450700004],[136.16480553500003,33.91616445500006],[136.1425887380001,33.89362213700008],[136.1047442250001,33.89141140000004],[136.06931712800008,33.84704388300008],[135.99373957002513,33.68625974339244],[135.95080284997152,33.703937893119246],[135.9024337103474,33.74750112587623],[135.8631596214193,33.78708527316678],[135.84682986930295,33.817419339231094],[135.847656691603,33.83814158796389],[135.8754069361811,33.85080231387565],[135.8913749530916,33.88268667175248],[135.91514611220327,33.88873281476759],[135.92553307499134,33.901083482316835],[135.95752078655505,33.91795583769175],[135.9848059431397,33.95314748836586],[136.00382287042908,33.99311920838471],[136.0353971699434,34.01074087169383],[136.08722863199569,34.00944896140044],[136.1014913265634,34.018466497730685],[136.08578169207135,34.04996328377848],[136.10939782065282,34.12623769851098],[136.10722741121606,34.189386298438876],[136.1186995787225,34.24114024522612],[136.10087120983837,34.283437405212055],[136.1076924992094,34.30069733331527],[136.06924523258135,34.37699758646943],[136.07120893824185,34.39381826410158],[136.09560021407856,34.420018215068524],[136.15730187408212,34.43115448669016],[136.1775073588775,34.43862173120789],[136.20267378107008,34.458827216003215],[136.2112003927839,34.486396593428026],[136.2025187523385,34.50151194871745],[136.17146121586234,34.5093667668628],[136.1536328469782,34.53383555796461],[136.11420372931855,34.5363935410291],[136.07585981727664,34.55249075004804],[136.05245039337092,34.57458242433938],[136.05834150585576,34.619127509027294],[136.0398930202466,34.64124502174036],[136.0723458189044,34.65630870198498],[136.059116653111,34.70253327149328],[136.03648237466177,34.71534902613661],[136.00309940001728,34.77369171829815],[136.08195763623587,34.800925198039465],[136.11280846623765,34.83311961517808],[136.1021114441877,34.865055649898295],[136.12459069210672,34.87234202726273],[136.1804529155695,34.862523505255524],[136.24050093007384,34.863117784458154],[136.3116077009346,34.879292506943614],[136.36245731015674,34.90582835469479],[136.3998710471111,34.949469102716876],[136.41165327387944,34.98236115184568],[136.4183712095636,35.021893622292794],[136.43232384666817,35.0620978872077],[136.4431758974497,35.13183523250996],[136.43573449135363,35.15098135010919],[136.40700239484454,35.183434150565574],[136.3987858423926,35.20260610568721],[136.5151611683532,35.23190664297715],[136.53877729693465,35.222759915437734],[136.55815595942988,35.19402781802938],[136.5846659687594,35.17439077401497],[136.61804894430327,35.158009345055234],[136.6734460797727,35.13881154971324],[136.7100846703712,35.0913984244977],[136.72450239456975,35.059152330515644],[136.75180097700002,35.02614980700008]]]},"properties":{"name":"Mie"}},{"type":"Feature","geometry":{"type":"Polygon","coordinates":[[[135.99373957002513,33.68625974339244],[135.98072350400003,33.65298086100006],[135.96159915500004,33.64252350500004],[135.95728600400003,33.62571849200009],[135.937066684,33.61747297900007],[135.93873646200007,33.60394802800005],[135.95987107500002,33.59308822500009],[135.91253492700002,33.54768686700004],[135.8847762380001,33.528998114000046],[135.82806328700008,33.513648259000036],[135.79799322100007,33.495161487000075],[135.78296949000003,33.47289128700004],[135.78926326300007,33.441062324000086],[135.75384601400003,33.45157716400007],[135.77075201000002,33.46822920000005],[135.7655706070001,33.48154548800005],[135.637543165,33.49461497600004],[135.490763022,33.54122717300004],[135.44483483200008,33.550848700000074],[135.39750451600003,33.58258693600004],[135.387324143,33.594067317000054],[135.39234459700003,33.61888255400004],[135.38070722700002,33.63711172100005],[135.3276951260001,33.67119293500008],[135.34294453100006,33.69389835100009],[135.4023543630001,33.70111725500004],[135.3916121750001,33.71356842700004],[135.312102234,33.76552878400008],[135.29402077300006,33.76371566600005],[135.26434503500002,33.78131573100006],[135.23258264800006,33.781998007000084],[135.22984796100002,33.798554135000074],[135.19646243600005,33.81476471600007],[135.17335045700008,33.838324286000045],[135.15275760100008,33.875854179000044],[135.11868351100009,33.89293870400007],[135.06545384900005,33.88557181900006],[135.06955997700004,33.93066660300008],[135.1012224010001,33.954437547000055],[135.0773346210001,33.95898546600006],[135.07573725100008,33.97748793800008],[135.0919983990001,33.99203611100006],[135.11327708800002,33.99338693300007],[135.153168165,34.009751695000034],[135.16277103000004,34.03974030200004],[135.11109459700003,34.065741278000075],[135.09449303500003,34.067613023000035],[135.13062584700003,34.122381903000075],[135.12283938400003,34.137101115000064],[135.18702233200008,34.135931708000044],[135.1899520190001,34.149603583000044],[135.16585549400008,34.18672339300008],[135.148773634,34.185614325000074],[135.13542728000004,34.22768789300005],[135.09266843600005,34.25988713800007],[135.06104364700002,34.267274919000045],[135.0852713042014,34.29918198571848],[135.0997357080364,34.280500099799724],[135.12058147955156,34.27571120630711],[135.18847109036847,34.274302707903644],[135.3125989123099,34.297338365473195],[135.3332178082552,34.30493480120009],[135.45687951068078,34.33464874874073],[135.50886600236402,34.33087636974864],[135.5251957535811,34.33464874874073],[135.60105675716352,34.36849681227807],[135.64684207620076,34.37175242823196],[135.6590893900633,34.32322825807762],[135.66281009311126,34.28493602108051],[135.69448774631235,34.24860748974385],[135.70906050014196,34.22535309546896],[135.70110233010837,34.20592275613029],[135.66110477076847,34.204449977784236],[135.6328894390963,34.184580389773146],[135.61516442299967,34.15695933730353],[135.58710412005905,34.12910573993793],[135.55108564708485,34.082467760178986],[135.54643476805006,34.0507384301344],[135.56540001759663,34.03562307394566],[135.5847270041479,33.998416043465625],[135.60648278165502,33.977202867418384],[135.61330407102605,33.954852809809324],[135.5982662292031,33.89012807874781],[135.60896325125304,33.86382477499336],[135.6373852893995,33.859070543171015],[135.65397342303504,33.872558092282134],[135.68218875470723,33.879896144691315],[135.73603559836408,33.8695866971683],[135.78523156118752,33.87904348396961],[135.8172709486953,33.8722221954979],[135.847656691603,33.83814158796389],[135.84682986930295,33.817419339231094],[135.8631596214193,33.78708527316678],[135.9024337103474,33.74750112587623],[135.95080284997152,33.703937893119246],[135.99373957002513,33.68625974339244]]]},"properties":{"name":"Wakayama"}},{"type":"Feature","geometry":{"type":"MultiPolygon","coordinates":[[[[135.0852713042014,34.29918198571848],[135.105030715,34.31811688100004],[135.20898538000006,34.34227764500008],[135.256564013,34.37675475200007],[135.31968984900004,34.428758197000036],[135.372562312,34.48451311600007],[135.37320827300005,34.51893221900008],[135.390996836,34.52364861700005],[135.41437915100005,34.55812547000005],[135.4157815220001,34.60961152200008],[135.403590677,34.65891218200005],[135.41293378996238,34.69208405223719],[135.43284997005003,34.706098944910366],[135.44850792859802,34.729198310453626],[135.43316002841254,34.79384552714936],[135.43889611216582,34.84960439692537],[135.43982628815263,34.90370962210136],[135.3988985537252,34.92409597404992],[135.36675581343002,34.95342234976164],[135.36334516784518,34.99745067051202],[135.39326582186015,34.98969920515418],[135.43021447172043,34.98758047076211],[135.4583264506051,34.97471304017466],[135.48592166555238,34.938126126419604],[135.53821821469876,34.909781603538136],[135.56374637299666,34.91595693596378],[135.55713178920064,34.93290680570448],[135.58276330028605,34.94654938444654],[135.59795617084058,34.91972931585525],[135.6338196150831,34.90993663226976],[135.6463769882074,34.899187934275744],[135.70844038341693,34.81115713119664],[135.71479658389512,34.785318915435596],[135.7062699730808,34.75953237651794],[135.68456587061837,34.705685532861025],[135.667616001777,34.67488637970263],[135.64653201693898,34.601066596146495],[135.62203738831477,34.55342092513558],[135.62710167939895,34.53794383374094],[135.65056277924884,34.51660146738379],[135.66513553307834,34.49306285316811],[135.6769177589474,34.44797516522169],[135.66885623612632,34.40787425399361],[135.67071658720067,34.38854726834177],[135.64684207620076,34.37175242823196],[135.60105675716352,34.36849681227807],[135.5251957535811,34.33464874874073],[135.50886600236402,34.33087636974864],[135.45687951068078,34.33464874874073],[135.3332178082552,34.30493480120009],[135.3125989123099,34.297338365473195],[135.18847109036847,34.274302707903644],[135.12058147955156,34.27571120630711],[135.0997357080364,34.280500099799724],[135.0852713042014,34.29918198571848]]],[[[135.20517916100005,34.43049087500009],[135.24097098900006,34.45464659500004],[135.2570542850001,34.435778061000065],[135.22441622000008,34.41630428000008],[135.20517916100005,34.43049087500009]]]]},"properties":{"name":"Ōsaka"}},{"type":"Feature","geometry":{"type":"Polygon","coordinates":[[[134.3046405571964,34.70910855032946],[134.24781334700003,34.71816640800006],[134.2207137380001,34.72846100500004],[134.2168074880001,34.71190013200004],[134.24480228000004,34.691473700000074],[134.22022545700008,34.66351959800005],[134.1782332690001,34.64883047100005],[134.17725670700008,34.614447333000044],[134.14795983200008,34.596991278000075],[134.08366946700005,34.58152903900009],[134.0473738940001,34.60464101800005],[134.02881920700008,34.60887278900009],[133.97925866000003,34.605902411000045],[133.925140821,34.57786692900004],[133.94255618600005,34.555121161000045],[133.98406009200005,34.589056708000044],[134.01929772200003,34.59682851800005],[134.04615319100003,34.58152903900009],[134.04566491000003,34.56391022300005],[134.00513756600003,34.53384023600006],[133.98316491000003,34.528631903000075],[133.96656334700003,34.50641510600008],[133.95386803500003,34.473822333000044],[133.93628991000003,34.451239325000074],[133.85906009200005,34.462876695000034],[133.82178795700008,34.462144273000035],[133.82642662900003,34.437567450000074],[133.79444420700008,34.44293854400007],[133.768890821,34.48802317900004],[133.72575931100005,34.51642487200007],[133.69996178500003,34.52594635600008],[133.66944420700008,34.51080963700008],[133.5962020190001,34.48232656500005],[133.5688582690001,34.45990631700005],[133.470062696,34.42397695500006],[133.50928795700008,34.462103583000044],[133.5224715500001,34.48305898600006],[133.50114993600005,34.492173570000034],[133.45655358200008,34.472357489000046],[133.44302287120175,34.47267264553438],[133.44914676331246,34.50879832608189],[133.42785607289943,34.55313670519479],[133.40563520739886,34.58104197850446],[133.39266442312453,34.60822378230171],[133.393129511118,34.6489964870982],[133.37152876234245,34.68943329511046],[133.3637772969846,34.72893992803523],[133.36222700427277,34.79270864468816],[133.32295291624405,34.843635769175364],[133.31008548385796,34.87688955351007],[133.30651981044082,34.93337189369794],[133.3096203958645,34.967219957235216],[133.3041426936304,34.99739899276926],[133.26430016482072,35.05062571880188],[133.2894665870133,35.07248484999582],[133.36005659393663,35.09527415627724],[133.38320763632328,35.11506622992255],[133.3828975770615,35.14175710730461],[133.39716027162922,35.15661408107496],[133.4470797057637,35.15868113952297],[133.50423384041937,35.18116038744188],[133.50702436658116,35.21144277576349],[133.55001915855723,35.25038096790735],[133.56087121023813,35.28164520905915],[133.5799398125722,35.31515737581225],[133.60789676272532,35.32228872354574],[133.73522749225492,35.29533946374522],[133.7843201031901,35.27001801192171],[133.81108849493808,35.242241929821205],[133.83423953732472,35.24312042896463],[133.85661543155686,35.27296356951308],[133.9006954291507,35.29239390705317],[133.92906578955444,35.31939484279775],[133.94999474476163,35.32619029374706],[133.98694339372264,35.32502757376352],[133.99970747332122,35.31665599257997],[134.00663211458038,35.287872219227495],[134.0811495301267,35.27916474125976],[134.11360232968377,35.260742092273745],[134.13158572819873,35.242784532180394],[134.1644519389058,35.167440294334085],[134.1745805201748,35.161626695315704],[134.24734093563563,35.185759588734015],[134.29607181226424,35.18568207526755],[134.32537234865492,35.19247752531754],[134.39565229721575,35.22921946870349],[134.38821089111968,35.187516587920186],[134.39410200360453,35.14069774010858],[134.36263105687772,35.11103546851206],[134.31328006442334,35.041013902369684],[134.26361901270718,35.00096466708567],[134.26454918779473,34.967426662810226],[134.25865807530988,34.93654999438672],[134.2639290710697,34.87285879209958],[134.25772789932307,34.85097382338324],[134.25974328002826,34.821337389309065],[134.2886304061683,34.799529934059194],[134.31400353393587,34.76123769796135],[134.31436526914183,34.73175629351812],[134.3046405571964,34.70910855032946]]]},"properties":{"name":"Okayama"}},{"type":"Feature","geometry":{"type":"MultiPolygon","coordinates":[[[[133.44302287120175,34.47267264553438],[133.41911868600005,34.46792226800005],[133.422211134,34.445013739000046],[133.412445509,34.42446523600006],[133.34107506600003,34.34804922100005],[133.2954207690001,34.32489655200004],[133.26978600400003,34.32241445500006],[133.269867384,34.339178778000075],[133.305511915,34.348822333000044],[133.3149520190001,34.36603424700007],[133.3046981130001,34.37759023600006],[133.25847415500004,34.38979726800005],[133.27662194100003,34.40176015800006],[133.2666121750001,34.42059967700004],[133.24732506600003,34.42649974200009],[133.22966556100005,34.376166083000044],[133.1821395190001,34.34137604400007],[133.20191491000003,34.32831452000005],[133.20866946700005,34.307806708000044],[133.20289147200003,34.28888580900008],[133.1855574880001,34.280503648000035],[133.16578209700003,34.292303778000075],[133.12517337300005,34.276271877000056],[133.09327233200008,34.25263092700004],[133.07642662900003,34.25958893400008],[133.070648634,34.27724844000005],[133.07691491000003,34.31671784100007],[133.10328209700003,34.34511953300006],[133.11793053500003,34.34227122600004],[133.1132918630001,34.314113674000055],[133.133148634,34.31818268400008],[133.1474715500001,34.35138580900008],[133.1684676440001,34.362494208000044],[133.13428795700008,34.38231028900009],[133.0791121750001,34.38231028900009],[133.08578535200002,34.35101959800005],[133.0590926440001,34.33234284100007],[133.01832116000003,34.32330963700008],[132.91187584700003,34.31476471600007],[132.85303795700008,34.28733958500004],[132.83619225400003,34.31110260600008],[132.79908287900003,34.28400299700007],[132.7622176440001,34.27033112200007],[132.77808678500003,34.24274323100008],[132.75660241000003,34.23232656500005],[132.70297285200002,34.225490627000056],[132.6562606130001,34.199286200000074],[132.62720787900003,34.19798411700009],[132.61353600400003,34.218451239000046],[132.56617272200003,34.19196198100008],[132.54468834700003,34.20425039300005],[132.55982506600003,34.218410549000055],[132.53345787900003,34.24477773600006],[132.52100670700008,34.26976146000004],[132.50367272200003,34.28733958500004],[132.50904381600003,34.31622955900008],[132.50367272200003,34.32831452000005],[132.53101647200003,34.335150458000044],[132.5175887380001,34.35301341400009],[132.49683678500003,34.362494208000044],[132.46168053500003,34.34955475500004],[132.44157962300005,34.35000234600005],[132.40552819100003,34.368068752000056],[132.38347415500004,34.365668036000045],[132.346039259,34.348822333000044],[132.31234785200002,34.32697174700007],[132.22250410200002,34.23895905200004],[132.23170006600003,34.22524648600006],[132.24040774761943,34.18980540589473],[132.19981733630095,34.201530260413165],[132.14400678878224,34.22835032810514],[132.12643680231656,34.248762519374736],[132.07088463811556,34.3594534375261],[132.0611177920524,34.43505605689148],[132.05042077000246,34.457845364072284],[132.04127404156372,34.49520742418326],[132.06390831911358,34.52652334217845],[132.0949141787463,34.55342092513558],[132.10979699093832,34.57755381945316],[132.1233362159935,34.62481191683645],[132.14741743436707,34.65917674431125],[132.14209476086444,34.69299896942687],[132.15330854685192,34.71653758454187],[132.20746544797203,34.74837026647458],[132.24792809530527,34.782941799524394],[132.2765051621834,34.7684723984824],[132.35221113523562,34.786869208147436],[132.3904000176467,34.778911038113904],[132.4240930515531,34.799736640533524],[132.50910078267498,34.789504706476976],[132.54553266769835,34.799142361330894],[132.58697716696258,34.81761668626103],[132.66785078298722,34.83823558220632],[132.67994306901733,34.85624481914306],[132.64144412734458,34.883917548456054],[132.64252933206296,34.89469208397247],[132.66940107569906,34.921951402135505],[132.6937406755917,34.93766103842614],[132.7471224312551,34.962207342994475],[132.80841067920937,35.027552192579606],[132.83915815642376,35.066490382924826],[132.8757450710781,35.07775584575563],[132.9387903182186,35.06881582289191],[132.99398074811302,35.080546372816855],[133.02286787335368,35.06654205976821],[133.05439049692382,35.063363959079425],[133.09702355369404,35.0714513212215],[133.1279260596399,35.06731720612413],[133.16595991421866,35.06152944642679],[133.22941857340834,35.05995331529323],[133.26430016482072,35.05062571880188],[133.3041426936304,34.99739899276926],[133.3096203958645,34.967219957235216],[133.30651981044082,34.93337189369794],[133.31008548385796,34.87688955351007],[133.32295291624405,34.843635769175364],[133.36222700427277,34.79270864468816],[133.3637772969846,34.72893992803523],[133.37152876234245,34.68943329511046],[133.393129511118,34.6489964870982],[133.39266442312453,34.60822378230171],[133.40563520739886,34.58104197850446],[133.42785607289943,34.55313670519479],[133.44914676331246,34.50879832608189],[133.44302287120175,34.47267264553438]]],[[[132.5551863940001,34.07135651200008],[132.5322371750001,34.082098700000074],[132.47803795700008,34.08047109600005],[132.45533287900003,34.08812083500004],[132.49732506600003,34.11713288000004],[132.51002037900003,34.13182200700004],[132.49683678500003,34.15704987200007],[132.51929772200003,34.17438385600008],[132.543304884,34.17670319200005],[132.55152428500003,34.108587958000044],[132.57764733200008,34.11888255400004],[132.5805770190001,34.09983958500004],[132.56983483200008,34.075873114000046],[132.5551863940001,34.07135651200008]]],[[[132.73853600400003,34.196966864000046],[132.75505618600005,34.189113674000055],[132.75611412900003,34.16746653900009],[132.7236434250001,34.170803127000056],[132.68897545700008,34.189886786000045],[132.7089949880001,34.20331452000005],[132.73853600400003,34.196966864000046]]],[[[132.92115319100003,34.277329820000034],[132.93230228000004,34.27484772300005],[132.91675866000003,34.221869208000044],[132.90577233200008,34.21308014500005],[132.86312910200002,34.20848216400009],[132.849945509,34.21515534100007],[132.84644616000003,34.240220445000034],[132.9082137380001,34.262884833000044],[132.92115319100003,34.277329820000034]]],[[[132.3383895190001,34.30442942900004],[132.34498131600003,34.28196849200009],[132.2959090500001,34.24323151200008],[132.2793074880001,34.238348700000074],[132.26726321700005,34.253607489000046],[132.2988387380001,34.292222398000035],[132.3383895190001,34.30442942900004]]]]},"properties":{"name":"Hiroshima"}},{"type":"Feature","geometry":{"type":"MultiPolygon","coordinates":[[[[143.8964949880001,44.15814850500004],[143.8964949880001,44.14590078300006],[143.81373131600003,44.168402411000045],[143.85954837300005,44.172756252000056],[143.8964949880001,44.15814850500004]]],[[[145.76742597700002,43.38727448100008],[145.81324303500003,43.378607489000046],[145.81031334700003,43.36078522300005],[145.777679884,43.35626862200007],[145.760101759,43.33698151200008],[145.70850670700008,43.32632070500006],[145.6840926440001,43.310248114000046],[145.62916100400003,43.309759833000044],[145.6064559250001,43.28424713700008],[145.57984459700003,43.26504140800006],[145.54558353000004,43.20197174700007],[145.51710045700008,43.174994208000044],[145.47828209700003,43.17210521000004],[145.45240319100003,43.18390534100007],[145.40406334700003,43.174994208000044],[145.30250084700003,43.173488674000055],[145.2583113940001,43.14948151200008],[145.23113040500004,43.14109935100004],[145.15406334700003,43.13226959800005],[145.1254988940001,43.12006256700005],[145.12273196700005,43.08820221600007],[145.16822350400003,43.079413153000075],[145.14918053500003,43.06631094000005],[145.11101321700005,43.06362539300005],[145.09929446700005,43.044623114000046],[145.07569420700008,43.03400299700007],[145.0512801440001,43.03310781500005],[145.00310306100005,43.044623114000046],[145.02751712300005,43.00934479400007],[145.02369225400003,42.99628327000005],[145.00017337300005,42.98615143400008],[144.93376712300005,42.97825755400004],[144.899750196,42.97947825700004],[144.86882571700005,42.98847077000005],[144.84205162900003,43.007147528000075],[144.840179884,43.04010651200008],[144.79867597700002,43.04669830900008],[144.75757897200003,43.018784898000035],[144.739105665,42.99135976800005],[144.74146569100003,42.96523672100005],[144.78345787900003,42.934759833000044],[144.74195397200003,42.92422109600005],[144.59913170700008,42.94912344000005],[144.52173912900003,42.94407786700003],[144.49586022200003,42.933254299000055],[144.4648543630001,42.93707916900007],[144.3906356130001,42.95644765800006],[144.3730574880001,42.96954987200007],[144.35808353000004,42.99945709800005],[144.32300866000003,43.00263092700004],[144.18311608200008,42.97638580900008],[144.0420028000001,42.92658112200007],[143.88640384200005,42.844183661000045],[143.79029381600003,42.75726959800005],[143.63884524800005,42.66107819200005],[143.5752059250001,42.60333893400008],[143.44809004,42.45502350500004],[143.348968946,42.31915924700007],[143.33171634200005,42.27724844000005],[143.32488040500004,42.229722398000035],[143.3379012380001,42.15021393400008],[143.3310653000001,42.10691966400009],[143.30347741000003,42.02578359600005],[143.292328321,42.005194403000075],[143.26547285200002,41.98672109600005],[143.2529403000001,41.94188060100004],[143.22608483200008,41.93227773600006],[143.18238366000003,41.96157461100006],[143.16334069100003,41.99038320500006],[143.1152449880001,42.02798086100006],[142.95972741000003,42.10537344000005],[142.75766035200002,42.15839264500005],[142.54639733200008,42.25055573100008],[142.4599715500001,42.27130768400008],[142.28101647200003,42.366522528000075],[142.22217858200008,42.411769924000055],[142.16775167700007,42.45985850800008],[142.06258038500005,42.47072827200009],[141.9809676440001,42.51023997600004],[141.92595462300005,42.558579820000034],[141.88819420700008,42.56976959800005],[141.81714928500003,42.599595445000034],[141.72608483200008,42.617173570000034],[141.63648522200003,42.61579010600008],[141.54957116000003,42.60114166900007],[141.4277449880001,42.56439850500004],[141.26246178500003,42.46824778900009],[141.21509850400003,42.444525458000044],[141.16871178500003,42.433294989000046],[141.09156334700003,42.391791083000044],[141.0732528000001,42.37714264500005],[141.01677493600005,42.316107489000046],[140.97730553500003,42.29962799700007],[140.95240319100003,42.30483633000006],[140.9360457690001,42.33270905200004],[140.97543379,42.32656484600005],[140.9868270190001,42.339829820000034],[140.94695071700005,42.353216864000046],[140.9121199880001,42.380560614000046],[140.9013778000001,42.42084381700005],[140.73365319100003,42.564154364000046],[140.68628991000003,42.57916901200008],[140.66293379,42.57982005400004],[140.59742272200003,42.57172272300005],[140.52564537900003,42.58063385600008],[140.50066165500004,42.57916901200008],[140.4575301440001,42.56427643400008],[140.4170028000001,42.53815338700008],[140.3808699880001,42.505072333000044],[140.32545006600003,42.432806708000044],[140.30396569100003,42.39297109600005],[140.28858483200008,42.35016510600008],[140.28150475400003,42.30483633000006],[140.29175866000003,42.25958893400008],[140.321625196,42.23395416900007],[140.42408287900003,42.192287502000056],[140.456390821,42.173081773000035],[140.5302840500001,42.111761786000045],[140.5488387380001,42.105536200000074],[140.61011803500003,42.117621161000045],[140.67408287900003,42.12205638200004],[140.71355228000004,42.13349030200004],[140.77361087300005,42.10219961100006],[140.78931725400003,42.07453034100007],[140.83708743600005,42.02362702000005],[140.90845787900003,41.978949286000045],[140.97429446700005,41.913763739000046],[141.01156660200002,41.893744208000044],[141.08326256600003,41.88263580900008],[141.10694420700008,41.87177155200004],[141.18279056100005,41.81830475500004],[141.19996178500003,41.79946523600006],[141.1899520190001,41.79092031500005],[141.1435653000001,41.78579336100006],[141.1040145190001,41.770412502000056],[141.043304884,41.723863023000035],[141.0063582690001,41.712144273000035],[140.9599715500001,41.721991278000075],[140.87427819100003,41.758246161000045],[140.82398522200003,41.770697333000044],[140.77507571700005,41.770412502000056],[140.72999108200008,41.749986070000034],[140.7080184250001,41.74555084800005],[140.698578321,41.759833075000074],[140.7334090500001,41.79364655200004],[140.72722415500004,41.81134674700007],[140.7089949880001,41.82440827000005],[140.66041100400003,41.82713450700004],[140.6416121750001,41.81509023600006],[140.60425866000003,41.73627350500004],[140.54476972700002,41.712591864000046],[140.5234481130001,41.69867584800005],[140.45289147200003,41.68105703300006],[140.43327884200005,41.64468008000006],[140.44320722700002,41.563706773000035],[140.43238366000003,41.53082916900007],[140.40064537900003,41.513006903000075],[140.27466881600003,41.48236725500004],[140.2412215500001,41.45722077000005],[140.22584069100003,41.437933661000045],[140.2089949880001,41.40110911700003],[140.18506920700008,41.40379466400009],[140.13746178500003,41.42096588700008],[140.10035241000003,41.41351959800005],[140.03825931100005,41.442572333000044],[140.014008009,41.50287506700005],[139.98365319100003,41.56049225500004],[139.98422285200002,41.603176174000055],[140.00342858200008,41.63467031500005],[140.0195418630001,41.696966864000046],[140.071136915,41.760199286000045],[140.0830184250001,41.800767320000034],[140.1176863940001,41.80451080900008],[140.129730665,41.82322825700004],[140.12777754,41.870794989000046],[140.1450301440001,41.87958405200004],[140.151703321,41.913763739000046],[140.1396590500001,41.94871653900009],[140.1450301440001,41.98265208500004],[140.1118270190001,42.01113515800006],[140.0610457690001,42.08002350500004],[140.02759850400003,42.105536200000074],[139.92750084700003,42.13890208500004],[139.90935306100005,42.15656159100007],[139.883636915,42.194973049000055],[139.84343509200005,42.20856354400007],[139.787445509,42.24677155200004],[139.7675887380001,42.310980536000045],[139.78443444100003,42.350816148000035],[139.8261824880001,42.402044989000046],[139.8496199880001,42.46930573100008],[139.84929446700005,42.51414622600004],[139.83277428500003,42.58881256700005],[139.84343509200005,42.626939195000034],[139.8769637380001,42.663397528000075],[139.91724694100003,42.67723216400009],[140.014008009,42.68158600500004],[140.05388431100005,42.69415924700007],[140.09546959700003,42.73379140800006],[140.13591556100005,42.74713776200008],[140.16976972700002,42.79584381700005],[140.20036868600005,42.81427643400008],[140.22291100400003,42.80133698100008],[140.2607528000001,42.760972398000035],[140.28150475400003,42.75726959800005],[140.3032332690001,42.76972077000005],[140.31177819100003,42.81598541900007],[140.33741295700008,42.83413320500006],[140.37712649800005,42.893784898000035],[140.46119225400003,42.95888906500005],[140.50318444100003,42.98004791900007],[140.52116946700005,42.99628327000005],[140.52711022200003,43.01544830900008],[140.5019637380001,43.04572174700007],[140.4873153000001,43.08270905200004],[140.43921959700003,43.134019273000035],[140.40609785200002,43.160223700000074],[140.36793053500003,43.18309153900009],[140.33806399800005,43.21051666900007],[140.32935631600003,43.25071849200003],[140.36011803500003,43.32518138200004],[140.409515821,43.32469310100004],[140.45289147200003,43.33885325700004],[140.46509850400003,43.368068752000056],[140.48715254,43.372381903000075],[140.62094160200002,43.301214911000045],[140.668793165,43.26032135600008],[140.68921959700003,43.24835846600007],[140.76140384200005,43.22345612200007],[140.78630618600005,43.20062897300005],[140.809906446,43.19245026200008],[140.9126082690001,43.20416901200008],[140.9882918630001,43.226996161000045],[141.02230879,43.22378164300005],[141.0044051440001,43.193060614000046],[141.0219832690001,43.174994208000044],[141.06983483200008,43.168850002000056],[141.16911868600005,43.14085521000004],[141.20085696700005,43.14362213700008],[141.2275496750001,43.15448639500005],[141.30396569100003,43.197251695000034],[141.37086022200003,43.25071849200003],[141.3974715500001,43.279730536000045],[141.42335045700008,43.31785716400009],[141.44011478000004,43.36172109600005],[141.43970787900003,43.40778229400007],[141.42701256600003,43.43455638200004],[141.37086022200003,43.49713776200008],[141.3598738940001,43.52358633000006],[141.36247806100005,43.54336172100005],[141.39136803500003,43.57908763200004],[141.36402428500003,43.62750885600008],[141.36695397200003,43.64630768400008],[141.34392337300005,43.69017161700003],[141.33741295700008,43.71283600500004],[141.35816491000003,43.75580475500004],[141.38502037900003,43.79132721600007],[141.40211022200003,43.803615627000056],[141.44800866000003,43.82249583500004],[141.490570509,43.827337958000044],[141.528168165,43.84121328300006],[141.58472741000003,43.875433661000045],[141.6157332690001,43.902777411000045],[141.6406356130001,43.937933661000045],[141.65894616000003,43.98379140800006],[141.67017662900003,44.06663646000004],[141.65544681100005,44.27692291900007],[141.66570071700005,44.31273021000004],[141.74724368600005,44.42422109600005],[141.79175866000003,44.596991278000075],[141.79607181100005,44.64175039300005],[141.78345787900003,44.76536692900004],[141.75359134200005,44.88544342700004],[141.72185306100005,44.955145575000074],[141.5864363940001,45.16437409100007],[141.57488040500004,45.20685455900008],[141.58375084700003,45.251166083000044],[141.61784915500004,45.28534577000005],[141.62769616000003,45.31439850500004],[141.64918053500003,45.341009833000044],[141.639008009,45.38898346600007],[141.63941491000003,45.421128648000035],[141.66570071700005,45.450425523000035],[141.6836043630001,45.43618398600006],[141.69214928500003,45.40228913000004],[141.77409915500004,45.41290924700007],[141.8232528000001,45.42255280200004],[141.875336134,45.44818756700005],[141.87867272200003,45.484035549000055],[141.91944420700008,45.51585521000004],[141.94499759200005,45.520412502000056],[141.96045983200008,45.51023997600004],[141.98755944100003,45.46849192900004],[142.01775149800005,45.45571523600006],[142.0566512380001,45.402044989000046],[142.09652754,45.372300523000035],[142.18311608200008,45.32599518400008],[142.2212020190001,45.29962799700007],[142.53931725400003,45.018459377000056],[142.6142684250001,44.90387604400007],[142.63070722700002,44.88373444200005],[142.66570071700005,44.86664459800005],[142.71404056100005,44.80621979400007],[142.90748131600003,44.64740631700005],[142.939789259,44.63471100500004],[142.9814559250001,44.58649323100008],[143.04273522200003,44.55491771000004],[143.11841881600003,44.49689362200007],[143.204437696,44.447251695000034],[143.2407332690001,44.43634674700007],[143.2968856130001,44.39468008000006],[143.35141035200002,44.38104889500005],[143.3691512380001,44.34625885600008],[143.4052840500001,44.31745026200008],[143.55241946700005,44.25250885600008],[143.77662194100003,44.18927643400008],[143.77662194100003,44.18235911700003],[143.6953231130001,44.18984609600005],[143.68043053500003,44.18235911700003],[143.71461022200003,44.15135325700004],[143.72828209700003,44.11347077000005],[143.74244225400003,44.12091705900008],[143.7832137380001,44.10065338700008],[143.9296981130001,44.098944403000075],[143.99919681100005,44.133978583000044],[144.11931399800005,44.12905508000006],[144.17172285200002,44.10602448100008],[144.12680097700002,44.080145575000074],[144.1054793630001,44.03156159100007],[144.13835696700005,44.020697333000044],[144.1670028000001,44.025376695000034],[144.18873131600003,44.05027903900009],[144.21509850400003,44.11147695500006],[144.24293053500003,44.119208075000074],[144.26343834700003,44.10781484600005],[144.2558699880001,44.079413153000075],[144.2783309250001,44.036769924000055],[144.30225670700008,44.02411530200004],[144.31861412900003,43.99119700700004],[144.3794051440001,43.95648834800005],[144.43043053500003,43.942572333000044],[144.5703231130001,43.92479075700004],[144.74048912900003,43.91461823100008],[144.7880965500001,43.92177969000005],[144.83122806100005,43.94220612200007],[144.947601759,44.034084377000056],[145.04851321700005,44.12213776200008],[145.11931399800005,44.15448639500005],[145.16667728000004,44.19049713700008],[145.2016707690001,44.20579661700003],[145.25025475400003,44.27179596600007],[145.30974368600005,44.31635163000004],[145.3183699880001,44.33633047100005],[145.34148196700005,44.34552643400008],[145.3730574880001,44.292222398000035],[145.37183678500003,44.24876536700003],[145.34986412900003,44.21161530200004],[145.29053795700008,44.15448639500005],[145.27914472700002,44.13393789300005],[145.26921634200005,44.085150458000044],[145.26042728000004,44.06940338700008],[145.16960696700005,43.98529694200005],[145.12232506600003,43.91705963700008],[145.10613040500004,43.88076406500005],[145.11597741000003,43.86245351800005],[145.089203321,43.80072663000004],[145.0747176440001,43.786037502000056],[145.0747176440001,43.75372955900008],[145.11597741000003,43.686835028000075],[145.13013756600003,43.671576239000046],[145.19483483200008,43.62067291900007],[145.21851647200003,43.58966705900008],[145.23226972700002,43.539943752000056],[145.24683678500003,43.530462958000044],[145.26441491000003,43.48969147300005],[145.29078209700003,43.40534088700008],[145.31169681100005,43.36676666900007],[145.3457137380001,43.33270905200004],[145.3935653000001,43.30536530200004],[145.361664259,43.30145905200004],[145.299164259,43.34125397300005],[145.2700301440001,43.34638092700004],[145.26449629,43.31671784100007],[145.31511478000004,43.30292389500005],[145.30420983200008,43.29169342700004],[145.321625196,43.276271877000056],[145.383636915,43.259019273000035],[145.46843509200005,43.25299713700008],[145.51710045700008,43.22898997600004],[145.5219832690001,43.24119700700004],[145.4965926440001,43.27057526200008],[145.59489993600005,43.34284088700008],[145.6337996750001,43.353176174000055],[145.64918053500003,43.37376536700003],[145.67595462300005,43.38198476800005],[145.7231551440001,43.37982819200005],[145.74439537900003,43.391791083000044],[145.76742597700002,43.38727448100008]]],[[[139.54851321700005,42.243353583000044],[139.56421959700003,42.231756903000075],[139.55396569100003,42.21157461100006],[139.52068118600005,42.17450592700004],[139.50896243600005,42.100816148000035],[139.49390709700003,42.07884349200003],[139.45533287900003,42.05158112200007],[139.43539472700002,42.062933661000045],[139.422699415,42.13149648600006],[139.41081790500004,42.153998114000046],[139.41431725400003,42.17251211100006],[139.43702233200008,42.20722077000005],[139.4521590500001,42.21531810100004],[139.509125196,42.225775458000044],[139.54851321700005,42.243353583000044]]],[[[145.3115340500001,43.59332916900007],[145.3603621750001,43.56476471600007],[145.3501082690001,43.54962799700007],[145.31202233200008,43.542181708000044],[145.2973738940001,43.522650458000044],[145.27320397200003,43.522365627000056],[145.28785241000003,43.54751211100006],[145.3320418630001,43.56541575700004],[145.20240319100003,43.61383698100008],[145.28695722700002,43.60101959800005],[145.3115340500001,43.59332916900007]]],[[[141.3271590500001,45.17234935100004],[141.33562259200005,45.15778229400007],[141.30445397200003,45.12018463700008],[141.26840254,45.10101959800005],[141.2353621750001,45.10248444200005],[141.18181399800005,45.126613674000055],[141.15007571700005,45.14712148600006],[141.13111412900003,45.17015208500004],[141.1455184250001,45.18976471600007],[141.1318465500001,45.210272528000075],[141.16716556100005,45.23997630400004],[141.20264733200008,45.24909088700008],[141.235199415,45.24127838700008],[141.26832116000003,45.22553131700005],[141.3271590500001,45.17234935100004]]],[[[141.0527449880001,45.450425523000035],[141.073578321,45.424709377000056],[141.0590926440001,45.321966864000046],[141.04957116000003,45.29291413000004],[141.0356551440001,45.292181708000044],[141.01050866000003,45.327785549000055],[140.9941512380001,45.37103913000004],[141.0009871750001,45.419134833000044],[140.9668074880001,45.46344635600008],[140.98609459700003,45.46743398600006],[141.00660241000003,45.44041575700004],[141.0527449880001,45.450425523000035]]],[[[139.37289472700002,41.52216217700004],[139.37427819100003,41.504339911000045],[139.34555097700002,41.493353583000044],[139.3403426440001,41.52383047100005],[139.37289472700002,41.52216217700004]]]]},"properties":{"name":"Hokkaidō"}},{"type":"Feature","geometry":{"type":"MultiPolygon","coordinates":[[[[123.81470787900003,24.391750393000052],[123.83472741000003,24.39549388200004],[123.87208092500009,24.39012278900009],[123.91049238400001,24.37954336100006],[123.93441816500001,24.36749909100007],[123.93604576900009,24.341457424000055],[123.91553795700008,24.30683014500005],[123.87305748800009,24.258246161000045],[123.85124759200005,24.256984768000052],[123.74577884200005,24.28123607000009],[123.68344160200002,24.285305080000057],[123.66822350400003,24.296616929000038],[123.68376712300005,24.323472398000035],[123.70704186300009,24.328680731000077],[123.72925866000003,24.315741278000075],[123.74805748800009,24.32957591400009],[123.75318444100003,24.364447333000044],[123.76986738400001,24.418361721000053],[123.77686608200008,24.419745184000078],[123.81470787900003,24.391750393000052]]],[[[123.00261478000004,24.474310614000046],[123.01823978000004,24.45929596600007],[122.99838300900001,24.439520575000074],[122.98780358200008,24.443304755000042],[122.94752037900003,24.439520575000074],[122.94459069100003,24.46625397300005],[123.00261478000004,24.474310614000046]]],[[[124.32911217500009,24.58356354400007],[124.33228600400003,24.57103099200009],[124.30909264400009,24.534857489000046],[124.27393639400009,24.487941799000055],[124.26050866000003,24.445257880000042],[124.25391686300009,24.40180084800005],[124.24187259200005,24.363714911000045],[124.21192467500009,24.337103583000044],[124.17701256600003,24.33299388200004],[124.14031009200005,24.34198639500005],[124.12224368600005,24.360581773000035],[124.14307701900009,24.384914455000057],[124.12273196700005,24.41429271000004],[124.08863366000003,24.421942450000074],[124.09522545700008,24.439520575000074],[124.11622155000009,24.46747467700004],[124.15650475400003,24.44163646000004],[124.19125410200002,24.440008856000077],[124.21192467500009,24.446966864000046],[124.24024498800009,24.49485911700009],[124.26840254000001,24.51044342700004],[124.30062910200002,24.56989166900007],[124.31446373800009,24.58730703300006],[124.32911217500009,24.58356354400007]]],[[[125.38721764400009,24.782171942000048],[125.42628014400009,24.768866278000075],[125.44483483200008,24.756740627000056],[125.44402103000004,24.737209377000056],[125.38379967500009,24.726955471000053],[125.29965254000001,24.72565338700008],[125.25879967500009,24.73338450700004],[125.26148522200003,24.76386139500005],[125.27393639400009,24.820013739000046],[125.27475019600001,24.85643138200004],[125.26026451900009,24.885199286000045],[125.28516686300009,24.877346096000053],[125.30225670700008,24.857570705000057],[125.32667076900009,24.81073639500005],[125.35824629000001,24.78261953300006],[125.38721764400009,24.782171942000048]]],[[[131.25513756600003,25.87498607000009],[131.27711022200003,25.85838450700004],[131.2641707690001,25.84634023600006],[131.2524520190001,25.81903717700004],[131.21208743600005,25.829046942000048],[131.21273847700002,25.841457424000055],[131.23609459700003,25.87205638200004],[131.25513756600003,25.87498607000009]]],[[[126.81006920700008,26.35187409100007],[126.80738366000003,26.332586981000077],[126.78239993600005,26.304510809000078],[126.75993899800005,26.334418036000045],[126.70362389400009,26.355292059000078],[126.69776451900009,26.36904531500005],[126.72364342500009,26.385972398000035],[126.75212649800005,26.390692450000074],[126.78711998800009,26.380072333000044],[126.81006920700008,26.35187409100007]]],[[[128.33765709700003,26.796942450000074],[128.32984459700003,26.78034088700008],[128.33765709700003,26.76430898600006],[128.26441491000003,26.652411200000074],[128.24333743600005,26.633286851000037],[128.217133009,26.62563711100006],[128.172211134,26.623480536000045],[128.15162194100003,26.612453518000052],[128.13209069100003,26.581244208000044],[128.14576256600003,26.573431708000044],[128.14177493600005,26.556586005000042],[128.108734571,26.54515208500004],[128.071625196,26.54401276200008],[128.05591881600003,26.550482489000046],[128.03638756600003,26.52732982000009],[127.98414147200003,26.478461005000042],[127.95093834700003,26.46670156500005],[127.94027754000001,26.447739976000037],[127.87061608200008,26.447414455000057],[127.85173587300005,26.441229559000078],[127.83887780000009,26.42523834800005],[127.86475670700008,26.40648021000004],[127.87338300900001,26.36481354400007],[127.88884524800005,26.339097398000035],[127.91993248800009,26.30963776200008],[127.90186608200008,26.30499909100007],[127.84083092500009,26.323919989000046],[127.82829837300005,26.316229559000078],[127.77751712300005,26.233343817000048],[127.76840254000001,26.197658596000053],[127.77540123800009,26.18512604400007],[127.82357832100001,26.186753648000035],[127.79688561300009,26.13971588700008],[127.77572675900001,26.12177155200004],[127.75489342500009,26.12531159100007],[127.72535241000003,26.089585679000038],[127.71013431100005,26.084377346000053],[127.65170332100001,26.084377346000053],[127.65707441500001,26.12177155200004],[127.63591556100005,26.191351630000042],[127.63819420700008,26.21474844000005],[127.65845787900003,26.21234772300005],[127.67774498800009,26.230617580000057],[127.70020592500009,26.27610911700009],[127.71827233200008,26.27407461100006],[127.73129316500001,26.28937409100007],[127.74187259200005,26.32054271000004],[127.72437584700003,26.38544342700004],[127.72250410200002,26.42991771000004],[127.73129316500001,26.439886786000045],[127.78109785200002,26.441229559000078],[127.80518639400009,26.44757721600007],[127.83057701900009,26.488430080000057],[127.86426842500009,26.505682684000078],[127.90267988400001,26.516424872000073],[127.93751061300009,26.532131252000056],[127.96021569100003,26.564113674000055],[127.96241295700008,26.581976630000042],[127.94060306100005,26.602484442000048],[127.89429772200003,26.60927969000005],[127.88559004000001,26.62018463700008],[127.88575280000009,26.653509833000044],[127.87794030000009,26.68659088700008],[127.88542728000004,26.696112372000073],[127.96461022200003,26.69717031500005],[127.98731530000009,26.69293854400007],[128.00123131600003,26.680243231000077],[127.98853600400003,26.65298086100006],[127.99561608200008,26.639227606000077],[128.01490319100003,26.634833075000074],[128.05738366000003,26.64476146000004],[128.11109459700003,26.67401764500005],[128.10328209700003,26.691229559000078],[128.1113387380001,26.70343659100007],[128.1523543630001,26.73151276200008],[128.16195722700002,26.757147528000075],[128.1879988940001,26.780503648000035],[128.225922071,26.80097077000005],[128.2544051440001,26.864406643000052],[128.25505618600005,26.88629791900007],[128.331390821,26.813421942000048],[128.33765709700003,26.796942450000074]]],[[[128.70069420700008,27.454820054000038],[128.697601759,27.43573639500005],[128.65577233200008,27.41014232000009],[128.63070722700002,27.37567780200004],[128.61312910200002,27.36432526200008],[128.57447350400003,27.353338934000078],[128.5454207690001,27.35374583500004],[128.52686608200008,27.371893622000073],[128.52613366000003,27.39716217700004],[128.53386478000004,27.415269273000035],[128.5615340500001,27.420396226000037],[128.61882571700005,27.41559479400007],[128.6504012380001,27.434719143000052],[128.70069420700008,27.454820054000038]]],[[[128.9887801440001,27.811102606000077],[129.02466881600003,27.786078192000048],[129.024261915,27.75657786700009],[128.98951256600003,27.707464911000045],[128.96070397200003,27.68577708500004],[128.92945397200003,27.686712958000044],[128.916351759,27.722357489000046],[128.8945418630001,27.728216864000046],[128.89087975400003,27.741888739000046],[128.899261915,27.76951732000009],[128.8789168630001,27.824774481000077],[128.88851972700002,27.853176174000055],[128.8945418630001,27.89130280200004],[128.94703209700003,27.914129950000074],[128.96550540500004,27.894354559000078],[128.97730553500003,27.83661530200004],[128.9887801440001,27.811102606000077]]],[[[129.29664147200003,28.119574286000045],[129.325531446,28.123480536000045],[129.34734134200005,28.10691966400009],[129.35043379,28.086493231000077],[129.32398522200003,28.078599351000037],[129.3007918630001,28.100531317000048],[129.27914472700002,28.077093817000048],[129.26392662900003,28.09634023600006],[129.23064212300005,28.09666575700004],[129.218109571,28.10610586100006],[129.21412194100003,28.14008209800005],[129.18702233200008,28.174994208000044],[129.1958113940001,28.195461330000057],[129.22771243600005,28.195257880000042],[129.23259524800005,28.170721747000073],[129.26929772200003,28.17487213700008],[129.2504988940001,28.15102773600006],[129.2641707690001,28.134711005000042],[129.29664147200003,28.119574286000045]]],[[[130.0302840500001,28.373480536000045],[130.0214949880001,28.331284898000035],[129.995453321,28.29092031500005],[129.95655358200008,28.284816799000055],[129.91358483200008,28.29710521000004],[129.9755965500001,28.34324778900009],[130.0302840500001,28.373480536000045]]],[[[129.7075301440001,28.462144273000035],[129.7216903000001,28.44403717700004],[129.71599368600005,28.42914459800005],[129.6816512380001,28.421087958000044],[129.61931399800005,28.400783596000053],[129.61117597700002,28.38312409100007],[129.58155358200008,28.37067291900007],[129.55396569100003,28.32843659100007],[129.53345787900003,28.318833726000037],[129.4873153000001,28.282538153000075],[129.46119225400003,28.29169342700004],[129.43962649800005,28.259019273000035],[129.42017662900003,28.249945380000042],[129.46794681100005,28.215765692000048],[129.41521243600005,28.18573639500005],[129.40154056100005,28.163316148000035],[129.3711043630001,28.167222398000035],[129.36443118600005,28.154038804000038],[129.3794051440001,28.12596263200004],[129.3657332690001,28.123195705000057],[129.33757571700005,28.14752838700008],[129.28663170700008,28.17792389500005],[129.28077233200008,28.218573309000078],[129.24244225400003,28.21430084800005],[129.207855665,28.229437567000048],[129.15894616000003,28.240627346000053],[129.16285241000003,28.262640692000048],[129.180511915,28.25617096600007],[129.20883222700002,28.264227606000077],[129.24138431100005,28.256333726000037],[129.270843946,28.25535716400009],[129.290375196,28.284084377000056],[129.25367272200003,28.28457265800006],[129.22771243600005,28.30459219000005],[129.26392662900003,28.32884349200009],[129.28825931100005,28.33307526200008],[129.33130944100003,28.366034247000073],[129.38062584700003,28.36676666900007],[129.39958743600005,28.37173086100006],[129.41334069100003,28.39329661700009],[129.43230228000004,28.38690827000005],[129.45093834700003,28.39203522300005],[129.4824324880001,28.411037502000056],[129.51636803500003,28.39329661700009],[129.53345787900003,28.430487372000073],[129.56080162900003,28.451117255000042],[129.62623131600003,28.48273346600007],[129.61394290500004,28.44798411700009],[129.64405358200008,28.43976471600007],[129.67335045700008,28.48273346600007],[129.66724694100003,28.50299713700008],[129.68775475400003,28.508978583000044],[129.69800866000003,28.49485911700009],[129.7075301440001,28.462144273000035]]],[[[127.80982506600003,26.73541901200008],[127.81120853000004,26.706976630000042],[127.78565514400009,26.70258209800005],[127.75855553500003,26.71287669500009],[127.76880944100003,26.734035549000055],[127.80982506600003,26.73541901200008]]],[[[127.99537194100003,27.091742255000042],[127.99317467500009,27.06671784100007],[127.97575931100005,27.03974030200004],[127.95215905000009,27.01829661700009],[127.93572024800005,27.025091864000046],[127.98707116000003,27.078599351000037],[127.99537194100003,27.091742255000042]]],[[[131.28972415500004,25.95136139500005],[131.3212996750001,25.947699286000045],[131.32789147200003,25.93707916900007],[131.3095809250001,25.922756252000056],[131.29086347700002,25.938666083000044],[131.28972415500004,25.95136139500005]]],[[[127.22217858200008,26.598944403000075],[127.24236087300005,26.59674713700008],[127.23682701900009,26.57916901200008],[127.20883222700002,26.581976630000042],[127.22217858200008,26.598944403000075]]],[[[128.45435631600003,27.04751211100006],[128.448578321,27.020697333000044],[128.43140709700003,27.02167389500005],[128.39625084700003,27.040757554000038],[128.42896569100003,27.066473700000074],[128.45435631600003,27.04751211100006]]],[[[125.20289147200003,24.846258856000077],[125.21705162900003,24.81659577000005],[125.20525149800005,24.80499909100007],[125.16814212300005,24.80097077000005],[125.15064537900003,24.804348049000055],[125.14112389400009,24.828599351000037],[125.15756269600001,24.833807684000078],[125.16358483200008,24.854641018000052],[125.20289147200003,24.846258856000077]]],[[[127.36963951900009,26.214585679000038],[127.36109459700003,26.164007880000042],[127.34538821700005,26.158270575000074],[127.34262129000001,26.18573639500005],[127.35417728000004,26.21893952000005],[127.36963951900009,26.214585679000038]]]]},"properties":{"name":"Okinawa"}},{"type":"Feature","geometry":{"type":"Polygon","coordinates":[[[139.21458296093488,36.94565216731365],[139.2173734888953,36.929503282350595],[139.35958702971755,36.90203725771323],[139.34026004496502,36.87175486939168],[139.33917483934727,36.848707179792484],[139.3682686710623,36.82304983208405],[139.3666150246636,36.808270371780225],[139.33261193329406,36.76907379811729],[139.33044152205855,36.71930939451295],[139.31276818280537,36.67634044005922],[139.30594689343434,36.64474030212324],[139.31204471239346,36.632157091476586],[139.36366946797148,36.60662893317868],[139.4234074241133,36.60045359985372],[139.4458866720322,36.58593252196829],[139.43865197241053,36.55151601854942],[139.42712812716127,36.54358368603823],[139.39705244441473,36.49844432214775],[139.3783972523313,36.443848172355274],[139.33777957626637,36.38883860871482],[139.3383996929914,36.36855561045303],[139.35374759317688,36.348065903918325],[139.3835648953036,36.32346792340593],[139.40077314656344,36.30036855696329],[139.44051232258562,36.268484199086515],[139.50283410111285,36.27437531247068],[139.58866865543405,36.26011261700364],[139.6384847349825,36.22574778952884],[139.65372928327974,36.203139350400704],[139.67403812086252,36.1522122259135],[139.61001102089187,36.17944570655408],[139.56308882119208,36.190969550004695],[139.5142029158319,36.19282990197837],[139.47306847582945,36.17807628009621],[139.4125036973877,36.21174347648025],[139.37860395700693,36.22249217447427],[139.304293247935,36.22822825822749],[139.232411329819,36.24218089533201],[139.19277550658433,36.25760630988327],[139.13805016468325,36.270602932579266],[139.11185021371637,36.27086131409834],[139.0896293482158,36.249028022225446],[139.04436079311608,36.18665456775409],[139.0407434428555,36.149757594737196],[139.01821251809315,36.128906154795175],[138.95702762292638,36.11112946185517],[138.8582739611743,36.07273387296982],[138.78272301685365,36.03516510728383],[138.75073530529005,36.027181097929315],[138.73182173078817,35.9995600454597],[138.70091922394295,35.969536037757905],[138.62784874922033,36.01702667913793],[138.61451622884078,36.031030992186516],[138.61327599539084,36.116400458514306],[138.575397170443,36.14347890952405],[138.56811079307863,36.16549306944955],[138.59260542170284,36.169782213278495],[138.6046977068337,36.186370347813295],[138.58702436668113,36.270215358951646],[138.62986412992564,36.310652166963905],[138.6236629581789,36.38395518748189],[138.61482628810268,36.40028493869892],[138.5837687516265,36.41689891255476],[138.55415815597405,36.41757070612317],[138.5141089206901,36.404341539430504],[138.46413781061142,36.3981145292621],[138.43840294763788,36.40028493869892],[138.38889692555267,36.43452057496455],[138.3768046413211,36.46782603614264],[138.3837809594237,36.50273346597663],[138.4047099137315,36.57037791620786],[138.43654259656353,36.62543915489306],[138.4842916203619,36.638487454432436],[138.4988643741915,36.65610911684223],[138.49922610939734,36.6820506862901],[138.54185916616757,36.69812205688737],[138.60345747338363,36.70654531491431],[138.62955407066374,36.71822418889519],[138.67952518074242,36.73065237081022],[138.72267500234943,36.7491783725838],[138.76902876216764,36.75016022451473],[138.8081478205654,36.76783356376791],[138.82246219287583,36.80359365522298],[138.89010664310706,36.82666718234458],[138.91057051032078,36.84322947845766],[138.91708174042992,36.87847280507589],[138.95868126842572,36.894440822885656],[138.96054162039945,36.95735687881688],[138.97397749176776,36.97198131038914],[139.03361209512207,36.98699331289106],[139.05397261044754,36.99872386281601],[139.08001753088433,37.03657685024143],[139.1045121604078,37.03556915898946],[139.12921349460703,37.00818065051658],[139.15138268416354,36.99489980698047],[139.16755740844758,36.96022492114315],[139.21458296093488,36.94565216731365]]]},"properties":{"name":"Gunma"}},{"type":"Feature","geometry":{"type":"Polygon","coordinates":[[[138.67952518074242,36.73065237081022],[138.62955407066374,36.71822418889519],[138.60345747338363,36.70654531491431],[138.54185916616757,36.69812205688737],[138.49922610939734,36.6820506862901],[138.4988643741915,36.65610911684223],[138.4842916203619,36.638487454432436],[138.43654259656353,36.62543915489306],[138.4047099137315,36.57037791620786],[138.3837809594237,36.50273346597663],[138.3768046413211,36.46782603614264],[138.38889692555267,36.43452057496455],[138.43840294763788,36.40028493869892],[138.46413781061142,36.3981145292621],[138.5141089206901,36.404341539430504],[138.55415815597405,36.41757070612317],[138.5837687516265,36.41689891255476],[138.61482628810268,36.40028493869892],[138.6236629581789,36.38395518748189],[138.62986412992564,36.310652166963905],[138.58702436668113,36.270215358951646],[138.6046977068337,36.186370347813295],[138.59260542170284,36.169782213278495],[138.56811079307863,36.16549306944955],[138.575397170443,36.14347890952405],[138.61327599539084,36.116400458514306],[138.61451622884078,36.031030992186516],[138.62784874922033,36.01702667913793],[138.70091922394295,35.969536037757905],[138.69952396086205,35.94982147937776],[138.71569868424683,35.89646556213597],[138.66278201657678,35.85943939880917],[138.62299116371116,35.85398753499675],[138.60428429568367,35.866803290539394],[138.58526736929366,35.89196971273202],[138.5189148302552,35.89954031003725],[138.46630822184693,35.888197332840605],[138.444294061022,35.89775747332868],[138.44067671076152,35.92514598180162],[138.42817101538003,35.93915029574953],[138.3986637716157,35.950906684096196],[138.36026818273035,35.95780548783296],[138.33825402190553,35.93884023738701],[138.28719770710848,35.8626691763414],[138.25712202436193,35.848096422511844],[138.2354179218995,35.85853506124408],[138.216504348297,35.85039602315794],[138.18017581606102,35.78673065929246],[138.18637698780765,35.76556915918934],[138.20265506397993,35.74709483515852],[138.17381961468345,35.713220934098786],[138.16854861892352,35.69880320900086],[138.18203616803464,35.64782440946891],[138.1961438338708,35.627851466871675],[138.1818811384038,35.586975409287675],[138.16896203007354,35.57074900995883],[138.1432271671,35.56095632637334],[138.13594078973563,35.547081204533924],[138.1396614927836,35.52271576621962],[138.13361534976855,35.49225250894614],[138.14043664003884,35.46987661381468],[138.13051476524413,35.447836616366715],[138.1132548362416,35.43401317047142],[138.11067101475544,35.41401439125116],[138.1267940612969,35.38453298590855],[138.1125313658298,35.3573770214324],[138.0855045916635,35.33696483016274],[138.02778201712636,35.31903310849117],[138.00530276920733,35.29717397729718],[137.93982872931235,35.27309275982299],[137.89590376224874,35.2433271354389],[137.87543989503513,35.23567902286857],[137.83802615808065,35.20526744243847],[137.80557335762433,35.19451874444445],[137.7513131037167,35.19622406678724],[137.68206668482958,35.208703925545706],[137.64341271442515,35.204802354445064],[137.61674767456543,35.19265839337015],[137.57514814656963,35.18816254306688],[137.55561445534283,35.201934312118794],[137.53871626244552,35.23717763873702],[137.547862989985,35.270353908705886],[137.57840376162426,35.3284382193483],[137.56445112541905,35.37112295206259],[137.5762333521874,35.38189748847827],[137.59767907133198,35.38029551892305],[137.60574059505234,35.3939897727098],[137.59070275322938,35.43631277111746],[137.59473351463998,35.46956655545216],[137.5852250509953,35.49509471285069],[137.5281742700265,35.53922638638858],[137.50998416593643,35.59002431876729],[137.5107593122924,35.63456940435452],[137.47195031135777,35.68164663278583],[137.444045038048,35.73337474205067],[137.42368452362177,35.748722643135466],[137.3957792503121,35.75559560845056],[137.36890750487737,35.77745473874518],[137.33325076710912,35.78381094012275],[137.32322553862764,35.80163930900687],[137.3759354998234,35.86850861288218],[137.41112715139684,35.8865953641847],[137.4490059754454,35.88406321954193],[137.46280358291892,35.889385891245865],[137.51990604073114,35.952767035170496],[137.55840498330326,36.00118785343665],[137.57731855690588,36.031237697761526],[137.58212446467223,36.05681753200349],[137.5447624045613,36.10012238234202],[137.53943973195805,36.11789907528208],[137.56486453656908,36.17619008970087],[137.56290083180784,36.21055491807499],[137.57220258987752,36.22657461182882],[137.61194176679908,36.27106802057267],[137.62449913992327,36.31499298853555],[137.60822106285173,36.347058214464994],[137.56538130140586,36.37700470600237],[137.5805741719604,36.39514313414833],[137.6105465028188,36.41385000307514],[137.62821984297136,36.43452057496455],[137.64310265516337,36.468446152867614],[137.67648562980787,36.51885651341735],[137.67571048435127,36.54877716743232],[137.71948042178394,36.58983409306893],[137.72537153516816,36.60479442052605],[137.73405317561355,36.66804637324151],[137.73265791163328,36.77480988187051],[137.77534264524684,36.78736725499482],[137.80107750911975,36.80338694874865],[137.83719933488135,36.84803538712339],[137.84996341358067,36.87371857415286],[137.85321902863518,36.9091686063461],[137.8847416531047,36.92213939151969],[137.9426192572729,36.90699819600991],[137.97331505764373,36.90363922816783],[138.00545779793902,36.88291697853572],[138.00561282756985,36.83878530499783],[138.01196902894742,36.82576284388011],[138.04421512292947,36.80718516706179],[138.0735673361636,36.82664134392286],[138.10043908069895,36.835478013999136],[138.14601769416117,36.83713165949848],[138.17847049371824,36.84436636001948],[138.21541914267925,36.85976593704834],[138.25216108606526,36.84865550384842],[138.27066124941712,36.858370673068066],[138.2737618348408,36.88405386009754],[138.28626753112167,36.90766999047764],[138.3235779161878,36.92560171214927],[138.3530334822094,36.96601268173987],[138.3820756370809,36.9861664896917],[138.42424360585767,37.00166942040738],[138.48139773961395,37.01417511668825],[138.53586469909658,37.010041002490254],[138.5552433615918,37.00063589073375],[138.57446699355683,36.92296621381968],[138.60459435404618,36.886482651952804],[138.64800255807154,36.85806061470561],[138.6696033059477,36.82258474409065],[138.66681277888654,36.76323436157651],[138.67952518074242,36.73065237081022]]]},"properties":{"name":"Nagano"}},{"type":"Feature","geometry":{"type":"Polygon","coordinates":[[[139.35958702971755,36.90203725771323],[139.40790449429687,36.92513662415587],[139.4458866720322,36.95614248288928],[139.509552036797,36.97490102776021],[139.67853397026647,37.053216660720295],[139.74741865484702,37.07701365825369],[139.79118859317896,37.08122528681753],[139.86131351120957,37.130447088961944],[139.91686567630984,37.14357290286716],[139.95815514504386,37.13938711182573],[140.09809492364172,37.105823269128564],[140.1850146826814,37.0529324407795],[140.1988122910543,37.02019542128164],[140.2312650897121,36.99998993648637],[140.24103193577514,36.9430683458275],[140.23731123272717,36.92482656489403],[140.24537275644752,36.87635407248246],[140.2513155457758,36.809433091763765],[140.25064375220734,36.76129649523705],[140.26676679874868,36.718637600045156],[140.22795779781404,36.68941457802032],[140.2210331556555,36.67719310257962],[140.22981814978777,36.62355296539704],[140.23762129108968,36.54133576133631],[140.23002485626205,36.49963288055295],[140.20036258376615,36.45927358690648],[140.18113895090175,36.41488353095019],[140.1572127630585,36.392533474240395],[140.1142696470265,36.396021633291696],[140.05484175014658,36.38333506895822],[140.0141723981376,36.3648607449274],[139.9760868667155,36.36821971276953],[139.95350426690834,36.362121893810354],[139.90735721176588,36.32656850793029],[139.89485151638428,36.309308579827075],[139.8403845560024,36.29995514581333],[139.8172335154144,36.28000804343645],[139.791808709904,36.24158661612938],[139.74617841959832,36.21820302974601],[139.7036487156157,36.204689643112545],[139.65372928327974,36.203139350400704],[139.6384847349825,36.22574778952884],[139.58866865543405,36.26011261700364],[139.50283410111285,36.27437531247068],[139.44051232258562,36.268484199086515],[139.40077314656344,36.30036855696329],[139.3835648953036,36.32346792340593],[139.35374759317688,36.348065903918325],[139.3383996929914,36.36855561045303],[139.33777957626637,36.38883860871482],[139.3783972523313,36.443848172355274],[139.39705244441473,36.49844432214775],[139.42712812716127,36.54358368603823],[139.43865197241053,36.55151601854942],[139.4458866720322,36.58593252196829],[139.4234074241133,36.60045359985372],[139.36366946797148,36.60662893317868],[139.31204471239346,36.632157091476586],[139.30594689343434,36.64474030212324],[139.31276818280537,36.67634044005922],[139.33044152205855,36.71930939451295],[139.33261193329406,36.76907379811729],[139.3666150246636,36.808270371780225],[139.3682686710623,36.82304983208405],[139.33917483934727,36.848707179792484],[139.34026004496502,36.87175486939168],[139.35958702971755,36.90203725771323]]]},"properties":{"name":"Tochigi"}},{"type":"Feature","geometry":{"type":"Polygon","coordinates":[[[137.56538130140586,36.37700470600237],[137.60822106285173,36.347058214464994],[137.62449913992327,36.31499298853555],[137.61194176679908,36.27106802057267],[137.57220258987752,36.22657461182882],[137.56290083180784,36.21055491807499],[137.56486453656908,36.17619008970087],[137.53943973195805,36.11789907528208],[137.5447624045613,36.10012238234202],[137.58212446467223,36.05681753200349],[137.57731855690588,36.031237697761526],[137.55840498330326,36.00118785343665],[137.51990604073114,35.952767035170496],[137.46280358291892,35.889385891245865],[137.4490059754454,35.88406321954193],[137.41112715139684,35.8865953641847],[137.3759354998234,35.86850861288218],[137.32322553862764,35.80163930900687],[137.33325076710912,35.78381094012275],[137.36890750487737,35.77745473874518],[137.3957792503121,35.75559560845056],[137.42368452362177,35.748722643135466],[137.444045038048,35.73337474205067],[137.47195031135777,35.68164663278583],[137.5107593122924,35.63456940435452],[137.50998416593643,35.59002431876729],[137.5281742700265,35.53922638638858],[137.5852250509953,35.49509471285069],[137.59473351463998,35.46956655545216],[137.59070275322938,35.43631277111746],[137.60574059505234,35.3939897727098],[137.59767907133198,35.38029551892305],[137.5762333521874,35.38189748847827],[137.56445112541905,35.37112295206259],[137.57840376162426,35.3284382193483],[137.547862989985,35.270353908705886],[137.50006229114172,35.25293895097178],[137.466524285967,35.23232005502649],[137.42203087812243,35.21599030201082],[137.3917484889016,35.22066701946733],[137.36983768086418,35.23715180121462],[137.29320153182516,35.26777008721973],[137.26390099543448,35.26621979450789],[137.1996155130454,35.241234239468554],[137.15930789624235,35.245730088872506],[137.12747521430958,35.266684882501295],[137.07083784359156,35.28492666343476],[137.05890058809166,35.3041502962991],[137.03218387318714,35.326035265015435],[137.02071170478132,35.347661852212696],[136.96500451094937,35.38104482685725],[136.95291222491915,35.38414541318025],[136.90976240511088,35.37070954001325],[136.8487325377763,35.36009003412778],[136.80594445227462,35.342054958769324],[136.7705977719695,35.35210602477321],[136.75302778460457,35.33867015250553],[136.7255876001875,35.29128286391301],[136.68006066266935,35.2363766548587],[136.67654666609576,35.21562856680487],[136.6734460797727,35.13881154971324],[136.61804894430327,35.158009345055234],[136.5846659687594,35.17439077401497],[136.55815595942988,35.19402781802938],[136.53877729693465,35.222759915437734],[136.5151611683532,35.23190664297715],[136.3987858423926,35.20260610568721],[136.37615156484276,35.23149323182719],[136.37537641758752,35.266323147295395],[136.39397993372688,35.31861969734115],[136.40762251156957,35.39339549440655],[136.39739057841246,35.45277171534235],[136.3790971206356,35.501063341500014],[136.35935672383368,35.53385203694194],[136.32602542513325,35.53294770027611],[136.2979651230919,35.56397939743124],[136.28923180580318,35.60015290003628],[136.25729577018365,35.64562815981168],[136.28985192342748,35.69526337310617],[136.30426964672677,35.744226792832194],[136.33703250464634,35.766395982388644],[136.364524366806,35.76608592402613],[136.39909590075513,35.75590566681308],[136.45537153536804,35.75190074292493],[136.4841553078212,35.73911082580395],[136.50802981972038,35.761796780197244],[136.61200280218748,35.77926341387541],[136.6870886576154,35.77448334453072],[136.76858239216358,35.79099396380036],[136.80305057242595,35.83605581332512],[136.80212039643914,35.85037018473622],[136.77896935405238,35.886982936913],[136.75385460780387,35.904423733068825],[136.71659590137972,35.91517243106284],[136.6985608260212,35.943542792365974],[136.7071391136791,36.013874416870806],[136.72429568899474,36.05991811832649],[136.72088504520866,36.07480093051851],[136.74527632104537,36.106168525357134],[136.75426801985316,36.147664700565485],[136.8118872416029,36.22006338082036],[136.81312747595223,36.24701264152014],[136.7842403498122,36.27300588601281],[136.7732332702991,36.291996974880476],[136.79726281092996,36.287707831051534],[136.8145227399325,36.294477444478446],[136.82863040576854,36.328583889534855],[136.85048953696253,36.34279490815845],[136.9219063661858,36.332821357419675],[136.94485070209817,36.31889455783755],[136.94283532139286,36.28403880484694],[136.95797651600333,36.273315945274646],[136.99849083928075,36.303520820129734],[137.02680952374044,36.31948883704018],[137.04153730720088,36.35080475503537],[137.08127648322306,36.37896841076355],[137.13259118133794,36.42521881779419],[137.1611682482161,36.43684601493163],[137.2001322778823,36.42891368331982],[137.264211053797,36.450023504780916],[137.2848299497423,36.450798652036156],[137.29490685416795,36.42113638043958],[137.32859988807434,36.436251735729],[137.35759036700176,36.43679433898751],[137.41422773682052,36.414728502218566],[137.47753136637937,36.406046860873914],[137.56538130140586,36.37700470600237]]]},"properties":{"name":"Gifu"}},{"type":"Feature","geometry":{"type":"Polygon","coordinates":[[[136.25729577018365,35.64562815981168],[136.28923180580318,35.60015290003628],[136.2979651230919,35.56397939743124],[136.32602542513325,35.53294770027611],[136.35935672383368,35.53385203694194],[136.3790971206356,35.501063341500014],[136.39739057841246,35.45277171534235],[136.40762251156957,35.39339549440655],[136.39397993372688,35.31861969734115],[136.37537641758752,35.266323147295395],[136.37615156484276,35.23149323182719],[136.3987858423926,35.20260610568721],[136.40700239484454,35.183434150565574],[136.43573449135363,35.15098135010919],[136.4431758974497,35.13183523250996],[136.43232384666817,35.0620978872077],[136.4183712095636,35.021893622292794],[136.41165327387944,34.98236115184568],[136.3998710471111,34.949469102716876],[136.36245731015674,34.90582835469479],[136.3116077009346,34.879292506943614],[136.24050093007384,34.863117784458154],[136.1804529155695,34.862523505255524],[136.12459069210672,34.87234202726273],[136.1021114441877,34.865055649898295],[136.11280846623765,34.83311961517808],[136.08195763623587,34.800925198039465],[136.00309940001728,34.77369171829815],[135.99762169778307,34.802785549113764],[135.97736453704374,34.823197740383364],[135.9432064151439,34.839837550862285],[135.9157662289283,34.867019355558796],[135.87354658420747,34.86810456027723],[135.85540815606146,34.88970530905277],[135.8535478049871,34.93404368726635],[135.8248157093774,34.98096588786541],[135.81473880405247,35.005563870176445],[135.83659793524646,35.12075063683238],[135.8338074081853,35.15361684843879],[135.81876956636233,35.2123729517503],[135.82894982267612,35.24849477841127],[135.82698611881426,35.2633000762375],[135.77189904170734,35.31732778614838],[135.74285688683585,35.33758494688777],[135.7991841982921,35.37688487423753],[135.84124881428136,35.386574205035515],[135.866880323568,35.379830430929644],[135.88625898696262,35.39070832013283],[135.90098677042306,35.41378184725443],[135.92119225521833,35.489074409156615],[135.9309591003821,35.5026394717342],[135.97953494737988,35.480418606233684],[136.01570844908565,35.50331126620193],[136.0886238950767,35.522638250954515],[136.09575524281013,35.558475856775374],[136.1354944188323,35.55793325531545],[136.14634646961383,35.582143663099544],[136.12443566337515,35.64934886285971],[136.1277429552731,35.663534043960965],[136.1672754248209,35.67500621236678],[136.25729577018365,35.64562815981168]]]},"properties":{"name":"Shiga"}},{"type":"Feature","geometry":{"type":"Polygon","coordinates":[[[139.67403812086252,36.1522122259135],[139.68551028926834,36.12549551010966],[139.7109350929801,36.09828786879007],[139.75284468023779,36.07955516234085],[139.79645958893877,36.01891286953327],[139.83862755771554,35.922898057998964],[139.86653283102532,35.888817450464956],[139.87480106032058,35.85037018473622],[139.8639490086398,35.77812653321291],[139.80452111175987,35.790348009552986],[139.75780561673582,35.79528310852862],[139.70612918521363,35.77564606451426],[139.64127526294294,35.77711884196094],[139.60360314267086,35.75903209155774],[139.53559695903243,35.751564846140695],[139.52288455627718,35.77479340289318],[139.50738162736013,35.77766144521951],[139.43431115083888,35.75223663970911],[139.38449507129042,35.75492381398283],[139.2715303900154,35.808977363214694],[139.0601737812949,35.85305735900988],[139.0136133159018,35.87729360611502],[138.99371789036832,35.87654429818082],[138.95289350782912,35.85788910609733],[138.9228178241832,35.8353840197567],[138.86897098232487,35.83776113476853],[138.79760582904566,35.85600291570199],[138.71569868424683,35.89646556213597],[138.69952396086205,35.94982147937776],[138.70091922394295,35.969536037757905],[138.73182173078817,35.9995600454597],[138.75073530529005,36.027181097929315],[138.78272301685365,36.03516510728383],[138.8582739611743,36.07273387296982],[138.95702762292638,36.11112946185517],[139.01821251809315,36.128906154795175],[139.0407434428555,36.149757594737196],[139.04436079311608,36.18665456775409],[139.0896293482158,36.249028022225446],[139.11185021371637,36.27086131409834],[139.13805016468325,36.270602932579266],[139.19277550658433,36.25760630988327],[139.232411329819,36.24218089533201],[139.304293247935,36.22822825822749],[139.37860395700693,36.22249217447427],[139.4125036973877,36.21174347648025],[139.47306847582945,36.17807628009621],[139.5142029158319,36.19282990197837],[139.56308882119208,36.190969550004695],[139.61001102089187,36.17944570655408],[139.67403812086252,36.1522122259135]]]},"properties":{"name":"Saitama"}},{"type":"Feature","geometry":{"type":"Polygon","coordinates":[[[138.71569868424683,35.89646556213597],[138.79760582904566,35.85600291570199],[138.86897098232487,35.83776113476853],[138.9228178241832,35.8353840197567],[138.94658898329487,35.81662547488571],[138.97092858318751,35.76164175146562],[138.99268436069462,35.73254791885137],[139.03578250455894,35.69634857782461],[139.12177208941034,35.65399974189455],[139.11371056479072,35.63079702446311],[139.1175862983689,35.59787913691264],[139.10626915869466,35.5392780623327],[139.08048261887768,35.50493907327956],[138.99092736240777,35.464786485208094],[138.9519633318422,35.44969696744107],[138.9332564638147,35.437062079051714],[138.90607466001745,35.400836900502554],[138.90033857626418,35.38094147406974],[138.82969689339689,35.36466339789746],[138.69719852089497,35.35076243673706],[138.67239383390825,35.3561367861837],[138.634670037692,35.38112234122303],[138.59322553932714,35.39210358321378],[138.55648359594113,35.41747671188074],[138.53395267117878,35.409673570578775],[138.5232556500282,35.381354885219764],[138.5162793319256,35.329730130541066],[138.50568566266315,35.29422842150444],[138.5040320171638,35.25676300680732],[138.51054324817233,35.20746369119638],[138.49783084541718,35.181522121748515],[138.47235436396272,35.161678372159145],[138.4304447776043,35.15930125624794],[138.38347090106117,35.19030711498135],[138.36745120730734,35.2186774771838],[138.35256839421595,35.27836375648218],[138.32822879522269,35.29988698999256],[138.30461266484258,35.3019023706978],[138.26228966733424,35.29376333351104],[138.23588300989297,35.303685208305694],[138.2265812518233,35.36755727774613],[138.23789839059816,35.40843333622945],[138.23479780517448,35.444141750841084],[138.24332441598892,35.47478587526791],[138.24130903528373,35.51778066724398],[138.22177534405682,35.572764391563396],[138.21371382123584,35.61178009717372],[138.1961438338708,35.627851466871675],[138.18203616803464,35.64782440946891],[138.16854861892352,35.69880320900086],[138.17381961468345,35.713220934098786],[138.20265506397993,35.74709483515852],[138.18637698780765,35.76556915918934],[138.18017581606102,35.78673065929246],[138.216504348297,35.85039602315794],[138.2354179218995,35.85853506124408],[138.25712202436193,35.848096422511844],[138.28719770710848,35.8626691763414],[138.33825402190553,35.93884023738701],[138.36026818273035,35.95780548783296],[138.3986637716157,35.950906684096196],[138.42817101538003,35.93915029574953],[138.44067671076152,35.92514598180162],[138.444294061022,35.89775747332868],[138.46630822184693,35.888197332840605],[138.5189148302552,35.89954031003725],[138.58526736929366,35.89196971273202],[138.60428429568367,35.866803290539394],[138.62299116371116,35.85398753499675],[138.66278201657678,35.85943939880917],[138.71569868424683,35.89646556213597]]]},"properties":{"name":"Yamanashi"}},{"type":"Feature","geometry":{"type":"Polygon","coordinates":[[[136.03648237466177,34.71534902613661],[136.059116653111,34.70253327149328],[136.0723458189044,34.65630870198498],[136.0398930202466,34.64124502174036],[136.05834150585576,34.619127509027294],[136.05245039337092,34.57458242433938],[136.07585981727664,34.55249075004804],[136.11420372931855,34.5363935410291],[136.1536328469782,34.53383555796461],[136.17146121586234,34.5093667668628],[136.2025187523385,34.50151194871745],[136.2112003927839,34.486396593428026],[136.20267378107008,34.458827216003215],[136.1775073588775,34.43862173120789],[136.15730187408212,34.43115448669016],[136.09560021407856,34.420018215068524],[136.07120893824185,34.39381826410158],[136.06924523258135,34.37699758646943],[136.1076924992094,34.30069733331527],[136.10087120983837,34.283437405212055],[136.1186995787225,34.24114024522612],[136.10722741121606,34.189386298438876],[136.10939782065282,34.12623769851098],[136.08578169207135,34.04996328377848],[136.1014913265634,34.018466497730685],[136.08722863199569,34.00944896140044],[136.0353971699434,34.01074087169383],[136.00382287042908,33.99311920838471],[135.9848059431397,33.95314748836586],[135.95752078655505,33.91795583769175],[135.92553307499134,33.901083482316835],[135.91514611220327,33.88873281476759],[135.8913749530916,33.88268667175248],[135.8754069361811,33.85080231387565],[135.847656691603,33.83814158796389],[135.8172709486953,33.8722221954979],[135.78523156118752,33.87904348396961],[135.73603559836408,33.8695866971683],[135.68218875470723,33.879896144691315],[135.65397342303504,33.872558092282134],[135.6373852893995,33.859070543171015],[135.60896325125304,33.86382477499336],[135.5982662292031,33.89012807874781],[135.61330407102605,33.954852809809324],[135.60648278165502,33.977202867418384],[135.5847270041479,33.998416043465625],[135.56540001759663,34.03562307394566],[135.54643476805006,34.0507384301344],[135.55108564708485,34.082467760178986],[135.58710412005905,34.12910573993793],[135.61516442299967,34.15695933730353],[135.6328894390963,34.184580389773146],[135.66110477076847,34.204449977784236],[135.70110233010837,34.20592275613029],[135.70906050014196,34.22535309546896],[135.69448774631235,34.24860748974385],[135.66281009311126,34.28493602108051],[135.6590893900633,34.32322825807762],[135.64684207620076,34.37175242823196],[135.67071658720067,34.38854726834177],[135.66885623612632,34.40787425399361],[135.6769177589474,34.44797516522169],[135.66513553307834,34.49306285316811],[135.65056277924884,34.51660146738379],[135.62710167939895,34.53794383374094],[135.62203738831477,34.55342092513558],[135.64653201693898,34.601066596146495],[135.667616001777,34.67488637970263],[135.68456587061837,34.705685532861025],[135.7062699730808,34.75953237651794],[135.73934289026215,34.73377167422336],[135.76848839702188,34.719922389906344],[135.83225711457408,34.699122625908444],[135.8492069852141,34.69865753791504],[135.90987511644346,34.724185696212885],[135.93204430599985,34.72392731379449],[136.00883548377055,34.69591868679794],[136.03648237466177,34.71534902613661]]]},"properties":{"name":"Nara"}}]}