{"type":"FeatureCollection","features":[{"type":"Feature","geometry":{"type":"MultiPolygon","coordinates":[[[[-1.7497299859999202,43.29479269100007],[-1.7033280029998537,43.2986243700001],[-1.6738724359999253,43.30415374800002],[-1.6450369869999122,43.292371521000106],[-1.647982543999916,43.281545309000066],[-1.6390425209998796,43.255681255000056],[-1.6218859459999067,43.246999613000085],[-1.5875727949998861,43.251598817000044],[-1.5739818929999103,43.277437032000066],[-1.5590474039999265,43.28407745400007],[-1.5080944419999014,43.276765239000056],[-1.466391560999881,43.26077138300012],[-1.4322334389999867,43.265008850000086],[-1.4035013429999594,43.243330587000074],[-1.399677286999946,43.20674367300005],[-1.4105293379998898,43.16690114400002],[-1.425773884999927,43.13527516700013],[-1.4878372799998942,43.0818158980001],[-1.4752799069999867,43.060137634000014],[-1.4571414789998585,43.04507395500012],[-1.4350239659999318,43.03572052000008],[-1.3831408279998527,43.029209290000026],[-1.3661392829999386,43.033317567000026],[-1.357612670999913,43.046830953],[-1.3482592369998656,43.093081360000056],[-1.331050984999905,43.10734405600003],[-1.308623412999907,43.113571066000034],[-1.3069697669999414,43.095975240000044],[-1.315082966999853,43.082875265],[-1.310587117999944,43.06949106900005],[-1.2748787029999278,43.046830953],[-1.216897745999887,43.03926035600004],[-1.1825329189999252,43.025281881000055],[-1.149925088999879,43.00572235200012],[-1.1124079999999879,43.00825449600002],[-1.0796968179998885,42.99339752200008],[-1.0284854739998934,42.98670542400005],[-0.981459920999896,42.957043152],[-0.9432193609999047,42.9478964230001],[-0.8635343019999482,42.94306467700001],[-0.786433064999926,42.953270773000085],[-0.7596646729998611,42.94650116000004],[-0.7450319629998887,42.91872722699999],[-0.7714460916637904,42.91836253540265],[-0.8062243311879342,42.90435822235406],[-0.8191951163615272,42.876091213838436],[-0.8462218896285094,42.849477850822154],[-0.8569447492008067,42.78689769077579],[-0.8670216536264093,42.76994782193441],[-0.8964255437039128,42.755013332898955],[-0.9043578762150446,42.74255931346153],[-0.9249767721603348,42.735582994459605],[-0.9517451639081855,42.716695258379445],[-0.9771182925751418,42.7057140163887],[-1.024634772376828,42.69612803837822],[-1.0343757800182516,42.68307973883884],[-1.0444526844438542,42.64995514571336],[-1.055485602378667,42.64535594352196],[-1.0852253892403496,42.64700958902131],[-1.1450150213261736,42.64137685805554],[-1.1605437886649383,42.596082465433426],[-1.1849609029233648,42.58455862108349],[-1.205347255771244,42.558100286798776],[-1.22803321016454,42.549392808831044],[-1.2574112609209465,42.553216865565844],[-1.278159348974782,42.532029527041004],[-1.2845155503523529,42.51657827406808],[-1.2726816467406366,42.48763947198404],[-1.2944115867253458,42.45983755146182],[-1.3206632154350473,42.44092397695994],[-1.3419539049487526,42.4148273787805],[-1.3503771629756898,42.38679291426155],[-1.3334014548133268,42.36413279918929],[-1.3344866604310255,42.34987010372231],[-1.3641230936058832,42.32315338791847],[-1.3840185209380138,42.300415758480426],[-1.4048957993016984,42.24426931417747],[-1.4164196436516363,42.2205756703309],[-1.415437790821386,42.20489187336125],[-1.3966275700063875,42.17796845108313],[-1.3942246156734655,42.12758392985444],[-1.3734248516755656,42.10469127078551],[-1.3506613829164849,42.07272939674425],[-1.3239188295902977,42.06725169540937],[-1.3124466620838007,42.054280911135095],[-1.3159606586575023,42.037150174241106],[-1.3611775369138286,41.983768419476974],[-1.3831400208952687,41.943693345771294],[-1.419287685977963,41.90886343030303],[-1.4832889466275674,41.92217011226086],[-1.5183255676708427,41.913410956550365],[-1.555946011099536,41.91160228142013],[-1.5963569806901319,41.930154119816734],[-1.6219368149320985,41.951238105554125],[-1.657154303128607,41.96216766980211],[-1.6946455553481314,41.953305162203435],[-1.7236101949545173,41.96059153956787],[-1.7594994776188173,41.98699819610982],[-1.7765785376693657,41.992992662281495],[-1.8238883118960985,41.99464630778084],[-1.8524137028301197,42.00120921473348],[-1.89060258614046,42.02531627152871],[-1.9013254457127573,42.04559926979044],[-1.896054449952885,42.07614004232909],[-1.8357738923512557,42.12786814979523],[-1.8234232239026937,42.14561900521289],[-1.774227261079261,42.13996043582546],[-1.7540734522280559,42.14639415156881],[-1.7130940409572304,42.13613637998992],[-1.6941287914106056,42.13846181905768],[-1.6857830468501334,42.14902964899909],[-1.6922684394369298,42.16678050441675],[-1.6885994123330192,42.18075897904362],[-1.6977461407718124,42.19453074809553],[-1.6970743472033973,42.215821438508556],[-1.7269433252742488,42.23147939705649],[-1.7474071915886498,42.23600108488216],[-1.7957763330113607,42.256490790517546],[-1.8293143381861796,42.27757477535556],[-1.8512509828465795,42.27617951137535],[-1.8619221655754927,42.28418935825226],[-1.863472459186653,42.30491160698506],[-1.9013254457127573,42.3253754750981],[-1.976747198824171,42.39304576285167],[-2.0324027158126796,42.39296824848583],[-2.0556054350428212,42.399066067445006],[-2.069558071248025,42.41477570193706],[-2.0552695382585853,42.42841828157839],[-2.0765085509289065,42.4425776233586],[-2.1049564265978233,42.44516144484476],[-2.1719549216822998,42.44144074179678],[-2.2060096907945876,42.44640167919414],[-2.2387208718707257,42.47198151343605],[-2.2783825344264415,42.489861559163614],[-2.3432622951188478,42.48304026979258],[-2.384474250386347,42.494667466930025],[-2.406074998262568,42.49709625878529],[-2.394008550654121,42.56497325301319],[-2.4058682926875576,42.59610830295577],[-2.4213195456605376,42.59879547812881],[-2.4500516421695693,42.576006170948006],[-2.481367560164756,42.5858763697986],[-2.493278978142314,42.595307319077506],[-2.4927363748838047,42.609337470547814],[-2.4087104956928442,42.660212918191576],[-2.3910371573389284,42.65858511021463],[-2.3658707342469825,42.63791453742596],[-2.328431158870899,42.64297882671144],[-2.292696905837545,42.6630809605179],[-2.295926683369771,42.67791209586653],[-2.3120238923887086,42.68292471010727],[-2.3207055319347774,42.72101023973073],[-2.31207556833283,42.73775340389648],[-2.2849196029573022,42.74467804605496],[-2.27698727134549,42.75963837351213],[-2.2744292873817358,42.79098012992904],[-2.263422206969267,42.8137177602664],[-2.242312383709532,42.83919424082154],[-2.239134283920066,42.858314520898375],[-2.2529577289160443,42.90006907852512],[-2.2316928778240595,42.93515737641178],[-2.2141487288807298,42.94962677745377],[-2.200816209400557,42.951642158159075],[-2.1740994935967706,42.94404572243212],[-2.1329133767509347,42.94693960228079],[-2.1135863919984104,42.95616384508537],[-2.094750331862315,42.975464993214814],[-2.0572849189638305,42.98383657529769],[-2.042660488290892,42.99445608208248],[-2.040567593219862,43.02755483678624],[-2.014600186249595,43.06695811602424],[-1.9267244119021143,43.11437124303842],[-1.9124875548567957,43.13514516951392],[-1.9186628890810766,43.19224762642682],[-1.90853430781209,43.218344225505575],[-1.88925899900363,43.21162628802273],[-1.8726967019912308,43.22769765951932],[-1.8572712874399713,43.22286591243187],[-1.8210719473125323,43.238601386244966],[-1.7913063220291292,43.2774103871796],[-1.7734521138240211,43.28970937788546],[-1.7497299859999202,43.29479269100007]]],[[[-1.1639285949287341,42.44087230101587],[-1.1581408352313929,42.42598948792448],[-1.1763309393214172,42.40366527053578],[-1.1903869283141262,42.40283844643716],[-1.1945210434114415,42.42433584242514],[-1.1639285949287341,42.44087230101587]]],[[[-1.1060509907606502,42.48304026979258],[-1.0944754695672714,42.46319651930389],[-1.0671903138818948,42.44583323841317],[-1.0754585431772625,42.432604071720505],[-1.123414272550633,42.44004547781651],[-1.1341629714439705,42.44666006251185],[-1.1242410957499942,42.473118394098606],[-1.1060509907606502,42.48304026979258]]]]},"properties":{"name":"Navarra"}},{"type":"Feature","geometry":{"type":"Polygon","coordinates":[[[-1.7497299859999202,43.29479269100007],[-1.7734521138240211,43.28970937788546],[-1.7913063220291292,43.2774103871796],[-1.8210719473125323,43.238601386244966],[-1.8572712874399713,43.22286591243187],[-1.8726967019912308,43.22769765951932],[-1.88925899900363,43.21162628802273],[-1.90853430781209,43.218344225505575],[-1.9186628890810766,43.19224762642682],[-1.9124875548567957,43.13514516951392],[-1.9267244119021143,43.11437124303842],[-2.014600186249595,43.06695811602424],[-2.040567593219862,43.02755483678624],[-2.042660488290892,42.99445608208248],[-2.0572849189638305,42.98383657529769],[-2.094750331862315,42.975464993214814],[-2.1135863919984104,42.95616384508537],[-2.1329133767509347,42.94693960228079],[-2.1740994935967706,42.94404572243212],[-2.200816209400557,42.951642158159075],[-2.2141487288807298,42.94962677745377],[-2.2316928778240595,42.93515737641178],[-2.2529577289160443,42.90006907852512],[-2.239134283920066,42.858314520898375],[-2.242312383709532,42.83919424082154],[-2.263422206969267,42.8137177602664],[-2.2744292873817358,42.79098012992904],[-2.27698727134549,42.75963837351213],[-2.2849196029573022,42.74467804605496],[-2.31207556833283,42.73775340389648],[-2.3207055319347774,42.72101023973073],[-2.3120238923887086,42.68292471010727],[-2.295926683369771,42.67791209586653],[-2.292696905837545,42.6630809605179],[-2.328431158870899,42.64297882671144],[-2.3658707342469825,42.63791453742596],[-2.3910371573389284,42.65858511021463],[-2.4087104956928442,42.660212918191576],[-2.4927363748838047,42.609337470547814],[-2.493278978142314,42.595307319077506],[-2.481367560164756,42.5858763697986],[-2.4500516421695693,42.576006170948006],[-2.4213195456605376,42.59879547812881],[-2.4058682926875576,42.59610830295577],[-2.394008550654121,42.56497325301319],[-2.406074998262568,42.49709625878529],[-2.4620405754122316,42.507250678476],[-2.491651170165369,42.5200922715411],[-2.5015213690159612,42.537662258006776],[-2.51805782670732,42.531047675110074],[-2.5288323631230583,42.51717255327071],[-2.5577453267854366,42.510842190314804],[-2.583454352236572,42.49668284853459],[-2.585133836157638,42.511979071876624],[-2.606166144152212,42.516862494008876],[-2.6178708556554966,42.5077157664694],[-2.667454393005869,42.5331664095022],[-2.6846626451649627,42.53776561079428],[-2.6856444970958933,42.581793932443986],[-2.699442103670151,42.59771027341037],[-2.747397833942898,42.61869090456156],[-2.7696703762868538,42.60882070571097],[-2.7799798238098106,42.58561798827952],[-2.813001064147784,42.580812078714416],[-2.8268245100431386,42.59019135204926],[-2.814783900856355,42.605875149018914],[-2.836022915325316,42.62145559320106],[-2.837314825618705,42.64411570917264],[-2.8524560211284893,42.66540639868634],[-2.917930060124206,42.70579153075454],[-2.943354864735227,42.714343979990645],[-2.968676316558799,42.73775340389648],[-3.0031961736644917,42.75323049619044],[-3.031437343758398,42.772738348995574],[-3.0635025696878415,42.78529572211988],[-3.1195714987256906,42.768707586685764],[-3.1290024480045986,42.78625173652841],[-3.147735155353132,42.80369253178492],[-3.1511974759827126,42.817593492046],[-3.1413014387104568,42.83469839141759],[-3.1125435037797047,42.86826223411481],[-3.110424771186274,42.87960521131146],[-3.130216843932203,42.88862274854097],[-3.1590781316504604,42.86461904633188],[-3.1875518457410976,42.86371470786747],[-3.2027188787732257,42.855058905843805],[-3.2173949853902855,42.82973745402029],[-3.231450975282314,42.83588694892353],[-3.275918544705064,42.874695949858165],[-3.279096646293226,42.88720164613903],[-3.2331821351474446,42.938154609047956],[-3.224112921973756,42.94378734001373],[-3.188326992097018,42.94673289580646],[-3.1511974759827126,42.934278876369035],[-3.1410430571913253,42.91608877227901],[-3.1239123193980163,42.910766100575074],[-3.0752847973555504,42.90557261828167],[-3.029189419056479,42.91024933483891],[-3.008958095839489,42.92327179595662],[-2.9874606998514537,42.9263207063355],[-2.9771254130074,42.93903310819138],[-2.9833782615975224,42.950996202113004],[-3.0122912261591637,42.95846344753005],[-3.0396280577886614,42.978048813801706],[-3.03936967626953,42.98704051440819],[-2.9993204409855707,42.98946930626346],[-2.987409023008013,43.00892548312453],[-2.9971241931270356,43.02083690020277],[-3.0160894426736604,43.02541026487182],[-3.0236083640347715,43.04310944344604],[-3.036734177939991,43.049724026342744],[-3.055260178814194,43.04313528096844],[-3.07352779816938,43.01396393488767],[-3.084948288832493,43.01070831983304],[-3.1216127178526563,43.01357636215937],[-3.165124273766253,43.02667633674355],[-3.1485103008097326,43.050447495855224],[-3.141844041069646,43.10413930898193],[-3.165098436243852,43.116541653374554],[-3.1725656798622595,43.13137278872318],[-3.1595432187445454,43.154937242259905],[-3.141844041069646,43.16511749947301],[-3.151507534345228,43.18144725248868],[-3.2297456529395276,43.18697662976763],[-3.25945960137949,43.201187649290546],[-3.2784765277695556,43.197311917510945],[-3.3624248925947313,43.15793447489608],[-3.4237906558141162,43.14062286994948],[-3.440947231129826,43.18806183538538],[-3.4416448631199614,43.23330455206343],[-3.4308961651259438,43.24345897085482],[-3.322944098091682,43.300096341572896],[-3.261035731613731,43.296763211253165],[-3.2351975158526898,43.299088650320925],[-3.203545701972587,43.29229319937161],[-3.160240850734681,43.30779612918798],[-3.149543829584104,43.32443594056616],[-3.1506016760191864,43.36015450895499],[-3.112375454999949,43.35407135600008],[-3.089507615999935,43.366888739000046],[-3.008168097999942,43.32843659100007],[-3.029286261999914,43.37213776200008],[-2.9994197259999282,43.39435455900008],[-2.9559220039999445,43.41384511900009],[-2.9466853509999282,43.43077220300006],[-2.9300837879999335,43.437933661000045],[-2.854237433999913,43.43825918200008],[-2.806996222999942,43.44167715100008],[-2.768625454999949,43.45250071800007],[-2.755848761999914,43.45026276200008],[-2.715199347999942,43.42450592700004],[-2.7065323559999115,43.41368235900006],[-2.6870011059999115,43.37144603100006],[-2.6778051419999542,43.40619538000004],[-2.661203579999949,43.41193268400008],[-2.6069229809999115,43.40188222900008],[-2.5488988919999542,43.38361237200007],[-2.4835098949999406,43.37063222900008],[-2.4644262359999516,43.34922923400006],[-2.36742102799991,43.315700588000084],[-2.327056443999936,43.30683014500005],[-2.2846573559999115,43.30349355700008],[-2.241118943999936,43.30723704600007],[-2.196278449999909,43.31476471600007],[-2.1744685539999296,43.29743073100008],[-2.1400447259999282,43.298895575000074],[-2.1277970039999445,43.28742096600007],[-2.0988663399999155,43.30414459800005],[-2.0655411449999406,43.30959707200009],[-1.9946182929999168,43.32843659100007],[-1.9603572259999282,43.343085028000075],[-1.9456274079999503,43.342637437000064],[-1.9186905589999128,43.32099030200004],[-1.904652472999942,43.32843659100007],[-1.9256892569999309,43.342637437000064],[-1.884917772999927,43.35602448100008],[-1.847401495999918,43.380926825000074],[-1.8112686839999128,43.39508698100008],[-1.7940747448859116,43.38601533206285],[-1.796914021999953,43.341128235000056],[-1.768233601999981,43.330922140000084],[-1.7557795819998887,43.3185456340001],[-1.7497299859999202,43.29479269100007]],[[-3.3041973613191544,43.260682573541885],[-3.304241306690983,43.22215351986904],[-3.299198581349458,43.2168690954324],[-3.267360201312272,43.227393998034586],[-3.286146823017475,43.25636494638513],[-3.3041973613191544,43.260682573541885]],[[-2.6262941145817535,42.77320343698898],[-2.6389031636500704,42.77423696486403],[-2.7261329819515936,42.79506256818297],[-2.752798020911939,42.79697459610071],[-2.81659257598659,42.793977363464535],[-2.832870653058194,42.78725942598169],[-2.868113978777103,42.751395981739165],[-2.8653234517159376,42.73628062644974],[-2.8141379457096605,42.70292348932753],[-2.7524362857060396,42.68183950538884],[-2.6843525859031274,42.67028982171786],[-2.634071418361259,42.65476105437915],[-2.5569185035860755,42.65336579039888],[-2.538237473980246,42.64336640123838],[-2.5129418596790742,42.65336579039888],[-2.5257834536434984,42.689487617059854],[-2.5595023259715504,42.673519599250085],[-2.572137214360964,42.677395331029686],[-2.6007917947055716,42.70437042925187],[-2.580431281178676,42.71847809508802],[-2.5619311178268163,42.73914866787669],[-2.5560658428643706,42.756382758457505],[-2.5781058412115954,42.76049103513316],[-2.5963476221450605,42.77364268746004],[-2.6262941145817535,42.77320343698898]]]},"properties":{"name":"País Vasco"}},{"type":"Feature","geometry":{"type":"Polygon","coordinates":[[[-0.7450319629998887,42.91872722699999],[-0.7458670659999029,42.89392039000005],[-0.7301057539999078,42.8775131230001],[-0.7003918049999243,42.876427918000005],[-0.6483019619998913,42.84978871700007],[-0.609492960999944,42.81144480400003],[-0.6101647539999249,42.79909413700007],[-0.582931274999936,42.79583852100011],[-0.5786938069998655,42.77733835900007],[-0.5611754959999189,42.773540141000055],[-0.5356473389998939,42.784211324000054],[-0.533890339999914,42.80800832200002],[-0.5084138589998872,42.80749155700006],[-0.45446366299992746,42.78891388000001],[-0.4239228929999115,42.790670878000086],[-0.39973832199993353,42.801316223000086],[-0.35167923999989625,42.82924733500006],[-0.3351686199999051,42.82495819100011],[-0.32279211399995233,42.84250234000008],[-0.3074183759998732,42.83183115700008],[-0.24703446399985296,42.804830221000046],[-0.23514888599993355,42.78622670500009],[-0.20835465499993688,42.78387542700004],[-0.16140661599990835,42.79534759600007],[-0.16362870299988685,42.77798431400005],[-0.14572281899992845,42.74589325000004],[-0.12311437999989039,42.7303644820001],[-0.11903194199987865,42.71685109500005],[-0.09575170899995555,42.71067576100005],[-0.07841426599995316,42.69667144800006],[-0.03893347199991126,42.68514760400002],[-0.004310262999922543,42.68752472000007],[0.07284265100014409,42.70847951300006],[0.1341825760001143,42.715223288000104],[0.16916752100013355,42.72646291100004],[0.2223942460000785,42.71620514000007],[0.23836226400004534,42.71036570300008],[0.25980798300014385,42.68238291400006],[0.2753884280000989,42.66868866000006],[0.2902454020000391,42.67029062900009],[0.3183057040000392,42.69953949000005],[0.33603072100007125,42.712691142000025],[0.35416914800009636,42.71749705000012],[0.3818160400001034,42.70010793100009],[0.38928328500011844,42.68514760400002],[0.4287899170000742,42.68302887000006],[0.46692711609352955,42.690444434563005],[0.4835152590000291,42.68530263300006],[0.6081588130001023,42.6879898080001],[0.6436088460001201,42.68447581000005],[0.6634258139501412,42.6962143508116],[0.6756490412702192,42.68868663228221],[0.6945626157720994,42.66235749010605],[0.7084118991897981,42.634193834377925],[0.7339917334317647,42.617269802159626],[0.7655143570019618,42.609905911328724],[0.7614835946921517,42.5693140727862],[0.7305810887462485,42.519730536335146],[0.730271030383733,42.50071360904582],[0.710892367888448,42.49637278927281],[0.7014355810871962,42.48433218008603],[0.7150781589298845,42.44314606413951],[0.7329065278140092,42.42686798796723],[0.7463940769250712,42.3905394557313],[0.7510966319040335,42.34795807580451],[0.744378696219826,42.30610016539032],[0.7417431978902869,42.26400971097934],[0.7194189796022101,42.226776842077584],[0.7034509617924414,42.16789154755685],[0.7088769871832028,42.152052720956306],[0.7031409034299259,42.12032339091172],[0.6843306817155508,42.089989325746785],[0.6685176944360478,42.04916494410685],[0.6548751156940398,42.02699575544972],[0.6559603213117953,42.0127847359268],[0.6424727722006764,41.992269191869696],[0.631258986213254,41.98911693050189],[0.6121903820804846,41.96867890081057],[0.5761719091063355,41.95126394307647],[0.5671802102984316,41.932737942202266],[0.5895561054298923,41.91857860042205],[0.5952921891831693,41.907416490378694],[0.5976176291502497,41.87439525004072],[0.5806677594095504,41.85553335238228],[0.5580334809603755,41.84517222801588],[0.542220492781496,41.82674957902981],[0.5066671078007516,41.81600088193511],[0.49659020337514903,41.808817857358235],[0.4731807803686934,41.77589996980771],[0.4542155290234291,41.76246409843935],[0.405949741287543,41.75295563389534],[0.36641727084037257,41.70996084191927],[0.3426461117286408,41.69347606107135],[0.32853844589254777,41.67740469047408],[0.3294686209800375,41.66174673102677],[0.34326622935299156,41.63720042645849],[0.3480721371194022,41.61516042721195],[0.36517703559172787,41.598339749579736],[0.4239848157466213,41.592913723289655],[0.44119306790577184,41.54614655232149],[0.41354617701443885,41.51617422146313],[0.4003686871651553,41.49653717744877],[0.36130130381212666,41.484599921049494],[0.3485372251128638,41.472094224768625],[0.3485372251128638,41.43323354788993],[0.3383052910563151,41.40589671536111],[0.3241976252202221,41.390161241548014],[0.3272982106439031,41.370110785484314],[0.3517411642233128,41.36254018817914],[0.37401370566794867,41.33892405869835],[0.3772693207225757,41.32140574817669],[0.35236128094834385,41.27921194097826],[0.3603711278252604,41.23283234273839],[0.3210970388972214,41.21391876913589],[0.3088497250347473,41.19929433936227],[0.2996513197525701,41.164877835044024],[0.2762418958467947,41.14999502195269],[0.25841352696266995,41.146429348535605],[0.2423938332088369,41.13203746185934],[0.22441043469382294,41.130177109885665],[0.2089075048774589,41.119609279944314],[0.20534183056099664,41.096871650506216],[0.2278210793792823,41.04317983737957],[0.2742265151415495,41.01889191343105],[0.28972944495791353,40.98246002930688],[0.28554365391647707,40.95930898692018],[0.260428907667972,40.92210195644009],[0.24957685688644915,40.888563951265326],[0.2579484389692652,40.85551687340495],[0.27190107607378877,40.829213568751186],[0.2619792012791322,40.807793687128935],[0.2273559913858776,40.77172353821072],[0.1727340022723638,40.747125555899686],[0.17304406063487932,40.730899156570786],[0.14498375769426275,40.722579251331354],[0.10710493274643795,40.72154572255704],[0.08152509940379105,40.71642975552879],[0.04504153843623726,40.69617259389008],[0.0295386077205535,40.69960907609794],[0.01816979300156163,40.72614492384912],[0.001581659366081567,40.72963308379974],[-0.04826026040268516,40.72717845352281],[-0.07448604979140327,40.7308474797274],[-0.11996130956680418,40.75327505080293],[-0.16579830634674408,40.77991425224093],[-0.19481462189730792,40.77598684271857],[-0.22341752809643367,40.745316880769394],[-0.22923112621549535,40.701030178499934],[-0.23408871082534688,40.69480316833153],[-0.3044978496960198,40.663254706339615],[-0.3458131577510244,40.67390005154613],[-0.3773099428995579,40.660154120016614],[-0.37459693020417717,40.61819285681486],[-0.32511674564131,40.604240221508974],[-0.2943692693263529,40.60576467489983],[-0.2985550603677325,40.57664500656176],[-0.29266394698356635,40.54850718835604],[-0.29669470929343333,40.507915350712835],[-0.2806233377968397,40.49985382699248],[-0.27263932934158674,40.48143117890578],[-0.27736772274221266,40.4718193633729],[-0.32369564503801485,40.45696238870323],[-0.3398962059451378,40.44269969323625],[-0.3354778709070274,40.427765204200796],[-0.30723670081312093,40.407921453712106],[-0.2890982726671609,40.389214586583876],[-0.29209550620265645,40.365520941837985],[-0.3316538150714905,40.345651353826895],[-0.35715613404835267,40.31774608051717],[-0.39092668321984547,40.29557689096072],[-0.3914176087356509,40.263925076181295],[-0.4058611722552996,40.25113515906031],[-0.4423188948011898,40.2377509627367],[-0.5011266749560832,40.23030955754001],[-0.5343804592907873,40.240412299488014],[-0.5518212554466118,40.228449205566335],[-0.5522863434400165,40.20028554893889],[-0.5678151107787244,40.16907298373121],[-0.5700371970589799,40.15351837797073],[-0.5831888493859196,40.13481150994323],[-0.6134195617633509,40.11390839315777],[-0.6195173807225274,40.099128932853944],[-0.6143497377502172,40.07174042438106],[-0.6838545390557442,40.044429430273965],[-0.7220434232654043,40.03988190402663],[-0.7466930806211849,40.04143219673847],[-0.7577001610335969,40.03461090826676],[-0.766175095903975,40.00939280923075],[-0.7907730782150111,39.99295970342757],[-0.8244402728003593,39.9814875350217],[-0.8356540587877817,39.96763825070468],[-0.8390905418950183,39.94583079725345],[-0.8325017974200364,39.91942413981218],[-0.8238201560753282,39.90632416432868],[-0.7974651763768179,39.88748810509196],[-0.7912898421524801,39.877540391875584],[-0.8469970359844297,39.85534536389741],[-0.878054571561222,39.85224477847373],[-0.9023941723531834,39.865396429901296],[-0.9043578762150446,39.89480031997874],[-0.9121093406735667,39.90640167869452],[-0.9047712873650084,39.93461701126603],[-0.9230647442425379,39.95598521604484],[-0.9724674144396204,39.97404612892569],[-1.0002693340625228,39.97921377189806],[-1.0534960600950853,39.97882619916976],[-1.1293829003006408,39.964046738865875],[-1.1454801093195783,39.97228912973952],[-1.1627141990010728,40.011459865880056],[-1.1390722310986234,40.0162140977024],[-1.0917107809278264,40.03455923142337],[-1.0756135728081517,40.052129217889046],[-1.0799543925811577,40.06577179573179],[-1.1258430653052187,40.09791453692634],[-1.1510611643412858,40.11005849890057],[-1.2150882634126106,40.11589793634067],[-1.2346736305835861,40.12295176880906],[-1.2461199605677393,40.144862575947116],[-1.2715189267570963,40.162716783252904],[-1.2945924538786358,40.20162913697504],[-1.314229498792372,40.19527293649679],[-1.3222910216133528,40.17904653626863],[-1.3184669657778727,40.16380198797134],[-1.3245389472146485,40.149280910985226],[-1.3641230936058832,40.139617417709644],[-1.3954648500228473,40.14008250570305],[-1.4485365464244637,40.14979767492275],[-1.438123745214682,40.171630967694966],[-1.444376592905428,40.19671987642113],[-1.4698013984158251,40.19297333405211],[-1.509437221650444,40.20116404898164],[-1.53346676318057,40.19522125875409],[-1.555093350377831,40.20540151596714],[-1.6600998598206615,40.283019517836465],[-1.6852404435916242,40.29332896625874],[-1.7190368311848374,40.289763291942336],[-1.7153419656592064,40.32141510672176],[-1.7206387998407422,40.33536774292696],[-1.7621349759484133,40.37828502143657],[-1.7792915512640661,40.39216014327599],[-1.8082561908705088,40.40203034122726],[-1.7825471663186931,40.42104726851659],[-1.750042689918189,40.45921031340521],[-1.7137141585815812,40.48021678297812],[-1.6997615223763773,40.49334259688334],[-1.6985988023928371,40.542383530975144],[-1.6827599757922371,40.57902212247296],[-1.6710552642890093,40.589279894051856],[-1.6368713039674958,40.5843447941769],[-1.6043151507236644,40.57062470106905],[-1.586745164257934,40.57059886354671],[-1.5617337707968773,40.58294953109595],[-1.5511917792771897,40.59509349217092],[-1.555222540687737,40.61416209630369],[-1.5486079568917148,40.64170563440746],[-1.5374458477476765,40.66299632392116],[-1.5396679349272517,40.69436391875985],[-1.557005378295571,40.72516307191819],[-1.5554034078410268,40.743947455210844],[-1.5387635973621627,40.77683950523897],[-1.544551357059504,40.81737966603873],[-1.5798205220994532,40.83854116524253],[-1.6010336981466367,40.85874665003786],[-1.614107835208415,40.88670360019097],[-1.6101545881637094,40.92773468740586],[-1.6218851380886576,40.946751613795925],[-1.656353319250286,40.97010936085832],[-1.6792718158416164,40.99075409612459],[-1.7328086002366945,41.02602326116454],[-1.767328457342444,41.0649872908308],[-1.8169119937934965,41.09697500329372],[-1.8504241596472752,41.111134345073935],[-1.89117102692137,41.13516388570474],[-1.9162340972258107,41.14301870385009],[-1.9448628400480175,41.16441274705062],[-1.9718637757926558,41.169942125228886],[-2.0532283191316196,41.15035675715859],[-2.0837432523492225,41.171879991568346],[-2.1382360502535107,41.181465969578824],[-2.1491397769791547,41.19394582833729],[-2.15133602483769,41.23128205002655],[-2.1592166814047573,41.26921255091844],[-2.1733501856625708,41.294585680484715],[-2.171877407316515,41.327761949554315],[-2.1662446763507432,41.34595205274502],[-2.1401480781713076,41.36269521691071],[-2.1279524402528978,41.37675120680274],[-2.1195808581700817,41.42367340830111],[-2.0997112701589913,41.442612820325394],[-2.0521172750922005,41.43499054617672],[-2.0409810043698826,41.424887804228774],[-2.0408259747389366,41.39473460531775],[-2.030619880003485,41.38543284814739],[-2.014057582991086,41.388068346476985],[-1.9798477851471716,41.40494070095258],[-1.9459480447664532,41.41553436931565],[-1.9528468494025901,41.457831529301586],[-1.9691249246755547,41.47979401328308],[-1.9787109026860321,41.50762177222697],[-1.9759203756248667,41.54265839327019],[-1.9882710431741089,41.59549754477587],[-1.9694608223590535,41.607719021115884],[-1.9235204736909282,41.60299062771526],[-1.8939615539825354,41.62944896110065],[-1.8747895979615805,41.6369420440401],[-1.8443521791097623,41.65686330799525],[-1.8249735166145342,41.65802602797879],[-1.807326015783019,41.670428372371475],[-1.788179897284465,41.70574921335549],[-1.785544398954869,41.71928843841067],[-1.8085404117106236,41.73750438092242],[-1.8189015360770213,41.75781321940451],[-1.8458507958775385,41.79073110605566],[-1.8177646554145213,41.83605133709949],[-1.8160334937507514,41.85168345812508],[-1.8368849345920921,41.874085190778885],[-1.8515868796308155,41.90615041850697],[-1.857736375433376,41.95480377897121],[-1.8445330471624288,41.98203725781315],[-1.8524137028301197,42.00120921473348],[-1.8238883118960985,41.99464630778084],[-1.7765785376693657,41.992992662281495],[-1.7594994776188173,41.98699819610982],[-1.7236101949545173,41.96059153956787],[-1.6946455553481314,41.953305162203435],[-1.657154303128607,41.96216766980211],[-1.6219368149320985,41.951238105554125],[-1.5963569806901319,41.930154119816734],[-1.555946011099536,41.91160228142013],[-1.5183255676708427,41.913410956550365],[-1.4832889466275674,41.92217011226086],[-1.419287685977963,41.90886343030303],[-1.3831400208952687,41.943693345771294],[-1.3611775369138286,41.983768419476974],[-1.3159606586575023,42.037150174241106],[-1.3124466620838007,42.054280911135095],[-1.3239188295902977,42.06725169540937],[-1.3506613829164849,42.07272939674425],[-1.3734248516755656,42.10469127078551],[-1.3942246156734655,42.12758392985444],[-1.3966275700063875,42.17796845108313],[-1.415437790821386,42.20489187336125],[-1.4164196436516363,42.2205756703309],[-1.4048957993016984,42.24426931417747],[-1.3840185209380138,42.300415758480426],[-1.3641230936058832,42.32315338791847],[-1.3344866604310255,42.34987010372231],[-1.3334014548133268,42.36413279918929],[-1.3503771629756898,42.38679291426155],[-1.3419539049487526,42.4148273787805],[-1.3206632154350473,42.44092397695994],[-1.2944115867253458,42.45983755146182],[-1.2726816467406366,42.48763947198404],[-1.2845155503523529,42.51657827406808],[-1.278159348974782,42.532029527041004],[-1.2574112609209465,42.553216865565844],[-1.22803321016454,42.549392808831044],[-1.205347255771244,42.558100286798776],[-1.1849609029233648,42.58455862108349],[-1.1605437886649383,42.596082465433426],[-1.1450150213261736,42.64137685805554],[-1.0852253892403496,42.64700958902131],[-1.055485602378667,42.64535594352196],[-1.0444526844438542,42.64995514571336],[-1.0343757800182516,42.68307973883884],[-1.024634772376828,42.69612803837822],[-0.9771182925751418,42.7057140163887],[-0.9517451639081855,42.716695258379445],[-0.9249767721603348,42.735582994459605],[-0.9043578762150446,42.74255931346153],[-0.8964255437039128,42.755013332898955],[-0.8670216536264093,42.76994782193441],[-0.8569447492008067,42.78689769077579],[-0.8462218896285094,42.849477850822154],[-0.8191951163615272,42.876091213838436],[-0.8062243311879342,42.90435822235406],[-0.7714460916637904,42.91836253540265],[-0.7450319629998887,42.91872722699999]],[[-1.1639285949287341,42.44087230101587],[-1.1945210434114415,42.42433584242514],[-1.1903869283141262,42.40283844643716],[-1.1763309393214172,42.40366527053578],[-1.1581408352313929,42.42598948792448],[-1.1639285949287341,42.44087230101587]],[[-1.1060509907606502,42.48304026979258],[-1.1242410957499942,42.473118394098606],[-1.1341629714439705,42.44666006251185],[-1.123414272550633,42.44004547781651],[-1.0754585431772625,42.432604071720505],[-1.0671903138818948,42.44583323841317],[-1.0944754695672714,42.46319651930389],[-1.1060509907606502,42.48304026979258]]]},"properties":{"name":"Aragón"}},{"type":"Feature","geometry":{"type":"MultiPolygon","coordinates":[[[[0.6634258139501412,42.6962143508116],[0.6664498290000438,42.71475820000008],[0.6476396080001336,42.7410356650001],[0.6334802650000881,42.744782206000124],[0.6507401940000648,42.76338572300007],[0.6396814370001493,42.77467702300005],[0.6537374270000953,42.802685649000054],[0.6563212480000971,42.83841990200007],[0.6793689370000493,42.84511200000007],[0.7243274330000702,42.845292867000026],[0.7763139240000783,42.832451274000036],[0.8129008380001324,42.831624451000025],[0.8561023360000775,42.8127625530001],[0.885764608000045,42.80423594200009],[0.9211112870001159,42.784366354000085],[0.9400248620000866,42.79366811200002],[0.9587317300000677,42.79371978800002],[0.9829163000001131,42.7803614300001],[1.0681824140000913,42.776123963000046],[1.0890596920001485,42.77131805400005],[1.1067330320000792,42.759613343000055],[1.1343282470000702,42.7159725960001],[1.1625435790000438,42.705688986],[1.1959265540000956,42.71364715600008],[1.319123169000079,42.71336293600008],[1.3425842690000422,42.708660381000115],[1.3382434490000605,42.69444936100005],[1.3610844320000695,42.68672373500006],[1.3979814040000917,42.64362559000004],[1.414827921000068,42.60933827700002],[1.4292973220001102,42.59538564100005],[1.4180318600000419,42.56983164500009],[1.4263000900000975,42.561795960000026],[1.4097636310000894,42.54060862200005],[1.4465572510000868,42.51988637400002],[1.449967895000043,42.50407338400002],[1.4075932210000985,42.48676178000004],[1.4364286700000548,42.453482158000085],[1.4479008380000664,42.43464609800007],[1.5084656170001267,42.42867747000004],[1.5282060140000908,42.434232686000044],[1.5444324140000845,42.45035573400013],[1.6074776610001322,42.45642771400007],[1.6395170490001192,42.466427104000005],[1.6503691000000913,42.49340220200013],[1.6742436110000654,42.490508321000036],[1.6974980060000746,42.49446156900011],[1.730570923000073,42.488053691000076],[1.7926859950000562,42.48172332800006],[1.8136666260000425,42.475237936],[1.8697872320001068,42.446790060000055],[1.9274581290000583,42.43689402300008],[1.9411007080000786,42.420099182000016],[1.9542265220000559,42.382685445000035],[1.9637349850001158,42.367234192000055],[1.9956710200000884,42.348682353000086],[2.05168827300011,42.35235138000009],[2.1039848230001326,42.38483001700003],[2.121038045000148,42.410616557000125],[2.136954386000099,42.41622345000006],[2.184186645000125,42.411805115000064],[2.2459916590001114,42.42611948700004],[2.277410930000144,42.428625794000126],[2.3173051350000833,42.409608867000046],[2.3754927980000957,42.38932586700004],[2.4225183510000647,42.38369313600002],[2.429856404000077,42.367544251000126],[2.4648930250000944,42.34062082900003],[2.503650350000015,42.32845103000001],[2.5252510980000977,42.32589304700009],[2.5480920810001066,42.35224802700007],[2.56741906700006,42.352635600000085],[2.613411092000149,42.3409567260001],[2.662193644000098,42.33901886100007],[2.640282837000143,42.372841085000076],[2.6482410070001094,42.3814710490001],[2.6904089760000716,42.406172384000016],[2.72854618300002,42.41402720200007],[2.7677169190000654,42.40955719100005],[2.8046138920001056,42.41955658000005],[2.8508126220001486,42.44836619100009],[2.9008354090001376,42.45126007100008],[2.933701619000061,42.47022532200002],[2.966051066000148,42.46100107900013],[2.983104289000096,42.46932098399999],[3.0296130770001355,42.46565195699999],[3.04387577300011,42.445265605000046],[3.0655798740000932,42.432010600000055],[3.1116752520001114,42.425008444000056],[3.1809696568046983,42.43148414767083],[3.170176629000082,42.396592515000066],[3.1744897800000444,42.363796291000085],[3.204193556000064,42.33958567900004],[3.249847852000073,42.34320709800005],[3.2630314460000704,42.32920970300006],[3.2806095710000704,42.33685944200005],[3.3177189460000704,42.32298411700003],[3.294037306000064,42.28803131700005],[3.2870386080000458,42.262925523000035],[3.2630314460000704,42.23985423400006],[3.247162306000064,42.24571360900006],[3.210134311000047,42.23973216400009],[3.178721550000091,42.249701239000046],[3.170176629000082,42.25967031500005],[3.151621941000087,42.25682200700004],[3.1303003260000537,42.23973216400009],[3.1188257170000497,42.21832916900007],[3.116465691000087,42.15843333500004],[3.1224878260000537,42.14048899900007],[3.1386011080000458,42.12763092700004],[3.173106316000087,42.11200592700004],[3.2144956930000603,42.06833384600009],[3.213009237000051,42.05598607700006],[3.1958961470000418,42.03311787200005],[3.207855665000068,41.99001699400009],[3.2356876960000704,41.96552155200004],[3.23218834700009,41.94603099200003],[3.2074487640000484,41.91392649900007],[3.1949162120000665,41.88829173400006],[3.1501653770000644,41.845350970000084],[3.1168293320000657,41.84756921200005],[3.078630960000055,41.826618274000054],[3.069057555000086,41.79907611200008],[3.0403410370000756,41.78689001300006],[2.95093834700009,41.73427969000005],[2.9329908510000564,41.71246437600007],[2.8510848320000832,41.69717031500005],[2.820160352000073,41.68195221600007],[2.8131616550000444,41.67031484600005],[2.792002800000091,41.66901276200008],[2.7784965775550177,41.64558226081266],[2.6518660820000832,41.60529205900008],[2.449473504000082,41.535223700000074],[2.428965691000087,41.51894765800006],[2.371348504000082,41.48920319200005],[2.296722852000073,41.46531810100004],[2.26734459700009,41.44863515800006],[2.2404077480000524,41.42096588700008],[2.1919051440000885,41.356756903000075],[2.163259311000047,41.32664622600004],[2.1305444670000497,41.30365631700005],[2.06031334700009,41.274603583000044],[2.0197046230000524,41.26585521000004],[1.9513452480000524,41.26068756700005],[1.8841251960000704,41.24750397300005],[1.8540145190000885,41.235988674000055],[1.8198348320000832,41.23712799700007],[1.6243595707375675,41.19216543238878],[1.5392358730000524,41.18744538000004],[1.2880965500000912,41.11627838700008],[1.2177840500000912,41.104681708000044],[1.2100529310000638,41.09988027600008],[1.1836043630000859,41.062567450000074],[1.1729435560000638,41.058661200000074],[1.1416935560000638,41.07172272300005],[1.0976668630000859,41.07086823100008],[1.0556746750000912,41.064886786000045],[0.9904077480000524,41.03969961100006],[0.8774520190000885,40.954779364000046],[0.8227645190000885,40.899603583000044],[0.7142033210000704,40.81521230700008],[0.6948348320000832,40.785996812000064],[0.7501733730000524,40.76557038000004],[0.7623804050000444,40.766058661000045],[0.7669376960000704,40.78502024900007],[0.7920028000000912,40.771185614000046],[0.8159285820000832,40.74839915600006],[0.8418074880000859,40.732123114000046],[0.8737085300000444,40.72793203300006],[0.8724064460000704,40.707098700000074],[0.8483179050000444,40.67536041900007],[0.7840275400000678,40.66095612200007],[0.7563582690000885,40.642238674000055],[0.7070418630000859,40.58340078300006],[0.6770939460000704,40.56517161700009],[0.6479598320000832,40.55691152600008],[0.6158960300000444,40.55345286700009],[0.5924585300000444,40.582098700000074],[0.6406356130000859,40.58685944200005],[0.6631779310000638,40.574733791000085],[0.6962182950000511,40.590358791000085],[0.7326766290000819,40.63373444200005],[0.6822208990000718,40.63422272300005],[0.5997827480000524,40.613714911000045],[0.5801701180000691,40.60366445500006],[0.5485132170000497,40.572333075000074],[0.5237595920331638,40.526163029399385],[0.45607588099710483,40.549204820346176],[0.43685224813270906,40.5774459913394],[0.41840376072497065,40.5908301867637],[0.3875012547790675,40.60374929509385],[0.31660119039258916,40.622585354330624],[0.29314008964342975,40.63214549391938],[0.2762418958467947,40.65431468437515],[0.2877140642526683,40.683821926340784],[0.2656999043271071,40.69787791623281],[0.24378909718905106,40.70304555920518],[0.2192944676655202,40.730537421364886],[0.1989856300827455,40.72717845352281],[0.17304406063487932,40.730899156570786],[0.1727340022723638,40.747125555899686],[0.2273559913858776,40.77172353821072],[0.2619792012791322,40.807793687128935],[0.27190107607378877,40.829213568751186],[0.2579484389692652,40.85551687340495],[0.24957685688644915,40.888563951265326],[0.260428907667972,40.92210195644009],[0.28554365391647707,40.95930898692018],[0.28972944495791353,40.98246002930688],[0.2742265151415495,41.01889191343105],[0.2278210793792823,41.04317983737957],[0.20534183056099664,41.096871650506216],[0.2089075048774589,41.119609279944314],[0.22441043469382294,41.130177109885665],[0.2423938332088369,41.13203746185934],[0.25841352696266995,41.146429348535605],[0.2762418958467947,41.14999502195269],[0.2996513197525701,41.164877835044024],[0.3088497250347473,41.19929433936227],[0.3210970388972214,41.21391876913589],[0.3603711278252604,41.23283234273839],[0.35236128094834385,41.27921194097826],[0.3772693207225757,41.32140574817669],[0.37401370566794867,41.33892405869835],[0.3517411642233128,41.36254018817914],[0.3272982106439031,41.370110785484314],[0.3241976252202221,41.390161241548014],[0.3383052910563151,41.40589671536111],[0.3485372251128638,41.43323354788993],[0.3485372251128638,41.472094224768625],[0.36130130381212666,41.484599921049494],[0.4003686871651553,41.49653717744877],[0.41354617701443885,41.51617422146313],[0.44119306790577184,41.54614655232149],[0.4239848157466213,41.592913723289655],[0.36517703559172787,41.598339749579736],[0.3480721371194022,41.61516042721195],[0.34326622935299156,41.63720042645849],[0.3294686209800375,41.66174673102677],[0.32853844589254777,41.67740469047408],[0.3426461117286408,41.69347606107135],[0.36641727084037257,41.70996084191927],[0.405949741287543,41.75295563389534],[0.4542155290234291,41.76246409843935],[0.4731807803686934,41.77589996980771],[0.49659020337514903,41.808817857358235],[0.5066671078007516,41.81600088193511],[0.542220492781496,41.82674957902981],[0.5580334809603755,41.84517222801588],[0.5806677594095504,41.85553335238228],[0.5976176291502497,41.87439525004072],[0.5952921891831693,41.907416490378694],[0.5895561054298923,41.91857860042205],[0.5671802102984316,41.932737942202266],[0.5761719091063355,41.95126394307647],[0.6121903820804846,41.96867890081057],[0.631258986213254,41.98911693050189],[0.6424727722006764,41.992269191869696],[0.6559603213117953,42.0127847359268],[0.6548751156940398,42.02699575544972],[0.6685176944360478,42.04916494410685],[0.6843306817155508,42.089989325746785],[0.7031409034299259,42.12032339091172],[0.7088769871832028,42.152052720956306],[0.7034509617924414,42.16789154755685],[0.7194189796022101,42.226776842077584],[0.7417431978902869,42.26400971097934],[0.744378696219826,42.30610016539032],[0.7510966319040335,42.34795807580451],[0.7463940769250712,42.3905394557313],[0.7329065278140092,42.42686798796723],[0.7150781589298845,42.44314606413951],[0.7014355810871962,42.48433218008603],[0.710892367888448,42.49637278927281],[0.730271030383733,42.50071360904582],[0.7305810887462485,42.519730536335146],[0.7614835946921517,42.5693140727862],[0.7655143570019618,42.609905911328724],[0.7339917334317647,42.617269802159626],[0.7084118991897981,42.634193834377925],[0.6945626157720994,42.66235749010605],[0.6756490412702192,42.68868663228221],[0.6634258139501412,42.6962143508116]]],[[[1.983372030000055,42.44126068100006],[1.9475085850001221,42.45123423300008],[1.9456482330000995,42.46381744500009],[1.9566036380000753,42.481775005000074],[1.9679724530000726,42.48570241300003],[1.9994950760001302,42.44389618000007],[1.983372030000055,42.44126068100006]]]]},"properties":{"name":"Cataluña"}},{"type":"Feature","geometry":{"type":"Polygon","coordinates":[[[-6.8745090921208885,40.27918816670052],[-6.844253708641759,40.25578603809515],[-6.824513311839894,40.2463550888163],[-6.785135871023613,40.248706367205045],[-6.758780890425783,40.244830634526124],[-6.717646450423331,40.258938300362274],[-6.68857845713012,40.2497398950801],[-6.655040451955301,40.262038885785955],[-6.585148077921474,40.27198659900233],[-6.556105923049927,40.287101956090396],[-6.552772792730195,40.30084788672059],[-6.557966274124283,40.321570136352705],[-6.546881680245349,40.33363658306183],[-6.515539923828442,40.35242096635449],[-6.442262742631499,40.37593374304777],[-6.421307949002653,40.39340037672599],[-6.3627327128444335,40.410401923310076],[-6.349503547051086,40.4306074081054],[-6.323148565553879,40.44631704439604],[-6.280205451320512,40.45598053587298],[-6.236693895406972,40.47944163752152],[-6.206669887705175,40.47755544712618],[-6.172899339433002,40.460915635747995],[-6.146518521312714,40.4413044301553],[-6.1179672919569725,40.43381134721585],[-6.115822720042502,40.4212539740916],[-6.074610764775002,40.40474335392264],[-6.069107225018456,40.39629425747398],[-6.086625534640746,40.365081692266244],[-6.080036790165764,40.34839020404468],[-6.023011846719385,40.327771308099386],[-5.98761349136953,40.303225003531054],[-5.925550096160009,40.281495063546345],[-5.903690964966074,40.28425975218579],[-5.881805996249739,40.31748769809877],[-5.867620815148484,40.32492910419478],[-5.794989589997613,40.34182729799136],[-5.781579556151598,40.32335297306122],[-5.79181148930877,40.29604197895412],[-5.783646612800965,40.286145942581186],[-5.762433437653044,40.28441478091736],[-5.727732713394005,40.29397492140549],[-5.686908331754125,40.281495063546345],[-5.62704118530246,40.24400381132682],[-5.603812629449294,40.219405829015784],[-5.577741868792202,40.20777863187834],[-5.539811367000993,40.197443345933664],[-5.500718146125564,40.19837352102115],[-5.478135545419093,40.204212958461255],[-5.423591070671364,40.243125312183395],[-5.373077358233502,40.2544166125366],[-5.350029670432946,40.245450751251155],[-5.364705776150686,40.20969065979608],[-5.3615018379395,40.164835516745654],[-5.327963832764681,40.11589793634067],[-5.357626105260579,40.105330105499945],[-5.370390183959842,40.068329779695546],[-5.368891567192065,40.048666897259466],[-5.3741108870078165,39.99482005540119],[-5.391009079905132,39.92040599174311],[-5.3861514961946,39.881028550926885],[-5.33023759588832,39.8889350450163],[-5.306027188104281,39.87955577258083],[-5.2893098623602555,39.861701565274984],[-5.292100389421421,39.84836904579481],[-5.307758347969411,39.82692332575084],[-5.316930914829868,39.77188792638668],[-5.308120083175311,39.75829702448806],[-5.260267706589389,39.75225088237232],[-5.24892473029206,39.75736684850125],[-5.229106818225091,39.77932933248269],[-5.2087463037988755,39.79273936632865],[-5.182339647256924,39.79692515737008],[-5.168128627734006,39.79289439595959],[-5.1592402817136644,39.77178457269986],[-5.1653639390945045,39.74718659128814],[-5.141721971191998,39.72031484585341],[-5.1504811260031715,39.68411550572597],[-5.151824714039321,39.663005683365554],[-5.160997280000458,39.643213608820986],[-5.197610033076558,39.599650376963325],[-5.196447313093017,39.587661445519245],[-5.159395311344554,39.563941962351635],[-5.122627528637565,39.52720001896569],[-5.079245163933194,39.49283519149088],[-5.039247606391939,39.47810740803044],[-5.024623174819681,39.459297187215384],[-4.971422288108101,39.40973948828673],[-4.944369676419456,39.39191111940261],[-4.880135870873744,39.36687388841921],[-4.813679979047777,39.39237620739601],[-4.767016159967795,39.404649360579526],[-4.752960170975143,39.41816274721299],[-4.7035575016773805,39.43841990795238],[-4.692731289317578,39.44981456199241],[-4.677874314647909,39.41759430643208],[-4.68136247369921,39.400127671854534],[-4.696064418737933,39.378371894347424],[-4.710947230929946,39.34413625718253],[-4.730274216581847,39.32953766493125],[-4.756758389288223,39.316515203813594],[-4.753554450177717,39.297394923736704],[-4.734615037254173,39.26096304051191],[-4.710611335045087,39.22530630094502],[-4.670432908551902,39.1909931503136],[-4.676117316361058,39.175619411706464],[-4.727328659889736,39.19649669007015],[-4.74476945604556,39.19882213003723],[-4.7810979882815445,39.195127265410974],[-4.806781175311016,39.198796292514885],[-4.847037116169986,39.1654908313368],[-4.855563726984428,39.14784332870664],[-4.867397629696882,39.10614044882266],[-4.863986985910685,39.081619980877406],[-4.840241665220674,39.06862335908073],[-4.834712287042407,39.0475910510861],[-4.877293666969138,39.03260488520726],[-4.937806768567498,39.053068753320304],[-4.954136521583223,39.045575670380856],[-4.944317999576015,39.00966054929489],[-4.931269700935957,39.0001262481278],[-4.92803992430305,38.97746613215622],[-4.913828904780132,38.95968943921622],[-4.873211228715263,38.94894074212152],[-4.846649543441686,38.94596934700775],[-4.836314255698369,38.92852855085192],[-4.8457193665555565,38.89204498988437],[-4.858586798941644,38.8861538765002],[-4.886337042620426,38.88909943319226],[-4.912898728793323,38.88227814382128],[-4.9273422923129715,38.8703150498996],[-4.947521937787201,38.839360867110315],[-4.971654832104832,38.76915843381465],[-4.981370002223855,38.74959890416608],[-4.997854783971093,38.735827135114164],[-5.0365862696406225,38.72841156743988],[-5.079865281557488,38.71941986773271],[-5.159446987288618,38.717947089386655],[-5.173037889187242,38.70820608174523],[-5.167250128590581,38.69342662234072],[-5.1808151920674845,38.66603811296852],[-5.210064053413362,38.6590359564442],[-5.2557718571854934,38.6343862981891],[-5.288147142376715,38.612527166995164],[-5.306828171982545,38.58550039282886],[-5.362406174605269,38.58387258575124],[-5.379898646705215,38.57144440383615],[-5.400310837974814,38.54912018554808],[-5.419637823626658,38.51584056189239],[-5.464906378726425,38.48907217104386],[-5.480848558114474,38.46920258213345],[-5.549293993123285,38.440806383307915],[-5.569370285810066,38.42532929101395],[-5.575804001553422,38.394323432280544],[-5.561024543048234,38.377347724118124],[-5.56712236200741,38.33629079848157],[-5.550275845054216,38.32081370708687],[-5.521337042970174,38.26676015875432],[-5.517306280660307,38.22288686853415],[-5.52684058272672,38.20190623648358],[-5.538209398345089,38.16237376603647],[-5.5810491597908936,38.13508860945177],[-5.623449672564334,38.136897284582005],[-5.642828335059619,38.1268203801564],[-5.671431240359482,38.10400523545326],[-5.693574590594892,38.09126699517566],[-5.710886196440811,38.088683172790184],[-5.72824947823085,38.095401109373654],[-5.734088913872313,38.12968842248267],[-5.696029221771198,38.14849864419705],[-5.697992925633002,38.16591360103183],[-5.7275260078189945,38.18831533548433],[-5.7403934393057625,38.19020152408103],[-5.807211066337629,38.18304433882514],[-5.837080044408538,38.174259344692985],[-5.8745196188853015,38.14007538527079],[-5.900590378643074,38.12764720335571],[-5.915395677368622,38.1140821398788],[-5.922759569098844,38.0927914503651],[-5.910667283967996,38.073490302235655],[-5.913690355025892,38.059589341974515],[-5.93076941597576,38.042045193031186],[-5.941078864398094,38.01827403391951],[-5.952111782332906,38.0079904239189],[-5.9759862942320865,37.99863698990515],[-6.114091559278052,37.97858653384145],[-6.138922084686442,37.96830292384084],[-6.1832604637993995,37.938976549028496],[-6.200287847905884,37.95197317172449],[-6.33087419338932,37.994606228494604],[-6.3562731586793575,38.0000064154637],[-6.372422043642416,38.031167303828],[-6.413065558129006,38.05369822948967],[-6.434304571698647,38.05721222606337],[-6.4495749584176,38.05139862704499],[-6.484792445714788,38.016387844423434],[-6.523911505911258,38.02129710497741],[-6.571712204754476,38.02385508894116],[-6.584398769987274,38.05682465333507],[-6.617342495060086,38.08677114487244],[-6.6446276507455195,38.09374746387431],[-6.677442186407802,38.096021226998005],[-6.701523402982673,38.092946479096724],[-6.748833177209349,38.09364411108686],[-6.81035397005968,38.11302277358209],[-6.81190426277152,38.12576101296037],[-6.795548672233451,38.15144419998984],[-6.797899949722932,38.172941595977875],[-6.933808966010986,38.2092959657362],[-6.950575759999879,38.19838588800006],[-6.9641955169999505,38.20614451100006],[-7.026413939999969,38.19963328100009],[-7.038712930999907,38.18622324600004],[-7.063052530999926,38.17754160600008],[-7.103515176999906,38.17358835900011],[-7.126872924999873,38.190899964000025],[-7.1671805419998975,38.27208363900006],[-7.196326049999925,38.292159933000036],[-7.211363891999923,38.31753306100002],[-7.317145547999871,38.424580791],[-7.359210163999876,38.446362407000024],[-7.335180623999861,38.46943593400009],[-7.334095417999947,38.48101145500003],[-7.3456192629998895,38.4941372680001],[-7.335800740999929,38.50586781900007],[-7.3177139889999125,38.556252340000086],[-7.275856079999926,38.6038204960001],[-7.273530639999905,38.62539540600007],[-7.290945596999933,38.63815948500003],[-7.290945596999933,38.67908721900004],[-7.284072631999976,38.71324534100005],[-7.27043005399986,38.737507427000125],[-7.211518920999964,38.775360413],[-7.179737914999919,38.79088918000012],[-7.15100581899992,38.81928538000004],[-7.104858764999988,38.827191874000086],[-7.08868404099988,38.83336720900006],[-7.056076212999926,38.855148824000096],[-7.052200479999954,38.88499196400009],[-7.066049764999917,38.90460317000013],[-7.044500691999872,38.91863332100003],[-7.02212479699989,38.942869568000035],[-6.973290567999925,39.013950501000025],[-6.986313028999859,39.0300735470001],[-6.9793883869998865,39.047178447000064],[-6.985692911999905,39.06676381500007],[-6.99969722599991,39.08469553600007],[-7.038816283999921,39.1091384890001],[-7.06491288299992,39.11477122000012],[-7.091267862999899,39.11244578100009],[-7.127286336999873,39.09748545300003],[-7.14253088399991,39.099526673000085],[-7.1674906009998836,39.11347931000007],[-7.168885864999879,39.12185089200004],[-7.155811726999929,39.15151316300002],[-7.168059040999935,39.170633443],[-7.219322062999879,39.18484446200007],[-7.244126749999907,39.1956448370001],[-7.258079386999896,39.211302795000066],[-7.265779174999892,39.23135325200009],[-7.264332233999909,39.252333883000105],[-7.250844686233279,39.27062733958002],[-7.326654011999949,39.34132069900009],[-7.331925008999889,39.38472890200008],[-7.31885087099991,39.41325429300012],[-7.3135281979998865,39.457437643000034],[-7.320917927999886,39.467411194000036],[-7.362930866999903,39.4760928350001],[-7.399414428999904,39.493662821000086],[-7.417552856999947,39.52420359300008],[-7.451349242999925,39.53784617200007],[-7.468092406999887,39.550248515000064],[-7.497858032999943,39.58104766800001],[-7.515841430999927,39.59376007100006],[-7.5572859299998925,39.679801331000064],[-7.341433470999959,39.671843159999995],[-7.292754272999929,39.683315329000024],[-7.252860066999887,39.68233347600004],[-7.235755167999855,39.686519267000065],[-7.214051065999854,39.67618398100008],[-7.182890177999894,39.67509877500008],[-7.035767373999903,39.68925811800001],[-7.021142944999923,39.69401235000002],[-7.009619099999895,39.715458069000036],[-7.013339802999923,39.7389191700001],[-6.993030964999889,39.77421417300009],[-7.0002656649998585,39.802532858000106],[-6.985227824999868,39.821136373000044],[-6.9528267009998785,39.832866924000044],[-6.927660278999923,39.86190907800004],[-6.924249633999892,39.871572571000044],[-6.922285928999884,39.92242218000008],[-6.909521850999909,39.93198232100006],[-6.896912800999871,39.98712107400006],[-6.879704548999911,40.009186910000054],[-6.919908812999921,40.06489410400009],[-6.955720581999856,40.10292795900001],[-6.977166300999983,40.11341827400007],[-7.015768594999884,40.11905100500009],[-7.0276541749998955,40.13264190700009],[-7.034837198999867,40.166748352000056],[-7.043105428999894,40.18137278300013],[-7.024760294999908,40.21620269800009],[-6.954687052999873,40.2533580530001],[-6.896447712999958,40.255476786000074],[-6.878050903999849,40.26524363200012],[-6.8745090921208885,40.27918816670052]]]},"properties":{"name":"Extremadura"}},{"type":"Feature","geometry":{"type":"Polygon","coordinates":[[[-6.950575759999879,38.19838588800006],[-6.933808966010986,38.2092959657362],[-6.797899949722932,38.172941595977875],[-6.795548672233451,38.15144419998984],[-6.81190426277152,38.12576101296037],[-6.81035397005968,38.11302277358209],[-6.748833177209349,38.09364411108686],[-6.701523402982673,38.092946479096724],[-6.677442186407802,38.096021226998005],[-6.6446276507455195,38.09374746387431],[-6.617342495060086,38.08677114487244],[-6.584398769987274,38.05682465333507],[-6.571712204754476,38.02385508894116],[-6.523911505911258,38.02129710497741],[-6.484792445714788,38.016387844423434],[-6.4495749584176,38.05139862704499],[-6.434304571698647,38.05721222606337],[-6.413065558129006,38.05369822948967],[-6.372422043642416,38.031167303828],[-6.3562731586793575,38.0000064154637],[-6.33087419338932,37.994606228494604],[-6.200287847905884,37.95197317172449],[-6.1832604637993995,37.938976549028496],[-6.138922084686442,37.96830292384084],[-6.114091559278052,37.97858653384145],[-5.9759862942320865,37.99863698990515],[-5.952111782332906,38.0079904239189],[-5.941078864398094,38.01827403391951],[-5.93076941597576,38.042045193031186],[-5.913690355025892,38.059589341974515],[-5.910667283967996,38.073490302235655],[-5.922759569098844,38.0927914503651],[-5.915395677368622,38.1140821398788],[-5.900590378643074,38.12764720335571],[-5.8745196188853015,38.14007538527079],[-5.837080044408538,38.174259344692985],[-5.807211066337629,38.18304433882514],[-5.7403934393057625,38.19020152408103],[-5.7275260078189945,38.18831533548433],[-5.697992925633002,38.16591360103183],[-5.696029221771198,38.14849864419705],[-5.734088913872313,38.12968842248267],[-5.72824947823085,38.095401109373654],[-5.710886196440811,38.088683172790184],[-5.693574590594892,38.09126699517566],[-5.671431240359482,38.10400523545326],[-5.642828335059619,38.1268203801564],[-5.623449672564334,38.136897284582005],[-5.5810491597908936,38.13508860945177],[-5.538209398345089,38.16237376603647],[-5.52684058272672,38.20190623648358],[-5.517306280660307,38.22288686853415],[-5.521337042970174,38.26676015875432],[-5.550275845054216,38.32081370708687],[-5.56712236200741,38.33629079848157],[-5.561024543048234,38.377347724118124],[-5.575804001553422,38.394323432280544],[-5.569370285810066,38.42532929101395],[-5.549293993123285,38.440806383307915],[-5.480848558114474,38.46920258213345],[-5.464906378726425,38.48907217104386],[-5.419637823626658,38.51584056189239],[-5.400310837974814,38.54912018554808],[-5.379898646705215,38.57144440383615],[-5.362406174605269,38.58387258575124],[-5.306828171982545,38.58550039282886],[-5.288147142376715,38.612527166995164],[-5.2557718571854934,38.6343862981891],[-5.210064053413362,38.6590359564442],[-5.1808151920674845,38.66603811296852],[-5.167250128590581,38.69342662234072],[-5.173037889187242,38.70820608174523],[-5.159446987288618,38.717947089386655],[-5.079865281557488,38.71941986773271],[-5.0365862696406225,38.72841156743988],[-4.979199590988344,38.694382635849934],[-4.94597164597468,38.68373729154274],[-4.8830297507224145,38.68523590831052],[-4.869723069663962,38.67386709179283],[-4.865899013828425,38.63500641491407],[-4.849285040871962,38.614852606962245],[-4.828485276874062,38.604052232124786],[-4.768979864728976,38.594388739748524],[-4.727974615935807,38.579764309075586],[-4.703970912827401,38.559352117805986],[-4.6680041157973164,38.54508942323827],[-4.632734950757367,38.52354035130617],[-4.610488246835132,38.49697866513327],[-4.570439011551173,38.48674673107678],[-4.517057256786984,38.45550832834664],[-4.488893601958182,38.43196971323164],[-4.469514940362217,38.40954214125679],[-4.449748704239312,38.39595124025749],[-4.405694545966526,38.379569811297756],[-4.366317105150301,38.37117238989384],[-4.301799078764475,38.35011424437687],[-4.275495775010029,38.35091522915445],[-4.274849818963958,38.38799306932469],[-4.264979621012685,38.40142894069305],[-4.215525274871538,38.40122223601736],[-4.177594773979649,38.39057689081085],[-3.8937361313174392,38.381611030424665],[-3.859939743724226,38.38595185019773],[-3.8396825829848353,38.392618109937814],[-3.823094447550716,38.415200711543605],[-3.7941556463659936,38.42607859984747],[-3.767051356934587,38.42654368694156],[-3.740980597176815,38.41814626733634],[-3.7174678213828543,38.422099514381046],[-3.6921722070816827,38.41346954987978],[-3.6198510402932698,38.40142894069305],[-3.5887418278730934,38.40768179018244],[-3.5767528964290136,38.443493557581576],[-3.543835007979226,38.44881623018483],[-3.530399135711548,38.42339142557381],[-3.5190819969366203,38.41334035956993],[-3.4695759748513524,38.40447785107193],[-3.445210537436367,38.406493231777176],[-3.3959370593478297,38.42644033505337],[-3.37666174964005,38.44475963035262],[-3.361882290235542,38.47325918196566],[-3.3457850812165475,38.47979625139584],[-3.3074153298535975,38.481889146466926],[-3.277933926309686,38.4716572133097],[-3.240287645358535,38.463724880798566],[-3.170834519997129,38.4609601912598],[-3.1373481916656942,38.45279531475194],[-3.1135253557105784,38.457549547473604],[-3.069703742333843,38.48271596876691],[-3.046345994372132,38.47292328518142],[-3.009371506989453,38.434450181930345],[-2.9970725162835947,38.433054917950074],[-2.992731695611269,38.451968492451954],[-2.9507962708312334,38.474473577893264],[-2.923459438302473,38.47633392986694],[-2.8789918679803463,38.4605984560539],[-2.8448854229239373,38.48343943917877],[-2.790857713013054,38.50705556955887],[-2.7560277984441655,38.533126329316644],[-2.718536546224641,38.51429027007987],[-2.675205858363654,38.50023428018784],[-2.6428047347507118,38.50927765583913],[-2.598750575578606,38.50994944940754],[-2.5719046703642334,38.500544339449675],[-2.5700443183906145,38.46271719044597],[-2.574023402957664,38.43455353381853],[-2.55717688600447,38.41445140181071],[-2.488731451894978,38.39874176731871],[-2.4881888486364687,38.37884633998658],[-2.4791971498286216,38.341923530346605],[-2.4775693418516767,38.30812714275339],[-2.4711097876865438,38.298179430436335],[-2.440052253009071,38.282754014985755],[-2.4302595694235833,38.25880198782147],[-2.4372875625709867,38.23314464011304],[-2.4488630837643086,38.222266750909796],[-2.4448064839320978,38.18818614427511],[-2.506482306413318,38.12529592496696],[-2.521933560285561,38.10506460174997],[-2.547384202419039,38.080647488390866],[-2.4658387919267284,38.049383246339744],[-2.361168179268077,38.024346015356286],[-2.338533900818902,38.02649058727076],[-2.29623674173223,38.00057485624461],[-2.2614326637864224,37.95352346533565],[-2.232235480183249,37.92641917590424],[-2.1717998929507303,37.89644684504583],[-2.125471970654928,37.89874644569187],[-2.0769736389223112,37.88109894486041],[-1.9827933409399634,37.8708153348598],[-1.9761270820991967,37.860144151231566],[-1.993257818993186,37.83384084747712],[-1.994110479714891,37.80968211473777],[-2.002817958581943,37.78802969001816],[-1.9951956853326465,37.735474758453336],[-2.004445766558888,37.70454641408571],[-2.0055309721766434,37.68085277023914],[-2.0007250626115365,37.65382599517352],[-1.9878317936024246,37.63899485892557],[-1.838409389781532,37.454820054901575],[-1.8056982078060742,37.43745677311159],[-1.7927015851100805,37.45073761754696],[-1.7324210266090745,37.438438625941785],[-1.6416177129999596,37.38103644700004],[-1.6528389419999598,37.36125918700009],[-1.6708878249999088,37.36330801000008],[-1.698963995999918,37.31643301000008],[-1.7285050119999141,37.282416083000044],[-1.7872208319999459,37.235215562000064],[-1.8127335279999102,37.20705801000008],[-1.8303523429999586,37.16636790600006],[-1.8377579419999392,37.13161855700008],[-1.8498429029999102,37.10443756700005],[-1.855213995999918,37.076605536000045],[-1.8849991529999102,37.01548899900007],[-1.9061173169999392,36.987616278000075],[-1.8986710279999102,36.950059312000064],[-1.9128718739999613,36.93353913000004],[-1.935292120999918,36.93219635600008],[-1.9889216789999296,36.900498765000066],[-2.0027970039999445,36.88703034100007],[-2.0130509109999366,36.845770575000074],[-2.05687415299991,36.81008535400008],[-2.0711563789999445,36.77533600500004],[-2.1008194649999155,36.76516347900008],[-2.111073370999918,36.74612051000008],[-2.126698370999918,36.736395575000074],[-2.166127081999946,36.72756582200009],[-2.2036433579999084,36.73712799700007],[-2.2316788399999155,36.76007721600007],[-2.2561335929999586,36.78738027600008],[-2.2827856109999516,36.81008535400008],[-2.318348761999914,36.82790761900009],[-2.361683722999942,36.836778062000064],[-2.3802384109999366,36.83376699400009],[-2.412709113999938,36.820013739000046],[-2.4330948559999115,36.81627024900007],[-2.481434699999909,36.82994212400007],[-2.56078040299991,36.818793036000045],[-2.576893683999913,36.81130605700008],[-2.617176886999914,36.72842031500005],[-2.658884243999921,36.69481028900009],[-2.6843562489999613,36.685980536000045],[-2.7182511059999115,36.68203359600005],[-2.7361954419999392,36.68740469000005],[-2.756662563999953,36.68036530200004],[-2.8026016919999392,36.70730215100008],[-2.820993618999921,36.71389394700009],[-2.839060024999924,36.702419338000084],[-2.8587540359999366,36.70494212400007],[-2.8860977859999366,36.73440176000008],[-2.913970506999931,36.75031159100007],[-2.933257615999935,36.751654364000046],[-2.987718933999929,36.73710894900006],[-3.0764534049999384,36.749756234000074],[-3.156711171999916,36.744525733000046],[-3.2278946609999366,36.75482819200005],[-3.3295792309999115,36.74489980700008],[-3.3787735669999392,36.71389394700009],[-3.4151546689999464,36.69551628700009],[-3.477602127999944,36.696095994000075],[-3.5159625469999582,36.72104650500006],[-3.54983156499992,36.71237268600004],[-3.5864015489999588,36.72657925700008],[-3.601100173999953,36.74255029400007],[-3.665666698999928,36.73937041600004],[-3.6798223639999605,36.728807878000055],[-3.7312813299999448,36.72409732400007],[-3.8385412549999387,36.751969933000055],[-3.889444745999924,36.74338838400007],[-3.9609611239999367,36.72679277900005],[-4.056711391999954,36.74799225500004],[-4.079957949999937,36.743564192000065],[-4.110172195999951,36.725732647000086],[-4.224720831999946,36.71238841400009],[-4.4031876289999445,36.723863023000035],[-4.433257615999935,36.71067942900004],[-4.466867641999954,36.66303131700005],[-4.491118943999936,36.63666413000004],[-4.4953507149999155,36.62055084800005],[-4.524826052999913,36.58071526400005],[-4.58779979399992,36.57381766100008],[-4.615021325999919,36.53055576100007],[-4.659250454999949,36.50763580900008],[-4.722767706999946,36.49298737200007],[-4.764230923999946,36.49396393400008],[-4.88031979099992,36.50568268400008],[-4.90265865799995,36.50653717700004],[-4.9235326809999265,36.49685293200008],[-4.994166374999907,36.45709395800009],[-5.062489386999914,36.45221588700008],[-5.1087133449999556,36.429022528000075],[-5.157622850999928,36.421942450000074],[-5.186553514999957,36.41120026200008],[-5.227121548999946,36.357936916000085],[-5.227935350999928,36.348537502000056],[-5.253651495999918,36.29710521000004],[-5.274118618999921,36.282538153000075],[-5.290598110999952,36.277411200000074],[-5.285308397999927,36.26080963700008],[-5.296620245999918,36.247381903000075],[-5.334055141999954,36.18781159100007],[-5.338773483242616,36.14111967199992],[-5.358386758461411,36.141109447000375],[-5.366607225999928,36.16315338700008],[-5.406076626999948,36.17922597900008],[-5.425445115999935,36.179754950000074],[-5.4378962879999335,36.16148509300007],[-5.439890102999925,36.11420319200005],[-5.428700324999909,36.08079661700009],[-5.4455053379999185,36.05744049700007],[-5.5665990879999185,36.02163320500006],[-5.611765102999925,36.00645579600007],[-5.629709438999953,36.036769924000055],[-5.671701626999948,36.055975653000075],[-5.689361131999931,36.06712474200009],[-5.71312415299991,36.05996328300006],[-5.753651495999918,36.07558828300006],[-5.796050584999932,36.08551666900007],[-5.811268683999913,36.09682851800005],[-5.832753058999913,36.122381903000075],[-5.89789791599992,36.173895575000074],[-5.917185024999924,36.18406810100004],[-5.9389542309999115,36.18382396000004],[-5.983550584999932,36.176988023000035],[-6.036773240999935,36.189520575000074],[-6.062489386999914,36.217230536000045],[-6.082183397999927,36.25067780200004],[-6.1047257149999155,36.28070709800005],[-6.159453904999907,36.30430735900006],[-6.168527798999946,36.33531321800007],[-6.184193488999938,36.37071360900006],[-6.218373175999943,36.402451890000066],[-6.257110154999907,36.47642649900007],[-6.27961178299995,36.51129791900007],[-6.31000729099992,36.53412506700005],[-6.28937740799995,36.53729889500005],[-6.248972133999928,36.504746812000064],[-6.2540990879999185,36.49628327000005],[-6.231475389999957,36.47268301000008],[-6.21906490799995,36.47496165600006],[-6.179351365999935,36.51353587400007],[-6.206817186999956,36.50889720300006],[-6.224354620999918,36.51085032800006],[-6.232451951999906,36.52619049700007],[-6.22602291599992,36.55666738500008],[-6.234893357999908,36.57575104400007],[-6.283192511999914,36.61237213700008],[-6.293853318999936,36.616848049000055],[-6.3617244129999335,36.62055084800005],[-6.379790818999936,36.624253648000035],[-6.394683397999927,36.63690827000005],[-6.406971808999913,36.67670319200005],[-6.431548631999931,36.71458567900004],[-6.4378962879999335,36.733303127000056],[-6.433338995999918,36.751206773000035],[-6.414540167999917,36.767645575000074],[-6.3588761059999115,36.78583405200004],[-6.345611131999931,36.794989325000074],[-6.3351944649999155,36.81826406500005],[-6.343739386999914,36.85993073100008],[-6.33820553299995,36.88373444200005],[-6.304351365999935,36.90721263200004],[-6.223255988999938,36.902329820000034],[-6.214019334999932,36.92169830900008],[-6.239654100999928,36.913397528000075],[-6.265044725999928,36.91290924700007],[-6.283558722999942,36.92593008000006],[-6.325917120999918,36.91266510600008],[-6.344715949999909,36.901271877000056],[-6.352447068999936,36.88027578300006],[-6.346669074999909,36.81989166900007],[-6.352447068999936,36.808579820000034],[-6.3880102199999556,36.80817291900007],[-6.41624915299991,36.83779531500005],[-6.448638475999928,36.90420156500005],[-6.4710994129999335,36.935614325000074],[-6.499582485999952,36.95966217700004],[-6.744862433999913,37.10138580900008],[-6.771473761999914,37.11277903900009],[-6.8117569649999155,37.12372467700004],[-6.8530167309999115,37.15110911700009],[-6.89289303299995,37.16657135600008],[-6.910878058999913,37.18895091400009],[-6.917632615999935,37.21507396000004],[-6.8641251289999445,37.27753327000005],[-6.903472459999932,37.24957916900007],[-6.9311417309999115,37.23387278900009],[-6.962554490999935,37.22760651200008],[-6.9407445949999556,37.20066966400009],[-6.928456183999913,37.17234935100004],[-6.94163977799991,37.171087958000044],[-7.029367641999954,37.205511786000045],[-7.101040416999922,37.224250751000056],[-7.085560675999943,37.20648834800005],[-7.327870245999918,37.20156484600005],[-7.362904425999943,37.181708075000074],[-7.381418423999946,37.17991771000004],[-7.414418097999942,37.19281647300005],[-7.434244343999865,37.259328919],[-7.427578083999947,37.27452179000004],[-7.437448282999952,37.30733632400005],[-7.444993041999908,37.38676300100012],[-7.462252970999884,37.41787221300008],[-7.4600308839998775,37.429137675000035],[-7.468867553999871,37.47556895000004],[-7.4759472249999135,37.49424998000002],[-7.515428018999927,37.529338277000065],[-7.5296907149999015,37.56716542600013],[-7.515841430999927,37.58093719500006],[-7.504886026999969,37.60638783800009],[-7.471606404999932,37.63690277100007],[-7.457550414999901,37.70007721000006],[-7.444011189999912,37.730152893000124],[-7.426337849999925,37.750616761000074],[-7.334405476999848,37.81193084700003],[-7.306861937999969,37.85076568600009],[-7.295803181999872,37.88487213100005],[-7.273892374999917,37.931535950000026],[-7.268621378999882,37.94923512800004],[-7.272703816999893,37.9770112100001],[-7.265830850999919,37.98295400100001],[-7.223301146999859,37.99383188900005],[-7.185267293999914,37.988690084000055],[-7.152246052999942,38.00065317800001],[-7.12325557399987,38.04000478100001],[-7.105943969999885,38.038661194000056],[-7.049358275999907,38.02021270800013],[-7.0239851489999126,38.022563985000076],[-7.006363484999923,38.059331767000046],[-6.997630167999944,38.089614155999996],[-6.978974975999961,38.11994822200002],[-6.957632609999877,38.16816233300004],[-6.950575759999879,38.19838588800006]]]},"properties":{"name":"Andalucía"}},{"type":"Feature","geometry":{"type":"Polygon","coordinates":[[[-6.98345618299993,41.962996165999996],[-6.992359170999919,41.966380107000035],[-7.015768594999884,41.953667705000086],[-7.051270303999928,41.94201466900002],[-7.082741251999948,41.95278920500003],[-7.113178670999929,41.97242625000008],[-7.1453730879999,41.98748992900006],[-7.177309122999873,41.97836903900007],[-7.19994339999991,41.9637187710001],[-7.20211381099989,41.9497402950001],[-7.195654255999955,41.917365011000115],[-7.19792801899996,41.90150034600002],[-7.218650268999909,41.8790469370001],[-7.251464802999919,41.86369903600003],[-7.322468220999895,41.84540557900006],[-7.376831827999865,41.84403615300009],[-7.405408894999937,41.835199484000086],[-7.442719278999959,41.805950623000044],[-7.456568562999848,41.83923024500008],[-7.469384318999914,41.8525369260001],[-7.508141642999959,41.86493927000008],[-7.523282836999954,41.86015920100006],[-7.531551066999924,41.84016042100005],[-7.546692260999919,41.832047221000025],[-7.588395141999854,41.8242182420001],[-7.622191528999849,41.83233144200001],[-7.622811644999899,41.84173655200006],[-7.607360391999919,41.87318166200002],[-7.661155557999933,41.87491282200007],[-7.706372436999914,41.89625518800007],[-7.722030395999866,41.8992524210001],[-7.7501423749999105,41.88837453200004],[-7.812154092999947,41.87713490900008],[-7.849722859999872,41.87576548300011],[-7.864812377999954,41.857885437000064],[-7.896593383999885,41.85793711300006],[-7.9061018469998885,41.91385101400006],[-7.92579056799994,41.90816660600011],[-7.93535070799993,41.87995127400005],[-7.94475581899988,41.86695465200002],[-7.979430704999913,41.86860829700005],[-7.993641723999872,41.86367319800003],[-8.015707560999942,41.8418915810001],[-8.048573770999894,41.81638926200007],[-8.093480590999889,41.80672576900004],[-8.179573526999889,41.810704854000036],[-8.175387735999948,41.83659474700006],[-8.184586140999954,41.85773040800011],[-8.220397908999871,41.86819488600004],[-8.231715047999955,41.88604909300001],[-8.23021643099986,41.90467844700005],[-8.220707966999953,41.92271352100006],[-8.182131509999891,41.96542409300007],[-8.152960163999865,41.98681813600008],[-8.10802750699986,42.01089935300003],[-8.097356322999929,42.02348256500004],[-8.095082559999923,42.04092336100008],[-8.103195760999938,42.05580617300002],[-8.137612263999898,42.07291107200008],[-8.15838618999993,42.07138661700007],[-8.19130407699987,42.062084859000024],[-8.204016479999922,42.06955210400007],[-8.207375447999937,42.08577850400006],[-8.204326537999918,42.12879913300007],[-8.222361612999919,42.15362966000002],[-8.252333943999957,42.13758412800006],[-8.295380411999957,42.1300910450001],[-8.346746785999898,42.1016948450001],[-8.501207641999883,42.083091330000045],[-8.520017862999879,42.07771698000009],[-8.572805337999938,42.054410909000055],[-8.626884724999911,42.051026103000126],[-8.65256791199991,42.03144073600002],[-8.670809691999864,41.99981475800011],[-8.69127355899991,41.989608664000045],[-8.717008422999896,41.983769226000064],[-8.750803188999953,41.96898021000004],[-8.777088995999918,41.937160549000055],[-8.795399542999917,41.92568594000005],[-8.832834438999953,41.91396719000005],[-8.864654100999928,41.88890208500004],[-8.881255662999934,41.89329661700003],[-8.878732876999948,41.907131252000056],[-8.898589647999927,42.10175202000005],[-8.895497199999909,42.11908600500004],[-8.884592251999948,42.12604401200008],[-8.844960089999915,42.126613674000055],[-8.826527472999942,42.130519924000055],[-8.823719855999911,42.14760976800005],[-8.842762824999909,42.15444570500006],[-8.84203040299991,42.16429271000004],[-8.815988735999952,42.17450592700004],[-8.80577551999994,42.19749583500004],[-8.771962042999917,42.22223541900007],[-8.719553188999953,42.25234609600005],[-8.701893683999913,42.25853099200003],[-8.669911261999914,42.280910549000055],[-8.625152147999927,42.301947333000044],[-8.622710740999935,42.34747955900008],[-8.649891730999911,42.335598049000055],[-8.674794074999909,42.29901764500005],[-8.71983801999994,42.28758372600004],[-8.773915167999917,42.26898834800005],[-8.795765753999945,42.258246161000045],[-8.84829667899993,42.260972398000035],[-8.86750240799995,42.25641510600008],[-8.846994594999956,42.30483633000006],[-8.827219204999949,42.29669830900008],[-8.826527472999942,42.32904694200005],[-8.83071855399993,42.34162018400008],[-8.812855597999942,42.34638092700004],[-8.776926235999952,42.34015534100007],[-8.764637824999909,42.35569896000004],[-8.72687740799995,42.388739325000074],[-8.662505662999934,42.42690664300005],[-8.66437740799995,42.43797435100004],[-8.69127356699994,42.440619208000044],[-8.757639126999948,42.40721263200004],[-8.811024542999917,42.40070221600007],[-8.843576626999948,42.40371328300006],[-8.86750240799995,42.41469961100006],[-8.880238410999937,42.445013739000046],[-8.900949673999946,42.461004950000074],[-8.93545488199993,42.46539948100008],[-8.935047980999911,42.47907135600008],[-8.881255662999934,42.49656810100004],[-8.860829230999911,42.48501211100006],[-8.851551886999914,42.46076080900008],[-8.826527472999942,42.46185944200005],[-8.825062628999945,42.49494049700007],[-8.812855597999942,42.50275299700007],[-8.825184699999909,42.53742096600007],[-8.822987433999913,42.569525458000044],[-8.813832160999937,42.58144765800006],[-8.788400844999956,42.59218984600005],[-8.775502081999946,42.604722398000035],[-8.738758917999917,42.666083075000074],[-8.767323370999918,42.64516836100006],[-8.784982876999948,42.64057038000004],[-8.80382239499994,42.64594147300005],[-8.826242641999954,42.67413971600007],[-8.839507615999935,42.68244049700007],[-8.85460364499994,42.66156647300005],[-8.846994594999956,42.64057038000004],[-8.868763800999943,42.61749909100007],[-8.880523240999935,42.61180247600004],[-8.90343176999994,42.62547435100004],[-8.936390753999945,42.60643138200004],[-8.922230597999942,42.59369538000004],[-8.933990037999934,42.586818752000056],[-8.969878709999932,42.57916901200008],[-8.98078365799995,42.551214911000045],[-9.011545376999948,42.53070709800005],[-9.026356574999909,42.54311758000006],[-9.033355272999927,42.578111070000034],[-9.070871548999946,42.596136786000045],[-9.065744594999956,42.620306708000044],[-9.038807745999918,42.66107819200005],[-9.030140753999945,42.70770905200004],[-9.006255662999934,42.73383209800005],[-8.96312415299991,42.751288153000075],[-8.922230597999942,42.78811269700009],[-8.898264126999948,42.792303778000075],[-8.884917772999927,42.81500885600008],[-8.887684699999909,42.83112213700008],[-8.90843665299991,42.83946360900006],[-8.912587042999917,42.81659577000005],[-8.928089972999942,42.80251699400009],[-8.977365688999953,42.792303778000075],[-9.028187628999945,42.79787832200009],[-9.048939581999946,42.79474518400008],[-9.045643683999913,42.77802155200004],[-9.06867428299995,42.75971100500004],[-9.10024980399993,42.757513739000046],[-9.113433397999927,42.766058661000045],[-9.13499915299991,42.81277090100008],[-9.11318925699993,42.81635163000004],[-9.10024980399993,42.833278713000084],[-9.108387824999909,42.84483470300006],[-9.141224738999938,42.85744863500008],[-9.14867102799991,42.884466864000046],[-9.133697068999936,42.91120026200008],[-9.141428188999953,42.92141347900008],[-9.190012173999946,42.93239980700008],[-9.21007239499994,42.92572663000004],[-9.224232550999943,42.94021230700008],[-9.244252081999946,42.92877838700008],[-9.261708136999914,42.90017324400009],[-9.273060675999943,42.89333730700008],[-9.282948370999918,42.91661204600007],[-9.291981574999909,42.92263418200008],[-9.26475989499994,42.98033274900007],[-9.250965949999909,43.016791083000044],[-9.27212480399993,43.03127676000008],[-9.27953040299991,43.05499909100007],[-9.257923956999946,43.06089915600006],[-9.245716925999943,43.087998765000066],[-9.222320115999935,43.102728583000044],[-9.217600063999953,43.114447333000044],[-9.189808722999942,43.10232168200008],[-9.162261522999927,43.114447333000044],[-9.15029863199993,43.12958405200004],[-9.163319464999915,43.13975657800006],[-9.208363410999937,43.137884833000044],[-9.217600063999953,43.15534088700008],[-9.170074022999927,43.188747463000084],[-9.137928839999915,43.20152415600006],[-9.100412563999953,43.189520575000074],[-9.052398240999935,43.19635651200008],[-9.026966925999943,43.210150458000044],[-9.004058397999927,43.23875560100004],[-8.985747850999928,43.22687409100007],[-8.958973761999914,43.22748444200005],[-8.932525193999936,43.23529694200005],[-8.948150193999936,43.24994538000004],[-8.970855272999927,43.28656647300005],[-8.930490688999953,43.29975006700005],[-8.888010219999956,43.320746161000045],[-8.856597459999932,43.32689036700003],[-8.841175910999937,43.33893463700008],[-8.817005988999938,43.33584219000005],[-8.785552537999934,43.31244538000004],[-8.711740688999953,43.29555898600006],[-8.693104620999918,43.293402411000045],[-8.630034959999932,43.31586334800005],[-8.592518683999913,43.324204820000034],[-8.558420376999948,43.31321849200003],[-8.505970831999946,43.33152903900009],[-8.475982225999928,43.35968659100007],[-8.45571855399993,43.363348700000074],[-8.443023240999935,43.37531159100007],[-8.388295050999943,43.38589101800005],[-8.375721808999913,43.362982489000046],[-8.353586391999954,43.34861888200004],[-8.337269660999937,43.36904531500005],[-8.339914516999954,43.39272695500006],[-8.33071855399993,43.40566640800006],[-8.310617641999954,43.40314362200007],[-8.267201300999943,43.385931708000044],[-8.250559048999946,43.35488515800006],[-8.217274542999917,43.32831452000005],[-8.202463344999956,43.32925039300005],[-8.210194464999915,43.37531159100007],[-8.204823370999918,43.399725653000075],[-8.175404425999943,43.41632721600007],[-8.213286912999934,43.42495351800005],[-8.247141079999949,43.423081773000035],[-8.26475989499994,43.42731354400007],[-8.288726365999935,43.44623444200005],[-8.286488410999937,43.46198151200008],[-8.185617641999954,43.47150299700007],[-8.166981574999909,43.48456452000005],[-8.173451300999943,43.49274323100008],[-8.196522589999915,43.48517487200007],[-8.243723110999952,43.48517487200007],[-8.257313605999911,43.49201080900008],[-8.269195115999935,43.478949286000045],[-8.28897050699993,43.47296784100007],[-8.33311926999994,43.47150299700007],[-8.325347459999932,43.486761786000045],[-8.31663977799991,43.52289459800005],[-8.29210364499994,43.53294505400004],[-8.308216925999943,43.54633209800005],[-8.312652147999927,43.56712474200003],[-8.260975714999915,43.564520575000074],[-8.232248501999948,43.575506903000075],[-8.086659308999913,43.65648021000004],[-8.082997199999909,43.64545319200005],[-8.05186926999994,43.65648021000004],[-8.071156378999945,43.66787344000005],[-8.073963995999918,43.67853424700007],[-8.059315558999913,43.709418036000045],[-8.010975714999915,43.71173737200007],[-7.981190558999913,43.71784088700008],[-7.952951626999948,43.730129299000055],[-7.9281306629999335,43.74677155200004],[-7.908558722999942,43.76634349200003],[-7.880848761999914,43.76325104400007],[-7.861480272999927,43.73118724200003],[-7.879261847999942,43.700506903000075],[-7.873768683999913,43.684475002000056],[-7.894886847999942,43.684475002000056],[-7.908558722999942,43.67015208500004],[-7.858387824999909,43.66819896000004],[-7.849232550999943,43.67560455900008],[-7.8675837879999335,43.69745514500005],[-7.826039191999939,43.71173737200007],[-7.793853318999936,43.73411692900004],[-7.773793097999942,43.74258047100005],[-7.734038865999935,43.750067450000074],[-7.712757941999939,43.76068756700005],[-7.678334113999938,43.79047272300005],[-7.668324347999942,43.77252838700008],[-7.69562740799995,43.74591705900008],[-7.691558397999927,43.72724030200004],[-7.675160285999937,43.731634833000044],[-7.672474738999938,43.743841864000046],[-7.6410212879999335,43.75267161700003],[-7.637603318999936,43.73908112200007],[-7.607167120999918,43.691107489000046],[-7.586415167999917,43.717962958000044],[-7.574289516999954,43.714544989000046],[-7.5414119129999335,43.731634833000044],[-7.490142381999931,43.72532786700003],[-7.407622850999928,43.69122955900008],[-7.367054816999939,43.68008047100005],[-7.304107225999928,43.59857819200005],[-7.256743943999936,43.58161041900007],[-7.271066860999952,43.56863027600008],[-7.257720506999931,43.55666738500008],[-7.230091925999943,43.56863027600008],[-7.156971808999913,43.55927155200004],[-7.095855272999927,43.560980536000045],[-7.0793350899999155,43.56863027600008],[-7.032338019999941,43.55300527600008],[-7.030873175999943,43.53322988500008],[-7.053618943999936,43.496527411000045],[-7.046922738074349,43.48367793486463],[-7.0505201887557405,43.476338813085704],[-7.081138474760792,43.45605581302533],[-7.11273861269683,43.42933909812086],[-7.1376208149486615,43.431457830714294],[-7.166869676294539,43.423396307893256],[-7.171623908116885,43.39611115220788],[-7.1669471906603235,43.38621511493557],[-7.1366131245960105,43.38210683915929],[-7.126045294654659,43.372701728302104],[-7.121601121194772,43.33678660721614],[-7.108371955401424,43.3190357526978],[-7.0712682759101995,43.297719224762375],[-7.062793341039878,43.25487946241725],[-7.050959438327425,43.2373094750522],[-6.995898199642227,43.2060452339004],[-6.965564133577914,43.195012315066265],[-6.972669643789061,43.16886404094271],[-6.97091264460289,43.1517333031494],[-6.9434207833425035,43.13261302307251],[-6.898462286605252,43.14912364414084],[-6.879962124152712,43.17059520080784],[-6.866293707888303,43.17529775668612],[-6.832161424410231,43.139899400436946],[-6.83154130678588,43.12015900273576],[-6.868980882161964,43.09530263890565],[-6.91324174600976,43.080574856344526],[-6.945203620051018,43.076724962087326],[-6.963445400085163,43.04259267770988],[-6.9795684466265016,43.036624049959926],[-6.98845679444554,43.01933828433431],[-6.975847743578527,42.998305976339736],[-6.95373023086546,43.00492055923638],[-6.945203620051018,43.02460928009418],[-6.9137068340032215,42.994740302023274],[-6.868851690952795,42.98866832148582],[-6.836889817810857,42.96270091451555],[-6.82828569173131,42.914796861086245],[-6.843556076651623,42.88908783653443],[-6.860480108869922,42.87446340586149],[-6.862262945578493,42.86203522394641],[-6.85389136439494,42.829427394758454],[-6.863348151196249,42.80844676450653],[-6.918047654675547,42.75731293444437],[-6.938718228363541,42.7465900739727],[-6.965693324787139,42.74702932444376],[-6.9883792791803785,42.73010529222546],[-7.016956346058521,42.72085521099916],[-7.032795172659121,42.70625661874794],[-7.039693976395881,42.689125881853954],[-7.036179978922917,42.67592255358295],[-7.016749639584191,42.654270127964026],[-7.014295010206581,42.641325182111416],[-7.044344855430722,42.617088935006336],[-7.042794561819562,42.57760814140261],[-7.060106166766218,42.548617662475124],[-7.061966518739837,42.52200429945884],[-7.0710357319135255,42.50345246016286],[-7.026283941650604,42.50200552023853],[-6.983134120942907,42.49482249656097],[-6.9526450261470245,42.50825836792933],[-6.919985521015008,42.512831733497705],[-6.892571174120405,42.49978343395827],[-6.821050991210257,42.48505565049783],[-6.808777838926119,42.46402334250325],[-6.820740932847798,42.42366404885672],[-6.839111904091112,42.41012482380154],[-6.78916663333348,42.37888642017214],[-6.755421921684331,42.36266002084324],[-6.735707363304186,42.34113678643354],[-6.738317023212062,42.30496328382844],[-6.744414842171238,42.29183746992328],[-6.769813809259915,42.26196849185237],[-6.7994244040130525,42.238378200793306],[-6.805470547028108,42.217940172001306],[-6.8446412831686985,42.22088572869342],[-6.866758795881708,42.2170099960145],[-6.898410609761811,42.2001634790613],[-6.93290462934516,42.17411855682593],[-6.955590582839136,42.132208971366936],[-6.986932339256043,42.11412221916504],[-7.024656133673659,42.075726630279746],[-7.026283941650604,42.0613605820252],[-7.01269303975198,42.052213854485785],[-6.984761928919909,42.051180324812094],[-6.965305752058839,42.028313504164885],[-6.987707484712644,41.983380845849354],[-6.98345618299993,41.962996165999996]]]},"properties":{"name":"Galicia"}},{"type":"Feature","geometry":{"type":"MultiPolygon","coordinates":[[[[-6.8745090921208885,40.27918816670052],[-6.863943236999916,40.300952047000024],[-6.8119567459999075,40.33231964100004],[-6.794438435999922,40.35640085900009],[-6.828079793999962,40.38058542900005],[-6.85128251099988,40.40952423100002],[-6.857121948999861,40.44213206000008],[-6.838673461999861,40.47722035800011],[-6.815315714999912,40.502541810000096],[-6.818054564999954,40.53189402300008],[-6.848388630999892,40.564760234000104],[-6.844461222999911,40.59778147400006],[-6.821310180999944,40.630182597000086],[-6.814282185999929,40.6471841430001],[-6.816245889999948,40.67715647400003],[-6.824307413999861,40.710694478000065],[-6.836968139999897,40.74330230800011],[-6.839138549999888,40.77689198900005],[-6.833505818999953,40.79782094300002],[-6.8380533439998885,40.81492584200008],[-6.836658080999911,40.840247294000065],[-6.82032832799996,40.84422638000002],[-6.821155151999903,40.87006459600006],[-6.847045043999913,40.87890126600006],[-6.885182251999879,40.948922832000065],[-6.899238240999921,40.96675120100012],[-6.9306058349999375,40.992072652000004],[-6.9424914149999495,41.01599884000011],[-6.9317943929999615,41.02912465400006],[-6.927866983999877,41.04793487600007],[-6.90683467599996,41.056099752000094],[-6.845288044999933,41.05191396100007],[-6.818002888999928,41.054136048000075],[-6.804360310999925,41.06441965800006],[-6.764776163999954,41.10886139000003],[-6.756507934999917,41.12705149400007],[-6.7589884039998935,41.151752828],[-6.742245238999942,41.17144154900005],[-6.706950235999955,41.19433420900005],[-6.693772745999894,41.21738189700004],[-6.646643839999882,41.267611390000056],[-6.563496459999897,41.270711975000026],[-6.495852010999897,41.29494822200009],[-6.4631408289999115,41.31412017800001],[-6.430998086999892,41.33902821900007],[-6.399578816999849,41.37747548500003],[-6.3831973879999,41.376545309000065],[-6.376169392999884,41.39685414600008],[-6.352346557999908,41.40925649100005],[-6.321133991999943,41.411013489000126],[-6.321030639999918,41.419591777000065],[-6.282945108999854,41.46563547800007],[-6.285890665999943,41.48687449200004],[-6.253644571999899,41.51751861600006],[-6.205947224999932,41.57028025300009],[-6.230080118999894,41.59490407300008],[-6.272248087999856,41.62823537200005],[-6.3171032309999475,41.65014618000002],[-6.365937459999913,41.66360789000005],[-6.447069457999959,41.67624277800009],[-6.46081538999988,41.676552836000084],[-6.488048868999897,41.65880198200007],[-6.513421996999881,41.65092132600002],[-6.541533976999915,41.658905335000085],[-6.555279906999942,41.67489919100002],[-6.563083048999886,41.713036397000096],[-6.577397419999954,41.73972727500005],[-6.560137491999882,41.766883240000126],[-6.53574621599995,41.848583679000015],[-6.524222371999912,41.867419740000045],[-6.567888956999894,41.87586883600004],[-6.5757954509999195,41.88289683100005],[-6.567630574999896,41.92607249000007],[-6.571661335999892,41.94260894800006],[-6.585148885999956,41.95464955700005],[-6.609488484999872,41.96232350700002],[-6.622821003999917,41.94095530200012],[-6.656772419999925,41.93307464700008],[-6.727982543999872,41.93085255900009],[-6.7579031979998945,41.93757049600002],[-6.794386759999924,41.97971262600005],[-6.824927530999929,41.983769226000064],[-6.831232055999919,41.953951925000055],[-6.854951537999881,41.94294484500007],[-6.917118285999948,41.9390949500001],[-6.945126911999893,41.94335825700007],[-6.98345618299993,41.962996165999996],[-6.987707484712644,41.983380845849354],[-6.965305752058839,42.028313504164885],[-6.984761928919909,42.051180324812094],[-7.01269303975198,42.052213854485785],[-7.026283941650604,42.0613605820252],[-7.024656133673659,42.075726630279746],[-6.986932339256043,42.11412221916504],[-6.955590582839136,42.132208971366936],[-6.93290462934516,42.17411855682593],[-6.898410609761811,42.2001634790613],[-6.866758795881708,42.2170099960145],[-6.8446412831686985,42.22088572869342],[-6.805470547028108,42.217940172001306],[-6.7994244040130525,42.238378200793306],[-6.769813809259915,42.26196849185237],[-6.744414842171238,42.29183746992328],[-6.738317023212062,42.30496328382844],[-6.735707363304186,42.34113678643354],[-6.755421921684331,42.36266002084324],[-6.78916663333348,42.37888642017214],[-6.839111904091112,42.41012482380154],[-6.820740932847798,42.42366404885672],[-6.808777838926119,42.46402334250325],[-6.821050991210257,42.48505565049783],[-6.892571174120405,42.49978343395827],[-6.919985521015008,42.512831733497705],[-6.9526450261470245,42.50825836792933],[-6.983134120942907,42.49482249656097],[-7.026283941650604,42.50200552023853],[-7.0710357319135255,42.50345246016286],[-7.061966518739837,42.52200429945884],[-7.060106166766218,42.548617662475124],[-7.042794561819562,42.57760814140261],[-7.044344855430722,42.617088935006336],[-7.014295010206581,42.641325182111416],[-7.016749639584191,42.654270127964026],[-7.036179978922917,42.67592255358295],[-7.039693976395881,42.689125881853954],[-7.032795172659121,42.70625661874794],[-7.016956346058521,42.72085521099916],[-6.9883792791803785,42.73010529222546],[-6.965693324787139,42.74702932444376],[-6.938718228363541,42.7465900739727],[-6.918047654675547,42.75731293444437],[-6.863348151196249,42.80844676450653],[-6.85389136439494,42.829427394758454],[-6.862262945578493,42.86203522394641],[-6.860480108869922,42.87446340586149],[-6.843556076651623,42.88908783653443],[-6.82828569173131,42.914796861086245],[-6.7953161282367205,42.91086945246326],[-6.770873174657311,42.89407461235345],[-6.752373013104091,42.897433580195525],[-6.719429287131902,42.920222887376326],[-6.6825064756932875,42.92688914621709],[-6.635739304725121,42.92730255826643],[-6.608454149039744,42.919602769751975],[-6.562100389221598,42.91665721305992],[-6.5015614492015175,42.92970551169998],[-6.4490323551590905,42.95107371737811],[-6.444071417761734,42.963992824809],[-6.481226772297703,42.98238963537335],[-6.475568202910267,42.9918464221746],[-6.446939460088004,42.99277659816147],[-6.414745042050072,43.00486888329232],[-6.413659837331636,43.01649608042976],[-6.392756719646911,43.042205104981576],[-6.364851447236504,43.051429347786154],[-6.329814826193285,43.03786428520857],[-6.297284512270437,43.03396271410793],[-6.253592088304231,43.01799469719748],[-6.234445969805677,43.01435150851529],[-6.218968879310353,43.03360097890203],[-6.199745246445957,43.041042384998036],[-6.1355114400009825,43.02711558721455],[-6.102386846875504,43.03478953730729],[-6.088330857882795,43.06210053231371],[-6.079106615078217,43.06509776494988],[-6.016758999028582,43.05732046206964],[-5.987794359422139,43.06233307631038],[-5.971257899932141,43.051403510263754],[-5.954669766296661,43.01758128514814],[-5.8890148583490145,42.98564525042792],[-5.84483150886706,42.9716926133234],[-5.8048339504264845,42.9706074077057],[-5.778685675403608,42.97466400843723],[-5.762278408022098,42.99316417088977],[-5.755327928341217,43.01008820220875],[-5.729980638095981,43.04057729790395],[-5.705175951109254,43.04879385035588],[-5.665152554247015,43.04827708641835],[-5.637092251306342,43.037993476417796],[-5.578982103141527,43.031172187046764],[-5.561696335717329,43.02295563369552],[-5.540999925406254,43.02179291371198],[-5.517306280660307,43.02905345355401],[-5.490770432909187,43.02864004240399],[-5.473381312697427,43.05111929032296],[-5.418759325382553,43.05186859825716],[-5.389898036764976,43.063780016234716],[-5.382844204296589,43.08532908816687],[-5.361036749946038,43.091530259913554],[-5.307474128028616,43.08548411689844],[-5.2120019188535025,43.09395905176882],[-5.159550340076123,43.11318268553248],[-5.118131680132933,43.10858348244176],[-5.0954715641613575,43.12832388014294],[-5.072113817098966,43.172455552781514],[-5.045888026810985,43.18527130832422],[-5.008293422703332,43.192919419995235],[-4.961474574891724,43.216225491113505],[-4.9084803937551555,43.2373094750522],[-4.878998989311924,43.23516490313773],[-4.859413621241629,43.22340851479112],[-4.831870083137858,43.18868195211036],[-4.836030035757574,43.135093491771215],[-4.827890997671432,43.10806671850423],[-4.811380378401736,43.094811713389845],[-4.770452643075032,43.078636990005066],[-4.758515386675754,43.062281399467],[-4.738723313929825,43.04809621836574],[-4.726863572795651,43.01592763874953],[-4.689604864572857,43.01959666585344],[-4.6391169905566585,43.01977753390605],[-4.6012381656088905,43.02553945608099],[-4.552378098670317,43.02393748652577],[-4.518710903185649,43.037709256477],[-4.490857305820043,43.0395954450737],[-4.462874518144531,43.05093842227035],[-4.433961553582833,43.04801870399996],[-4.400811122935011,43.033290921438834],[-4.3704253809265765,42.99277659816147],[-4.356550259087214,42.98541270643125],[-4.254127570231162,42.957636624330746],[-4.239916550708244,42.950246894178804],[-4.23888302193393,42.92921458618417],[-4.221390549834041,42.85020132123395],[-4.196637538791379,42.84405182633071],[-4.174494187656649,42.857022609705666],[-4.150154587764007,42.862190253577296],[-4.134444953272009,42.853508613131964],[-4.1416279769495645,42.8345433617867],[-4.184674444869756,42.82348460543017],[-4.185242885650666,42.81196076108023],[-4.158577846690264,42.79351227547113],[-4.120440640223364,42.788964749223794],[-4.0961268778531235,42.776200670524474],[-4.0857657543860455,42.76312653346275],[-4.047163459026422,42.7701028515653],[-4.018896449611475,42.816301580853235],[-3.999104376865489,42.81542308170981],[-4.000189581583925,42.76979279230352],[-3.9652046373840903,42.76250641493908],[-3.9174039367422893,42.77346181940743],[-3.8830391101668056,42.79712962483228],[-3.8308975897519986,42.79986847594938],[-3.815756395141534,42.81004873316249],[-3.8156013664099646,42.8237171494269],[-3.8277970043283176,42.847152410855074],[-3.8313885161671237,42.87231883394702],[-3.86208431563864,42.872008775584504],[-3.885312873290502,42.851234850008325],[-3.900996670260156,42.85536896420632],[-3.9092390611337464,42.88027700487987],[-3.8981544663555496,42.8985704617574],[-3.8696807522649124,42.899991563260016],[-3.839475877409825,42.914176744361214],[-3.8362460998775987,42.92787099904734],[-3.864642299602451,42.94792145421172],[-3.881333786924756,42.94386485437951],[-3.894821336035818,42.9255972359237],[-3.927790900429727,42.908828233336294],[-3.9561612608335395,42.90456492792907],[-3.9742480130353783,42.91216136275665],[-3.984790004555066,42.92582977992038],[-3.9836272845715257,42.94032501938409],[-3.9526214258381174,42.999236152326546],[-3.9166287912856887,43.01649608042976],[-3.8961390847509847,43.03318756775201],[-3.8549012919610846,43.04765696879406],[-3.842679815621011,43.05732046206964],[-3.8382873190045643,43.08465729369914],[-3.8132242495994433,43.09085846634514],[-3.784647182721301,43.08910146715897],[-3.7662245346346026,43.093442287831294],[-3.7328157206690094,43.1108572455654],[-3.7062023576526713,43.12971914322384],[-3.682327846652811,43.153386949548064],[-3.647807990446438,43.176176255829546],[-3.627783371905082,43.17431590385587],[-3.603779669695996,43.16175853073156],[-3.546082932681202,43.152999375920444],[-3.519030320992556,43.14377513311587],[-3.452005988385679,43.13886587256195],[-3.4237906558141162,43.14062286994948],[-3.3624248925947313,43.15793447489608],[-3.2784765277695556,43.197311917510945],[-3.25945960137949,43.201187649290546],[-3.2297456529395276,43.18697662976763],[-3.151507534345228,43.18144725248868],[-3.141844041069646,43.16511749947301],[-3.1595432187445454,43.154937242259905],[-3.1725656798622595,43.13137278872318],[-3.165098436243852,43.116541653374554],[-3.141844041069646,43.10413930898193],[-3.1485103008097326,43.050447495855224],[-3.165124273766253,43.02667633674355],[-3.1216127178526563,43.01357636215937],[-3.084948288832493,43.01070831983304],[-3.07352779816938,43.01396393488767],[-3.055260178814194,43.04313528096844],[-3.036734177939991,43.049724026342744],[-3.0236083640347715,43.04310944344604],[-3.0160894426736604,43.02541026487182],[-2.9971241931270356,43.02083690020277],[-2.987409023008013,43.00892548312453],[-2.9993204409855707,42.98946930626346],[-3.03936967626953,42.98704051440819],[-3.0396280577886614,42.978048813801706],[-3.0122912261591637,42.95846344753005],[-2.9833782615975224,42.950996202113004],[-2.9771254130074,42.93903310819138],[-2.9874606998514537,42.9263207063355],[-3.008958095839489,42.92327179595662],[-3.029189419056479,42.91024933483891],[-3.0752847973555504,42.90557261828167],[-3.1239123193980163,42.910766100575074],[-3.1410430571913253,42.91608877227901],[-3.1511974759827126,42.934278876369035],[-3.188326992097018,42.94673289580646],[-3.224112921973756,42.94378734001373],[-3.2331821351474446,42.938154609047956],[-3.279096646293226,42.88720164613903],[-3.275918544705064,42.874695949858165],[-3.231450975282314,42.83588694892353],[-3.2173949853902855,42.82973745402029],[-3.2027188787732257,42.855058905843805],[-3.1875518457410976,42.86371470786747],[-3.1590781316504604,42.86461904633188],[-3.130216843932203,42.88862274854097],[-3.110424771186274,42.87960521131146],[-3.1125435037797047,42.86826223411481],[-3.1413014387104568,42.83469839141759],[-3.1511974759827126,42.817593492046],[-3.147735155353132,42.80369253178492],[-3.1290024480045986,42.78625173652841],[-3.1195714987256906,42.768707586685764],[-3.0635025696878415,42.78529572211988],[-3.031437343758398,42.772738348995574],[-3.0031961736644917,42.75323049619044],[-2.968676316558799,42.73775340389648],[-2.943354864735227,42.714343979990645],[-2.917930060124206,42.70579153075454],[-2.8524560211284893,42.66540639868634],[-2.837314825618705,42.64411570917264],[-2.906716274136727,42.62626150186679],[-2.9486516989167626,42.635149847887135],[-3.0141515772335197,42.64088593253973],[-3.056887986791139,42.637294419801606],[-3.0758015612930194,42.62566722356348],[-3.0605311745740664,42.59941559485378],[-3.0836563794383665,42.57321564388684],[-3.113887090916535,42.548410956000794],[-3.102595790563271,42.536163642138376],[-3.077842780419985,42.539755153977126],[-3.0700137997970387,42.529135647192334],[-3.0831912914449617,42.49146352781952],[-3.0600660865806617,42.47146474949858],[-3.049214035799139,42.45234446942169],[-3.058231573928026,42.425860296715314],[-3.056035326069434,42.38028168415235],[-3.071951667035819,42.359378567366946],[-3.107866787222463,42.348965766157164],[-3.099572720404751,42.33250682193227],[-3.0980999411593757,42.307753810889665],[-3.087893846423867,42.269952501206944],[-3.0908394031159787,42.24907522194394],[-3.1022082178349706,42.2178368192138],[-3.120449997869116,42.1962877472817],[-3.0871445375903477,42.158563951065446],[-3.0777652651548806,42.13768667270176],[-3.0552343412918503,42.12525849078668],[-3.0263213767301522,42.08797394504148],[-3.0108442853355086,42.08213450850076],[-2.9341564603523693,42.08270294928167],[-2.9176200017616907,42.057174790983765],[-2.9101785947663643,42.02343008113331],[-2.8709303451593087,42.01474843978866],[-2.8128460354162144,42.03805451090693],[-2.796283739303135,42.056012071000225],[-2.7985575024268314,42.07076569288239],[-2.785896775615697,42.10109975804738],[-2.762228970190847,42.118101305530786],[-2.7353572247561146,42.12011668623603],[-2.7171929590878108,42.1141997344302],[-2.7157460191634755,42.07991242132118],[-2.7341686672502306,42.06407359472058],[-2.7474495098869625,42.03603913020169],[-2.743599615629762,42.02252574356817],[-2.690605435392513,42.01159617842086],[-2.671846889622259,42.00045990679922],[-2.619550339576506,42.00232025787358],[-2.572938198239285,42.000149848436706],[-2.536919725265136,42.052575588792365],[-2.5156548732737747,42.06880198812121],[-2.5115724350198434,42.10513052035719],[-2.481522589795702,42.108231105780874],[-2.4374425931011956,42.1318989121051],[-2.410467494879015,42.13856517184519],[-2.347448086160284,42.14220836052738],[-2.2961333889447815,42.13779002548927],[-2.281224738330991,42.12993520824324],[-2.272233038623824,42.10192658124669],[-2.2455163228200377,42.089524237753324],[-2.1896799377789193,42.10407115316116],[-2.137874315047611,42.10156484604079],[-2.1226814435937627,42.090712796158584],[-2.127797409722689,42.07789703971656],[-2.1489847482475284,42.06477122671072],[-2.146194220287043,42.0432221538793],[-2.1166353005786505,42.02203481715304],[-2.1045946922912435,42.0000723331716],[-2.1153950671286452,41.99139069272627],[-2.110640835306299,41.96340790505076],[-2.0952154198557764,41.952736721422525],[-1.9982704332339267,41.933513089457506],[-1.9779357572294316,41.92054230428391],[-1.9438551496954233,41.92046478901875],[-1.9224611073942128,41.925735784778624],[-1.857736375433376,41.95480377897121],[-1.8515868796308155,41.90615041850697],[-1.8368849345920921,41.874085190778885],[-1.8160334937507514,41.85168345812508],[-1.8177646554145213,41.83605133709949],[-1.8458507958775385,41.79073110605566],[-1.8189015360770213,41.75781321940451],[-1.8085404117106236,41.73750438092242],[-1.785544398954869,41.71928843841067],[-1.788179897284465,41.70574921335549],[-1.807326015783019,41.670428372371475],[-1.8249735166145342,41.65802602797879],[-1.8443521791097623,41.65686330799525],[-1.8747895979615805,41.6369420440401],[-1.8939615539825354,41.62944896110065],[-1.9235204736909282,41.60299062771526],[-1.9694608223590535,41.607719021115884],[-1.9882710431741089,41.59549754477587],[-1.9759203756248667,41.54265839327019],[-1.9787109026860321,41.50762177222697],[-1.9691249246755547,41.47979401328308],[-1.9528468494025901,41.457831529301586],[-1.9459480447664532,41.41553436931565],[-1.9798477851471716,41.40494070095258],[-2.014057582991086,41.388068346476985],[-2.030619880003485,41.38543284814739],[-2.0408259747389366,41.39473460531775],[-2.0409810043698826,41.424887804228774],[-2.0521172750922005,41.43499054617672],[-2.0997112701589913,41.442612820325394],[-2.1195808581700817,41.42367340830111],[-2.1279524402528978,41.37675120680274],[-2.1401480781713076,41.36269521691071],[-2.1662446763507432,41.34595205274502],[-2.171877407316515,41.327761949554315],[-2.1733501856625708,41.294585680484715],[-2.1592166814047573,41.26921255091844],[-2.15133602483769,41.23128205002655],[-2.1491397769791547,41.19394582833729],[-2.1382360502535107,41.181465969578824],[-2.0837432523492225,41.171879991568346],[-2.0532283191316196,41.15035675715859],[-2.0526598783507097,41.13552562091064],[-2.0617807683677825,41.109997464411435],[-2.0572849189638305,41.08498607005106],[-2.0729428784111406,41.07888825109188],[-2.09121049596763,41.09444285685231],[-2.128960129706229,41.11645701857651],[-2.145186529934392,41.11438996012856],[-2.177613491069792,41.090670477860215],[-2.2370413879497164,41.088965156416805],[-2.260554164642997,41.07604604808665],[-2.288356086064539,41.06751943637289],[-2.3268808661590583,41.065245673249194],[-2.3644754702667683,41.080671087800454],[-2.409201423007289,41.0649872908308],[-2.4497157453853333,41.07459910726294],[-2.467621628635243,41.086071274769495],[-2.4814450754299173,41.113821520246915],[-2.5056038072698925,41.12472524697256],[-2.5227862210073226,41.15263052028229],[-2.532062139755965,41.15722972337301],[-2.5671762760642878,41.14555084939218],[-2.5863223936635222,41.14958161080267],[-2.5802245747043457,41.16575633418745],[-2.5848237777951226,41.17939891203014],[-2.6083623929101236,41.19557363541492],[-2.593350388609565,41.20358348229183],[-2.59192928710695,41.22198029195687],[-2.6182584292831166,41.22009410336017],[-2.639471605330357,41.234873561865356],[-2.7092347881549586,41.25252106449551],[-2.728096685813398,41.2727782252349],[-2.7518161689810086,41.27394094521844],[-2.781297573424297,41.26104767530995],[-2.805895554836013,41.2599366321698],[-2.8440844381462966,41.26792064152437],[-2.8638506742692016,41.27874685298485],[-2.8796378240263607,41.31458445880571],[-2.9097135067729027,41.32212921768922],[-2.9298156396800437,41.31628978114844],[-2.9440008198819214,41.29908152898935],[-2.9822672175580465,41.287247626276894],[-3.048903978335943,41.280917263321044],[-3.083811408169936,41.2807622336901],[-3.1987914701502405,41.30120026338142],[-3.219823778144871,41.293035386873555],[-3.2491759913789338,41.266628730331604],[-3.2798717917498266,41.26600861270731],[-3.291085577737249,41.260685940104054],[-3.3397647766231557,41.253554592370506],[-3.3897100491794276,41.25556997307575],[-3.416891852077299,41.26409658478951],[-3.4065307277109014,41.24404612872581],[-3.411310797954968,41.21360870987405],[-3.442109951113366,41.206529038983945],[-3.5196246001951295,41.162216498292764],[-3.5457728743186863,41.1617514102993],[-3.5922041494019936,41.15407746020662],[-3.623881801703817,41.13940135448888],[-3.684911668138966,41.084701850110264],[-3.7279064601150367,41.061990058194624],[-3.752762823945204,41.04302480684936],[-3.7871276514200076,40.99677439981866],[-3.805731166659996,40.98726593707329],[-3.8918757802430832,40.964838365098444],[-3.9347930569540495,40.926158556272355],[-3.9530606754098585,40.8943000350186],[-3.952931484200633,40.865206204202934],[-3.96365434377293,40.84802379046556],[-3.9686152820696066,40.81828400270456],[-3.9840923725649304,40.788725083895486],[-4.0187414208799055,40.77937164988174],[-4.0598500233599,40.78412588170403],[-4.090106574159051,40.76913971582519],[-4.161290859385645,40.687310086291404],[-4.168189663122462,40.66759552701194],[-4.1712902494454625,40.629897569217405],[-4.184364385607921,40.61635834416222],[-4.242086961044436,40.60279328068532],[-4.266349045671916,40.611423245186586],[-4.278880581273825,40.627572130149645],[-4.290301072836257,40.621629339922094],[-4.284461636295475,40.58413808950121],[-4.293298306371753,40.565947984511865],[-4.318981493401225,40.54403717737381],[-4.318748949404494,40.482490546101815],[-4.315234951032153,40.46926138030841],[-4.328722500143272,40.432571112866526],[-4.32482092904263,40.41326996473708],[-4.374947068752249,40.40471751640024],[-4.407270677100087,40.408464056970615],[-4.431481085783503,40.38931793937138],[-4.44029191743806,40.35019888007423],[-4.4576293599070596,40.326221015387546],[-4.496360845576589,40.31645416932446],[-4.5249895901974355,40.33898509408681],[-4.53762447768753,40.33407583353289],[-4.529821336385567,40.29666209657847],[-4.5497167628183774,40.263124091403654],[-4.558140020845315,40.22917267507887],[-4.571885952374828,40.21201609976316],[-4.602426724014094,40.202249253700074],[-4.63937537297511,40.19708161072771],[-4.672009039685463,40.206745104003346],[-4.68407548729391,40.21708038994802],[-4.700043504204359,40.27560395016212],[-4.779935269197324,40.265320340161566],[-4.800760870717625,40.265656236046425],[-4.815023566184664,40.229844469546606],[-4.843161382591745,40.2065900743724],[-4.865459764256741,40.19682322920863],[-4.903493617936135,40.17395640676273],[-4.9224071924380155,40.14028921217738],[-4.951656052884516,40.12277090075645],[-4.988630540267252,40.114037584367],[-5.007880010653992,40.122486680815655],[-5.014546271293398,40.15088288054051],[-5.032322964233401,40.15481028916349],[-5.057851120732664,40.14855744147275],[-5.089812994773922,40.12628489822947],[-5.141179368832809,40.09478811308094],[-5.166785040597176,40.08881948533099],[-5.190582038130572,40.08943960205596],[-5.230321214152696,40.106466987061765],[-5.327963832764681,40.11589793634067],[-5.3615018379395,40.164835516745654],[-5.364705776150686,40.20969065979608],[-5.350029670432946,40.245450751251155],[-5.373077358233502,40.2544166125366],[-5.423591070671364,40.243125312183395],[-5.478135545419093,40.204212958461255],[-5.500718146125564,40.19837352102115],[-5.539811367000993,40.197443345933664],[-5.577741868792202,40.20777863187834],[-5.603812629449294,40.219405829015784],[-5.62704118530246,40.24400381132682],[-5.686908331754125,40.281495063546345],[-5.727732713394005,40.29397492140549],[-5.762433437653044,40.28441478091736],[-5.783646612800965,40.286145942581186],[-5.79181148930877,40.29604197895412],[-5.781579556151598,40.32335297306122],[-5.794989589997613,40.34182729799136],[-5.867620815148484,40.32492910419478],[-5.881805996249739,40.31748769809877],[-5.903690964966074,40.28425975218579],[-5.925550096160009,40.281495063546345],[-5.98761349136953,40.303225003531054],[-6.023011846719385,40.327771308099386],[-6.080036790165764,40.34839020404468],[-6.086625534640746,40.365081692266244],[-6.069107225018456,40.39629425747398],[-6.074610764775002,40.40474335392264],[-6.115822720042502,40.4212539740916],[-6.1179672919569725,40.43381134721585],[-6.146518521312714,40.4413044301553],[-6.172899339433002,40.460915635747995],[-6.206669887705175,40.47755544712618],[-6.236693895406972,40.47944163752152],[-6.280205451320512,40.45598053587298],[-6.323148565553879,40.44631704439604],[-6.349503547051086,40.4306074081054],[-6.3627327128444335,40.410401923310076],[-6.421307949002653,40.39340037672599],[-6.442262742631499,40.37593374304777],[-6.515539923828442,40.35242096635449],[-6.546881680245349,40.33363658306183],[-6.557966274124283,40.321570136352705],[-6.552772792730195,40.30084788672059],[-6.556105923049927,40.287101956090396],[-6.585148077921474,40.27198659900233],[-6.655040451955301,40.262038885785955],[-6.68857845713012,40.2497398950801],[-6.717646450423331,40.258938300362274],[-6.758780890425783,40.244830634526124],[-6.785135871023613,40.248706367205045],[-6.824513311839894,40.2463550888163],[-6.844253708641759,40.25578603809515],[-6.8745090921208885,40.27918816670052]],[[-4.321926891812609,40.65787851957799],[-4.258436899343451,40.66164683003717],[-4.276278696904342,40.69266123592729],[-4.299349987411972,40.69623179266307],[-4.3184881711921435,40.6823560592847],[-4.321926891812609,40.65787851957799]]],[[[-2.6262941145817535,42.77320343698898],[-2.5963476221450605,42.77364268746004],[-2.5781058412115954,42.76049103513316],[-2.5560658428643706,42.756382758457505],[-2.5619311178268163,42.73914866787669],[-2.580431281178676,42.71847809508802],[-2.6007917947055716,42.70437042925187],[-2.572137214360964,42.677395331029686],[-2.5595023259715504,42.673519599250085],[-2.5257834536434984,42.689487617059854],[-2.5129418596790742,42.65336579039888],[-2.538237473980246,42.64336640123838],[-2.5569185035860755,42.65336579039888],[-2.634071418361259,42.65476105437915],[-2.6843525859031274,42.67028982171786],[-2.7524362857060396,42.68183950538884],[-2.8141379457096605,42.70292348932753],[-2.8653234517159376,42.73628062644974],[-2.868113978777103,42.751395981739165],[-2.832870653058194,42.78725942598169],[-2.81659257598659,42.793977363464535],[-2.752798020911939,42.79697459610071],[-2.7261329819515936,42.79506256818297],[-2.6389031636500704,42.77423696486403],[-2.6262941145817535,42.77320343698898]]]]},"properties":{"name":"Castilla y León"}},{"type":"Feature","geometry":{"type":"MultiPolygon","coordinates":[[[[0.17304406063487932,40.730899156570786],[0.1989856300827455,40.72717845352281],[0.2192944676655202,40.730537421364886],[0.24378909718905106,40.70304555920518],[0.2656999043271071,40.69787791623281],[0.2877140642526683,40.683821926340784],[0.2762418958467947,40.65431468437515],[0.29314008964342975,40.63214549391938],[0.31660119039258916,40.622585354330624],[0.3875012547790675,40.60374929509385],[0.41840376072497065,40.5908301867637],[0.43685224813270906,40.5774459913394],[0.45607588099710483,40.549204820346176],[0.5237595920331638,40.526163029399385],[0.5013126960000704,40.48419830900008],[0.4526473320000832,40.43406810100004],[0.4461369150000678,40.40843333500004],[0.42025800900006516,40.38825104400007],[0.35059655000009116,40.28489817900004],[0.29883873800008587,40.24677155200004],[0.26474043100006384,40.20978424700007],[0.20525149800005238,40.171535549000055],[0.14454186300008587,40.07884349200009],[0.11703535200007309,40.056341864000046],[0.06617272200008983,40.03192780200004],[0.0404972670000916,40.00287506700005],[-0.002919074999908844,39.93195221600007],[-0.028675910999936605,39.90180084800005],[-0.09129798099991149,39.84792715100008],[-0.1944880852569213,39.715440171426735],[-0.2089330719999225,39.66408926000008],[-0.2437231109999516,39.63104889500005],[-0.26956132699990576,39.59870026200008],[-0.28148352799991017,39.56936269700009],[-0.31273352799991017,39.53400299700007],[-0.32335364499994057,39.51622142100007],[-0.3305934769999226,39.480406634000076],[-0.3274715699999433,39.43067493700005],[-0.3206680979999419,39.38812897300005],[-0.3013402989999463,39.32200755400004],[-0.23870140799994033,39.21544586500005],[-0.21549282399990943,39.18183854400007],[-0.24218216599990683,39.16627518000007],[-0.22670336299995597,39.11178175500004],[-0.21002659599992057,39.078690194000046],[-0.15802975199994762,39.00214264500005],[-0.12067623599995159,38.95111725500004],[-0.10594641799991678,38.93650950700004],[-0.06859290299991017,38.913397528000075],[-0.030995245999918097,38.88275788000004],[-0.009755011999914132,38.86969635600008],[0.01742597700007309,38.86432526200008],[0.06308027400007177,38.86078522300005],[0.11101321700004974,38.84992096600007],[0.15398196700004974,38.83100006700005],[0.18531334700008983,38.80353424700007],[0.1828719410000872,38.79181549700007],[0.23406009200004974,38.757879950000074],[0.2277124360000471,38.73456452000005],[0.19206790500004445,38.73041413000004],[0.1626082690000885,38.71352773600006],[0.1450301440000885,38.68634674700007],[0.12574303500008455,38.68549225500004],[0.08301842500009116,38.66095612200007],[0.06043541800005414,38.634833075000074],[0.015025261000062073,38.62474192900004],[-0.01475989499994057,38.62441640800006],[-0.04295813699991413,38.61172109600005],[-0.05475826699995423,38.59528229400007],[-0.053618943999936164,38.56696198100008],[-0.06004798099991149,38.552720445000034],[-0.09019934799994189,38.53534577000005],[-0.13174394399993616,38.53534577000005],[-0.17699133999991545,38.52724844000005],[-0.20213782499990884,38.519598700000074],[-0.2339574859999516,38.501654364000046],[-0.32941646999995555,38.470038153000075],[-0.39517167899992955,38.413763739000046],[-0.4060766269999476,38.398871161000045],[-0.4136856759999432,38.36481354400007],[-0.4458715489999463,38.36343008000006],[-0.47057044199993925,38.35187409100007],[-0.4743546209999181,38.33673737200007],[-0.5098363919999542,38.33836497600004],[-0.5187882149999155,38.29865143400008],[-0.5040177069999459,38.20722077000005],[-0.5154516269999476,38.19550202000005],[-0.5328669909999348,38.19216543200008],[-0.5688370429999168,38.194199937000064],[-0.5913793609999516,38.18964264500005],[-0.6094864569999459,38.17804596600007],[-0.6343888009999432,38.145819403000075],[-0.6450089179999168,38.11603424700007],[-0.6545304029999102,37.98932526200008],[-0.6634008449999556,37.98029205900008],[-0.6899307929999168,37.97215403900009],[-0.7184138659999348,37.943019924000055],[-0.7586156889999529,37.863348700000074],[-0.7605749896440557,37.845898277583444],[-0.7797143209591582,37.84291006155007],[-0.8125546941438415,37.86029918086251],[-0.838702969166718,37.86797313095519],[-0.9166827053425664,37.933550522738415],[-0.9343818830175223,37.96047394501653],[-0.9550007798621323,37.98432261849405],[-0.982234258704068,38.02641307200565],[-1.0200355701854278,38.06850352641658],[-1.0308101057018462,38.097054754873],[-1.0329030007728761,38.11689850536169],[-1.0228260972465932,38.14630239543919],[-0.9936547511658205,38.18097728127651],[-0.9831644346909343,38.202991441202016],[-0.9694185040607408,38.258698635033966],[-0.9691601216422896,38.2708425970082],[-0.983629522684339,38.310917669814614],[-1.0118706927782455,38.334818020135515],[-1.076672939104867,38.34970083322685],[-1.0839593155699845,38.37460887300108],[-1.0820989653949482,38.43114289003233],[-1.0689473130680653,38.44964305338419],[-1.0240146547525342,38.483387763234646],[-1.016547410234807,38.498425605057605],[-1.018795334936783,38.52162832338837],[-1.0056695210315638,38.56462311536444],[-1.0054369779342096,38.59030630149459],[-1.0221284652564577,38.654540107040305],[-1.0064705058092045,38.6583124860324],[-0.9771699694185827,38.656452134958045],[-0.9395753653108727,38.663996893841556],[-0.9081560936288042,38.681360174732276],[-0.9034793770716192,38.6886982289401],[-0.9422883771069337,38.73117625607932],[-0.9536830311469657,38.762647202806136],[-0.9490838280562457,38.777271633479074],[-0.9204809227563828,38.79176687294279],[-0.913272060657107,38.82458140680643],[-0.9262170074089795,38.8552513705543],[-0.9209460107497875,38.8861538765002],[-0.9591865709035119,38.94002655678014],[-0.9910709287803456,38.95121450524522],[-1.0378639390695525,38.93731354408476],[-1.066105109163459,38.93808869134],[-1.1210371566394883,38.93258515158345],[-1.15147457459193,38.94852733007218],[-1.248367886169035,39.03813426428485],[-1.2558092922650417,39.047280991824266],[-1.2621138167992285,39.073687649265594],[-1.2549824690656806,39.096063544397055],[-1.226922166125064,39.14680980083165],[-1.201807419876559,39.17042593031243],[-1.1785788640233932,39.220552070021995],[-1.1782946440825413,39.257707424557964],[-1.1703364731497459,39.28829987214135],[-1.1777262033016314,39.30411286121955],[-1.3104829573226198,39.33728913028909],[-1.339680141825113,39.341733302849605],[-1.3850003728689444,39.36498769802381],[-1.4062393864385285,39.37059459146718],[-1.4457460193632983,39.36689972594155],[-1.4523864397824013,39.39020579705988],[-1.5010161399828803,39.42204162751909],[-1.517447069426737,39.44108124380432],[-1.5181963773609368,39.45182994179834],[-1.5064399890142681,39.47604035138107],[-1.4999029195840876,39.53567495383601],[-1.5031585346386578,39.55293488193922],[-1.494425218249205,39.567275091772046],[-1.463186814619803,39.59024526610614],[-1.4275300759522338,39.64522899042555],[-1.3989530090740914,39.66894847269384],[-1.3720295876953514,39.68357290336678],[-1.3539945132362163,39.683624579310845],[-1.320353156173212,39.67137726544843],[-1.2921895004450903,39.67266917574182],[-1.2654986230630243,39.69380483742327],[-1.269736090048525,39.71881622998501],[-1.2670489157748648,39.74346588824011],[-1.2255785789882339,39.79630503974579],[-1.2178012761079913,39.81191132324892],[-1.202866787072594,39.863303533930946],[-1.1966914528482562,39.9105874697359],[-1.2066133276429696,39.93857025831073],[-1.1962263657541712,39.95063670501992],[-1.1579341287570628,39.963891710134305],[-1.1454801093195783,39.97228912973952],[-1.1293829003006408,39.964046738865875],[-1.0534960600950853,39.97882619916976],[-1.0002693340625228,39.97921377189806],[-0.9724674144396204,39.97404612892569],[-0.9230647442425379,39.95598521604484],[-0.9047712873650084,39.93461701126603],[-0.9121093406735667,39.90640167869452],[-0.9043578762150446,39.89480031997874],[-0.9023941723531834,39.865396429901296],[-0.878054571561222,39.85224477847373],[-0.8469970359844297,39.85534536389741],[-0.7912898421524801,39.877540391875584],[-0.7974651763768179,39.88748810509196],[-0.8238201560753282,39.90632416432868],[-0.8325017974200364,39.91942413981218],[-0.8390905418950183,39.94583079725345],[-0.8356540587877817,39.96763825070468],[-0.8244402728003593,39.9814875350217],[-0.7907730782150111,39.99295970342757],[-0.766175095903975,40.00939280923075],[-0.7577001610335969,40.03461090826676],[-0.7466930806211849,40.04143219673847],[-0.7220434232654043,40.03988190402663],[-0.6838545390557442,40.044429430273965],[-0.6143497377502172,40.07174042438106],[-0.6195173807225274,40.099128932853944],[-0.6134195617633509,40.11390839315777],[-0.5831888493859196,40.13481150994323],[-0.5700371970589799,40.15351837797073],[-0.5678151107787244,40.16907298373121],[-0.5522863434400165,40.20028554893889],[-0.5518212554466118,40.228449205566335],[-0.5343804592907873,40.240412299488014],[-0.5011266749560832,40.23030955754001],[-0.4423188948011898,40.2377509627367],[-0.4058611722552996,40.25113515906031],[-0.3914176087356509,40.263925076181295],[-0.39092668321984547,40.29557689096072],[-0.35715613404835267,40.31774608051717],[-0.3316538150714905,40.345651353826895],[-0.29209550620265645,40.365520941837985],[-0.2890982726671609,40.389214586583876],[-0.30723670081312093,40.407921453712106],[-0.3354778709070274,40.427765204200796],[-0.3398962059451378,40.44269969323625],[-0.32369564503801485,40.45696238870323],[-0.27736772274221266,40.4718193633729],[-0.27263932934158674,40.48143117890578],[-0.2806233377968397,40.49985382699248],[-0.29669470929343333,40.507915350712835],[-0.29266394698356635,40.54850718835604],[-0.2985550603677325,40.57664500656176],[-0.2943692693263529,40.60576467489983],[-0.32511674564131,40.604240221508974],[-0.37459693020417717,40.61819285681486],[-0.3773099428995579,40.660154120016614],[-0.3458131577510244,40.67390005154613],[-0.3044978496960198,40.663254706339615],[-0.23408871082534688,40.69480316833153],[-0.22923112621549535,40.701030178499934],[-0.22341752809643367,40.745316880769394],[-0.19481462189730792,40.77598684271857],[-0.16579830634674408,40.77991425224093],[-0.11996130956680418,40.75327505080293],[-0.07448604979140327,40.7308474797274],[-0.04826026040268516,40.72717845352281],[0.001581659366081567,40.72963308379974],[0.01816979300156163,40.72614492384912],[0.0295386077205535,40.69960907609794],[0.04504153843623726,40.69617259389008],[0.08152509940379105,40.71642975552879],[0.10710493274643795,40.72154572255704],[0.14498375769426275,40.722579251331354],[0.17304406063487932,40.730899156570786]]],[[[-1.1627141990010728,40.011459865880056],[-1.242967699199994,39.99737803846568],[-1.2859108143326239,40.00618887012024],[-1.3695491189966447,40.01634328891163],[-1.3783082747071376,40.02213104950829],[-1.4168847307457213,40.109541734063725],[-1.4523347638382802,40.13067739484586],[-1.4485365464244637,40.14979767492275],[-1.3954648500228473,40.14008250570305],[-1.3641230936058832,40.139617417709644],[-1.3245389472146485,40.149280910985226],[-1.3184669657778727,40.16380198797134],[-1.3222910216133528,40.17904653626863],[-1.314229498792372,40.19527293649679],[-1.2945924538786358,40.20162913697504],[-1.2715189267570963,40.162716783252904],[-1.2461199605677393,40.144862575947116],[-1.2346736305835861,40.12295176880906],[-1.2150882634126106,40.11589793634067],[-1.1510611643412858,40.11005849890057],[-1.1258430653052187,40.09791453692634],[-1.0799543925811577,40.06577179573179],[-1.0756135728081517,40.052129217889046],[-1.0917107809278264,40.03455923142337],[-1.1390722310986234,40.0162140977024],[-1.1627141990010728,40.011459865880056]]]]},"properties":{"name":"Comunidad Valenciana"}},{"type":"Feature","geometry":{"type":"MultiPolygon","coordinates":[[[[-1.0221284652564577,38.654540107040305],[-1.0054369779342096,38.59030630149459],[-1.0056695210315638,38.56462311536444],[-1.018795334936783,38.52162832338837],[-1.016547410234807,38.498425605057605],[-1.0240146547525342,38.483387763234646],[-1.0689473130680653,38.44964305338419],[-1.0820989653949482,38.43114289003233],[-1.0839593155699845,38.37460887300108],[-1.076672939104867,38.34970083322685],[-1.0118706927782455,38.334818020135515],[-0.983629522684339,38.310917669814614],[-0.9691601216422896,38.2708425970082],[-0.9694185040607408,38.258698635033966],[-0.9831644346909343,38.202991441202016],[-0.9936547511658205,38.18097728127651],[-1.0228260972465932,38.14630239543919],[-1.0329030007728761,38.11689850536169],[-1.0308101057018462,38.097054754873],[-1.0200355701854278,38.06850352641658],[-0.982234258704068,38.02641307200565],[-0.9550007798621323,37.98432261849405],[-0.9343818830175223,37.96047394501653],[-0.9166827053425664,37.933550522738415],[-0.838702969166718,37.86797313095519],[-0.8125546941438415,37.86029918086251],[-0.7797143209591582,37.84291006155007],[-0.7605749896440557,37.845898277583444],[-0.7560929029999102,37.80605703300006],[-0.7607315749999088,37.796128648000035],[-0.7879939439999362,37.82282135600008],[-0.8124080069999309,37.77008698100008],[-0.8478083979999269,37.75608958500004],[-0.8561091789999296,37.74249909100007],[-0.8526098299999489,37.72378164300005],[-0.8198136059999115,37.67670319200005],[-0.8099259109999366,37.666896877000056],[-0.7547908189999362,37.64130280200004],[-0.7348526679999168,37.63934967700004],[-0.7264705069999309,37.65151601800005],[-0.7079971999999088,37.643011786000045],[-0.7053116529999102,37.61953359600005],[-0.7278946609999366,37.60342031500005],[-0.7640274729999419,37.599595445000034],[-0.8079727859999366,37.58844635600008],[-0.8364151679999168,37.57640208500004],[-0.8738907539999445,37.57640208500004],[-0.9006241529999102,37.56903717700004],[-0.9251602859999366,37.555894273000035],[-0.9735001289999445,37.57640208500004],[-1.0064184239999463,37.58144765800006],[-1.0699356759999432,37.58258698100008],[-1.1034236319999309,37.57640208500004],[-1.1199845039999445,37.559027411000045],[-1.1057666879999601,37.532134935000045],[-1.1670574809999152,37.543755316000045],[-1.1785853259999612,37.563883357000066],[-1.1997320679999461,37.56656465400005],[-1.242698867999934,37.57920279700005],[-1.2616705869999123,37.55766126800006],[-1.3237351409999292,37.56199082100005],[-1.3691707019999058,37.54136790600006],[-1.4136856759999432,37.50653717700004],[-1.4502253899999573,37.49469635600008],[-1.4708959629999185,37.48224518400008],[-1.4883520169999542,37.43321360900006],[-1.5150040359999366,37.43321360900006],[-1.5437312489999613,37.41498444200005],[-1.5677384109999366,37.40993886900009],[-1.6187231109999516,37.392279364000046],[-1.6416177129999596,37.38103644700004],[-1.7324210266090745,37.438438625941785],[-1.7927015851100805,37.45073761754696],[-1.8056982078060742,37.43745677311159],[-1.838409389781532,37.454820054901575],[-1.9878317936024246,37.63899485892557],[-2.0007250626115365,37.65382599517352],[-2.0055309721766434,37.68085277023914],[-2.004445766558888,37.70454641408571],[-1.9951956853326465,37.735474758453336],[-2.002817958581943,37.78802969001816],[-1.994110479714891,37.80968211473777],[-1.993257818993186,37.83384084747712],[-1.9761270820991967,37.860144151231566],[-1.9827933409399634,37.8708153348598],[-2.0769736389223112,37.88109894486041],[-2.125471970654928,37.89874644569187],[-2.1717998929507303,37.89644684504583],[-2.232235480183249,37.92641917590424],[-2.2614326637864224,37.95352346533565],[-2.29623674173223,38.00057485624461],[-2.338533900818902,38.02649058727076],[-2.3242195303070616,38.06237986903568],[-2.2809663559125966,38.10323008909734],[-2.2505289370607784,38.136277166957655],[-2.2119266417011545,38.19593760783431],[-2.170327113705355,38.223817044520956],[-2.1274098369943886,38.235185859240005],[-2.0850610010643322,38.26582998276746],[-2.0590677556724017,38.29037628823511],[-2.0428930322876226,38.298360296690305],[-2.023359341060768,38.298980414314656],[-1.998890549958901,38.28215973578318],[-1.9848087216452086,38.279265855035135],[-1.9261818104421877,38.291048081803524],[-1.8858483543181137,38.30624095325737],[-1.8480212062137298,38.32908193638224],[-1.7957246570672964,38.353912461790685],[-1.792779100375185,38.36510040935639],[-1.7505336172326338,38.38034495675436],[-1.7190368311848374,38.37135325794645],[-1.702655402225048,38.37362702107015],[-1.6831217109981935,38.36243907350439],[-1.6819331525929329,38.33156240508089],[-1.6677996483351194,38.31967682642437],[-1.6267427226985092,38.31140859622968],[-1.5673148258185847,38.32621389405597],[-1.494709438190057,38.3731102562333],[-1.4810151844032475,38.38827728926549],[-1.4779404356026475,38.40367686629435],[-1.4832889466275674,38.43569041627967],[-1.485717739382153,38.48369782249648],[-1.5019958146551176,38.53490916602516],[-1.4851492977019234,38.56291779212239],[-1.4645304017566332,38.57619863475918],[-1.4542726301777407,38.58968618387024],[-1.450319383133035,38.62772003844901],[-1.43362789581073,38.65583201823301],[-1.3857755192248646,38.696914781392024],[-1.363502976880909,38.70130727800847],[-1.3453387112125483,38.68657949544735],[-1.3342024395909107,38.68673452417892],[-1.2782368642398865,38.71159088800903],[-1.2333817202901969,38.74213165874903],[-1.1741863674069464,38.75409475446935],[-1.128426885892054,38.743371893997676],[-1.1142933816342406,38.734690253552344],[-1.1053016828263935,38.70750844975515],[-1.077861496610808,38.68761302332234],[-1.0221284652564577,38.654540107040305]]],[[[-0.7327367829999503,37.747748114000046],[-0.7512100899999155,37.71328359600005],[-0.7481990229999269,37.77049388200004],[-0.7327367829999503,37.747748114000046]]]]},"properties":{"name":"Murcia"}},{"type":"Feature","geometry":{"type":"Polygon","coordinates":[[[-6.82828569173131,42.914796861086245],[-6.836889817810857,42.96270091451555],[-6.868851690952795,42.98866832148582],[-6.9137068340032215,42.994740302023274],[-6.945203620051018,43.02460928009418],[-6.95373023086546,43.00492055923638],[-6.975847743578527,42.998305976339736],[-6.98845679444554,43.01933828433431],[-6.9795684466265016,43.036624049959926],[-6.963445400085163,43.04259267770988],[-6.945203620051018,43.076724962087326],[-6.91324174600976,43.080574856344526],[-6.868980882161964,43.09530263890565],[-6.83154130678588,43.12015900273576],[-6.832161424410231,43.139899400436946],[-6.866293707888303,43.17529775668612],[-6.879962124152712,43.17059520080784],[-6.898462286605252,43.14912364414084],[-6.9434207833425035,43.13261302307251],[-6.97091264460289,43.1517333031494],[-6.972669643789061,43.16886404094271],[-6.965564133577914,43.195012315066265],[-6.995898199642227,43.2060452339004],[-7.050959438327425,43.2373094750522],[-7.062793341039878,43.25487946241725],[-7.0712682759101995,43.297719224762375],[-7.108371955401424,43.3190357526978],[-7.121601121194772,43.33678660721614],[-7.126045294654659,43.372701728302104],[-7.1366131245960105,43.38210683915929],[-7.1669471906603235,43.38621511493557],[-7.171623908116885,43.39611115220788],[-7.166869676294539,43.423396307893256],[-7.1376208149486615,43.431457830714294],[-7.11273861269683,43.42933909812086],[-7.081138474760792,43.45605581302533],[-7.0505201887557405,43.476338813085704],[-7.046922738074349,43.48367793486463],[-7.0383194649999155,43.47919342700004],[-7.02375240799995,43.525824286000045],[-7.010365363999938,43.53322988500008],[-7.001372850999928,43.55666738500008],[-6.943959113999938,43.56598541900007],[-6.84593665299991,43.56863027600008],[-6.8307185539999296,43.56513092700004],[-6.7708227199999556,43.56863027600008],[-6.703724738999938,43.55756256700005],[-6.64867102799991,43.57904694200005],[-6.597727016999954,43.57522207200009],[-6.546620245999918,43.561835028000075],[-6.510121222999942,43.54747142100007],[-6.488270636999914,43.555121161000045],[-6.462961391999954,43.55495840100008],[-6.469105597999942,43.575384833000044],[-6.417632615999935,43.56114329600007],[-6.366118943999936,43.56863027600008],[-6.314605272999927,43.56863027600008],[-6.249989386999914,43.584051825000074],[-6.222767706999946,43.59589264500005],[-6.17804928299995,43.575384833000044],[-6.100412563999953,43.569199937000064],[-6.084950324999909,43.575384833000044],[-6.069162563999953,43.56968821800007],[-6.023508266999954,43.58844635600008],[-5.907378709999932,43.58844635600008],[-5.902170376999948,43.59752024900007],[-5.913075324999909,43.61286041900007],[-5.90062415299991,43.62323639500005],[-5.907378709999932,43.636826890000066],[-5.86351477799991,43.64142487200007],[-5.8522029289999296,43.662949937000064],[-5.8363337879999335,43.662217515000066],[-5.803822394999941,43.650498765000066],[-5.782338019999941,43.63703034100007],[-5.7274063789999445,43.589544989000046],[-5.708851691999939,43.56863027600008],[-5.689198370999918,43.578558661000045],[-5.677479620999918,43.56114329600007],[-5.625599738999938,43.55495840100008],[-5.4242244129999335,43.56114329600007],[-5.3938695949999556,43.55524323100008],[-5.390736456999946,43.54132721600007],[-5.420806443999936,43.513373114000046],[-5.413929816999939,43.50653717700004],[-5.372425910999937,43.52020905200004],[-5.356800910999937,43.53860097900008],[-5.341949022999927,43.54063548400006],[-5.284006313999953,43.53347402600008],[-5.211903449999909,43.49835846600007],[-5.177886522999927,43.48936595300006],[-5.091664191999939,43.48627350500004],[-4.975168423999946,43.45876699400009],[-4.952544725999928,43.47007884300007],[-4.930246548999946,43.46950918200008],[-4.907622850999928,43.460638739000046],[-4.836537238999938,43.44977448100008],[-4.754994269999941,43.42165761900009],[-4.734934048999946,43.41710032800006],[-4.513830313924713,43.40283426700749],[-4.513259040272487,43.38435476296189],[-4.537314419325014,43.3483104524654],[-4.521863166352034,43.31996592958399],[-4.5235426502731,43.287900701855904],[-4.537159389694068,43.27720368070527],[-4.551163702742713,43.27916738546645],[-4.563540207814356,43.29420522728941],[-4.592608202006943,43.298158474334116],[-4.617412888993613,43.28986440751635],[-4.643173591288189,43.27219106736385],[-4.682783576101144,43.272501125726365],[-4.715675625229949,43.2646979844244],[-4.727948778413406,43.20775055624313],[-4.74267656097453,43.192144272739995],[-4.770917731068437,43.19493480070048],[-4.831870083137858,43.18868195211036],[-4.859413621241629,43.22340851479112],[-4.878998989311924,43.23516490313773],[-4.9084803937551555,43.2373094750522],[-4.961474574891724,43.216225491113505],[-5.008293422703332,43.192919419995235],[-5.045888026810985,43.18527130832422],[-5.072113817098966,43.172455552781514],[-5.0954715641613575,43.12832388014294],[-5.118131680132933,43.10858348244176],[-5.159550340076123,43.11318268553248],[-5.2120019188535025,43.09395905176882],[-5.307474128028616,43.08548411689844],[-5.361036749946038,43.091530259913554],[-5.382844204296589,43.08532908816687],[-5.389898036764976,43.063780016234716],[-5.418759325382553,43.05186859825716],[-5.473381312697427,43.05111929032296],[-5.490770432909187,43.02864004240399],[-5.517306280660307,43.02905345355401],[-5.540999925406254,43.02179291371198],[-5.561696335717329,43.02295563369552],[-5.578982103141527,43.031172187046764],[-5.637092251306342,43.037993476417796],[-5.665152554247015,43.04827708641835],[-5.705175951109254,43.04879385035588],[-5.729980638095981,43.04057729790395],[-5.755327928341217,43.01008820220875],[-5.762278408022098,42.99316417088977],[-5.778685675403608,42.97466400843723],[-5.8048339504264845,42.9706074077057],[-5.84483150886706,42.9716926133234],[-5.8890148583490145,42.98564525042792],[-5.954669766296661,43.01758128514814],[-5.971257899932141,43.051403510263754],[-5.987794359422139,43.06233307631038],[-6.016758999028582,43.05732046206964],[-6.079106615078217,43.06509776494988],[-6.088330857882795,43.06210053231371],[-6.102386846875504,43.03478953730729],[-6.1355114400009825,43.02711558721455],[-6.199745246445957,43.041042384998036],[-6.218968879310353,43.03360097890203],[-6.234445969805677,43.01435150851529],[-6.253592088304231,43.01799469719748],[-6.297284512270437,43.03396271410793],[-6.329814826193285,43.03786428520857],[-6.364851447236504,43.051429347786154],[-6.392756719646911,43.042205104981576],[-6.413659837331636,43.01649608042976],[-6.414745042050072,43.00486888329232],[-6.446939460088004,42.99277659816147],[-6.475568202910267,42.9918464221746],[-6.481226772297703,42.98238963537335],[-6.444071417761734,42.963992824809],[-6.4490323551590905,42.95107371737811],[-6.5015614492015175,42.92970551169998],[-6.562100389221598,42.91665721305992],[-6.608454149039744,42.919602769751975],[-6.635739304725121,42.92730255826643],[-6.6825064756932875,42.92688914621709],[-6.719429287131902,42.920222887376326],[-6.752373013104091,42.897433580195525],[-6.770873174657311,42.89407461235345],[-6.7953161282367205,42.91086945246326],[-6.82828569173131,42.914796861086245]]]},"properties":{"name":"Asturias"}},{"type":"Feature","geometry":{"type":"MultiPolygon","coordinates":[[[[-4.831870083137858,43.18868195211036],[-4.770917731068437,43.19493480070048],[-4.74267656097453,43.192144272739995],[-4.727948778413406,43.20775055624313],[-4.715675625229949,43.2646979844244],[-4.682783576101144,43.272501125726365],[-4.643173591288189,43.27219106736385],[-4.617412888993613,43.28986440751635],[-4.592608202006943,43.298158474334116],[-4.563540207814356,43.29420522728941],[-4.551163702742713,43.27916738546645],[-4.537159389694068,43.27720368070527],[-4.5235426502731,43.287900701855904],[-4.521863166352034,43.31996592958399],[-4.537314419325014,43.3483104524654],[-4.513259040272487,43.38435476296189],[-4.513830313924713,43.40283426700749],[-4.4816788399999155,43.38361237200007],[-4.460804816999939,43.39870840100008],[-4.432525193999936,43.40261465100008],[-4.404896613999938,43.396999416000085],[-4.385568813999953,43.38361237200007],[-4.359364386999914,43.399684963000084],[-4.31281490799995,43.395778713000084],[-4.188588019999941,43.40538157800006],[-4.160959438999953,43.421169338000084],[-4.097727016999954,43.435614325000074],[-4.029204881999931,43.43825918200008],[-4.005686001999948,43.45079173400006],[-3.981434699999909,43.43825918200008],[-3.965443488999938,43.44684479400007],[-3.974598761999914,43.45876699400009],[-3.9227188789999445,43.48261139500005],[-3.8858536449999406,43.47919342700004],[-3.8568009109999366,43.49237702000005],[-3.8267309239999463,43.49701569200005],[-3.797027147999927,43.49274323100008],[-3.769154425999943,43.47919342700004],[-3.812652147999927,43.46487051000008],[-3.8443090489999463,43.44509511900009],[-3.8312882149999155,43.42458730700008],[-3.796498175999943,43.43077220300006],[-3.772287563999953,43.45250071800007],[-3.75413977799991,43.44049713700008],[-3.7407120429999168,43.44232819200005],[-3.755523240999935,43.47174713700008],[-3.728871222999942,43.46552155200004],[-3.717925584999932,43.48273346600007],[-3.688384568999936,43.48423899900007],[-3.6560766269999476,43.50067780200004],[-3.5794164699999556,43.51825592700004],[-3.554351365999935,43.516913153000075],[-3.556263800999943,43.499701239000046],[-3.539051886999914,43.49896881700005],[-3.5053604809999115,43.47919342700004],[-3.4366348949999406,43.47048574400009],[-3.428618943999936,43.44684479400007],[-3.447010870999918,43.44509511900009],[-3.4700414699999556,43.45416901200008],[-3.4818009109999366,43.42804596600007],[-3.461089647999927,43.41246165600006],[-3.447010870999918,43.43077220300006],[-3.4361873039999296,43.41901276200008],[-3.392486131999931,43.42458730700008],[-3.33031165299991,43.41034577000005],[-3.2689509759999282,43.40412018400008],[-3.200021938999953,43.38552480700008],[-3.176909959999932,43.36623769700009],[-3.1506016760191864,43.36015450895499],[-3.149543829584104,43.32443594056616],[-3.160240850734681,43.30779612918798],[-3.203545701972587,43.29229319937161],[-3.2351975158526898,43.299088650320925],[-3.261035731613731,43.296763211253165],[-3.322944098091682,43.300096341572896],[-3.4308961651259438,43.24345897085482],[-3.4416448631199614,43.23330455206343],[-3.440947231129826,43.18806183538538],[-3.4237906558141162,43.14062286994948],[-3.452005988385679,43.13886587256195],[-3.519030320992556,43.14377513311587],[-3.546082932681202,43.152999375920444],[-3.603779669695996,43.16175853073156],[-3.627783371905082,43.17431590385587],[-3.647807990446438,43.176176255829546],[-3.682327846652811,43.153386949548064],[-3.7062023576526713,43.12971914322384],[-3.7328157206690094,43.1108572455654],[-3.7662245346346026,43.093442287831294],[-3.784647182721301,43.08910146715897],[-3.8132242495994433,43.09085846634514],[-3.8382873190045643,43.08465729369914],[-3.842679815621011,43.05732046206964],[-3.8549012919610846,43.04765696879406],[-3.8961390847509847,43.03318756775201],[-3.9166287912856887,43.01649608042976],[-3.9526214258381174,42.999236152326546],[-3.9836272845715257,42.94032501938409],[-3.984790004555066,42.92582977992038],[-3.9742480130353783,42.91216136275665],[-3.9561612608335395,42.90456492792907],[-3.927790900429727,42.908828233336294],[-3.894821336035818,42.9255972359237],[-3.881333786924756,42.94386485437951],[-3.864642299602451,42.94792145421172],[-3.8362460998775987,42.92787099904734],[-3.839475877409825,42.914176744361214],[-3.8696807522649124,42.899991563260016],[-3.8981544663555496,42.8985704617574],[-3.9092390611337464,42.88027700487987],[-3.900996670260156,42.85536896420632],[-3.885312873290502,42.851234850008325],[-3.86208431563864,42.872008775584504],[-3.8313885161671237,42.87231883394702],[-3.8277970043283176,42.847152410855074],[-3.8156013664099646,42.8237171494269],[-3.815756395141534,42.81004873316249],[-3.8308975897519986,42.79986847594938],[-3.8830391101668056,42.79712962483228],[-3.9174039367422893,42.77346181940743],[-3.9652046373840903,42.76250641493908],[-4.000189581583925,42.76979279230352],[-3.999104376865489,42.81542308170981],[-4.018896449611475,42.816301580853235],[-4.047163459026422,42.7701028515653],[-4.0857657543860455,42.76312653346275],[-4.0961268778531235,42.776200670524474],[-4.120440640223364,42.788964749223794],[-4.158577846690264,42.79351227547113],[-4.185242885650666,42.81196076108023],[-4.184674444869756,42.82348460543017],[-4.1416279769495645,42.8345433617867],[-4.134444953272009,42.853508613131964],[-4.150154587764007,42.862190253577296],[-4.174494187656649,42.857022609705666],[-4.196637538791379,42.84405182633071],[-4.221390549834041,42.85020132123395],[-4.23888302193393,42.92921458618417],[-4.239916550708244,42.950246894178804],[-4.254127570231162,42.957636624330746],[-4.356550259087214,42.98541270643125],[-4.3704253809265765,42.99277659816147],[-4.400811122935011,43.033290921438834],[-4.433961553582833,43.04801870399996],[-4.462874518144531,43.05093842227035],[-4.490857305820043,43.0395954450737],[-4.518710903185649,43.037709256477],[-4.552378098670317,43.02393748652577],[-4.6012381656088905,43.02553945608099],[-4.6391169905566585,43.01977753390605],[-4.689604864572857,43.01959666585344],[-4.726863572795651,43.01592763874953],[-4.738723313929825,43.04809621836574],[-4.758515386675754,43.062281399467],[-4.770452643075032,43.078636990005066],[-4.811380378401736,43.094811713389845],[-4.827890997671432,43.10806671850423],[-4.836030035757574,43.135093491771215],[-4.831870083137858,43.18868195211036]]],[[[-3.3041973613191544,43.260682573541885],[-3.286146823017475,43.25636494638513],[-3.267360201312272,43.227393998034586],[-3.299198581349458,43.2168690954324],[-3.304241306690983,43.22215351986904],[-3.3041973613191544,43.260682573541885]]]]},"properties":{"name":"Cantabria"}},{"type":"Feature","geometry":{"type":"MultiPolygon","coordinates":[[[[-17.933949347999942,27.852036851000037],[-17.914051886999914,27.849554755000042],[-17.896473761999914,27.840318101000037],[-17.879261847999942,27.814520575000074],[-17.885121222999942,27.79791901200008],[-17.92642167899993,27.74282461100006],[-17.930165167999917,27.71865469000005],[-17.945139126999948,27.710760809000078],[-17.965240037999934,27.68699778900009],[-17.971302863999938,27.654364325000074],[-17.97948157499991,27.642523505000042],[-17.994130011999914,27.642238674000055],[-18.015777147999927,27.653469143000052],[-18.039784308999913,27.681341864000046],[-18.053130662999934,27.691229559000078],[-18.126942511999914,27.70026276200008],[-18.146636522999927,27.70856354400007],[-18.16038977799991,27.722357489000046],[-18.167225714999915,27.757554429000038],[-18.14049231699994,27.768784898000035],[-18.097767706999946,27.765366929000038],[-18.056792772999927,27.75649648600006],[-18.04198157499991,27.76520416900007],[-18.003244594999956,27.79881419500009],[-17.989857550999943,27.82371653900009],[-17.96861731699994,27.83222077000005],[-17.933949347999942,27.852036851000037]]],[[[-17.309673192999924,28.207117355000037],[-17.25917329099991,28.21771663800007],[-17.212721082999906,28.20544933000008],[-17.170399542999917,28.18109772300005],[-17.116118943999936,28.146226304000038],[-17.104279473999952,28.123035265000055],[-17.09841969699994,28.10076358500004],[-17.113937354999905,28.080967118000046],[-17.133525170999917,28.069778589000066],[-17.163186525999947,28.045013603000086],[-17.18497531099996,28.031619039000077],[-17.232705541999906,28.019106132000047],[-17.257887594999943,28.024569541000062],[-17.310073186999944,28.053473574000066],[-17.343220901999928,28.097660414000075],[-17.343376510999917,28.133356288000073],[-17.338816928999904,28.171047137000073],[-17.309673192999924,28.207117355000037]]],[[[-16.427695488999916,28.149669540000048],[-16.456776495999918,28.11546458500004],[-16.521546654999952,28.057573086000048],[-16.545765753999945,28.023993231000077],[-16.57971021299994,28.030332462000047],[-16.676339731999917,27.99709648700008],[-16.692683274999922,27.99984694200009],[-16.703551699999934,28.01368318300007],[-16.70409094999991,28.034979559000078],[-16.721058722999942,28.04450104400007],[-16.727894660999937,28.078599351000037],[-16.74160722599993,28.093817450000074],[-16.780629035999937,28.127875067000048],[-16.795399542999917,28.165269273000035],[-16.837147589999915,28.20897044500009],[-16.84398352799991,28.253078518000052],[-16.873402472999942,28.305243231000077],[-16.906605597999942,28.335150458000044],[-16.91605808999992,28.354969806000042],[-16.891935291999914,28.368656446000045],[-16.837439856999936,28.391082809000068],[-16.794178839999915,28.36912669500009],[-16.770130988999938,28.36627838700008],[-16.741566535999937,28.373480536000045],[-16.71961939299996,28.383261875000073],[-16.664179502999957,28.400726786000064],[-16.64439856699994,28.396429755000042],[-16.584633967999935,28.40109951000005],[-16.564478885999904,28.41533534100006],[-16.507135176999952,28.424134052000056],[-16.486903533999907,28.438273596000045],[-16.420399542999917,28.490627346000053],[-16.408273891999954,28.51984284100007],[-16.363352016999954,28.543036200000074],[-16.322743292999917,28.55345286700009],[-16.316395636999914,28.572088934000078],[-16.300160285999937,28.56663646000004],[-16.20270748599995,28.56403229400007],[-16.141346808999913,28.58344147300005],[-16.117746548999946,28.572088934000078],[-16.127070471999957,28.54381850200008],[-16.157397776999915,28.524482834000082],[-16.231391362999943,28.488415548000035],[-16.248014738999927,28.46112282000007],[-16.29613593399995,28.417762461000052],[-16.32389560799993,28.39746947100008],[-16.35551364899993,28.38114977200007],[-16.365771928999948,28.362455298000043],[-16.366106515999945,28.341425299000036],[-16.35810622799994,28.314630928000042],[-16.361332216999926,28.30442345700004],[-16.380015986999922,28.288342115000034],[-16.386773159999905,28.264989735000086],[-16.419232876999956,28.211382738000054],[-16.427966321999918,28.167685903000063],[-16.427695488999916,28.149669540000048]]],[[[-17.75576738199993,28.818508205000057],[-17.757801886999914,28.798651434000078],[-17.741438084999913,28.757911764000085],[-17.721882904999916,28.74902884900007],[-17.721044159999906,28.730643804000067],[-17.751099500999942,28.699983927000062],[-17.76525351999993,28.67754859100006],[-17.74560419599993,28.621886961000087],[-17.759856402999958,28.576821003000077],[-17.783340290999945,28.548595946000034],[-17.830881313999953,28.45538971600007],[-17.86512205699995,28.475381034000065],[-17.872153170999923,28.49442620900004],[-17.879687701999956,28.543712542000037],[-17.91928936799991,28.596303282000065],[-17.924838353999917,28.618339006000042],[-17.963098057999957,28.67148878100005],[-17.97614498599995,28.728176174000055],[-18.00218665299991,28.74957916900007],[-17.996815558999913,28.780096747000073],[-17.970692511999914,28.81321849200009],[-17.936350063999953,28.840318101000037],[-17.911145077999947,28.85561903200005],[-17.89053453999992,28.843945767000037],[-17.84166419199994,28.83543528900009],[-17.801380988999938,28.849310614000046],[-17.78148352799991,28.842271226000037],[-17.75576738199993,28.818508205000057]]],[[[-15.391590949999909,28.030218817000048],[-15.367583787999934,28.01581452000005],[-15.366281704999949,27.993475653000075],[-15.376698370999918,27.957505601000037],[-15.363636847999942,27.93463776200008],[-15.381906704999949,27.921210028000075],[-15.391590949999909,27.89984772300005],[-15.375965949999909,27.867580471000053],[-15.377837693999936,27.85228099200009],[-15.406971808999913,27.838324286000045],[-15.439198370999918,27.802679755000042],[-15.45303300699993,27.79124583500004],[-15.539662238999938,27.76561107000009],[-15.566029425999943,27.739406643000052],[-15.577951626999948,27.73436107000009],[-15.607248501999948,27.75031159100007],[-15.650502081999946,27.753119208000044],[-15.685699022999927,27.763332424000055],[-15.739654100999928,27.804348049000055],[-15.75186113199993,27.82135651200008],[-15.786000128999945,27.844224351000037],[-15.815052863999938,27.901271877000056],[-15.821197068999936,27.92177969000005],[-15.816070115999935,27.941473700000074],[-15.821766730999911,27.96832916900007],[-15.816070115999935,27.996039130000042],[-15.806996222999942,28.005031643000052],[-15.767689581999946,28.023993231000077],[-15.725209113999938,28.05687083500004],[-15.708363410999937,28.08193594000005],[-15.713693813999953,28.105902411000045],[-15.702137824999909,28.115057684000078],[-15.698109503999945,28.13304271000004],[-15.706206834999932,28.16738515800006],[-15.684396938999953,28.167629299000055],[-15.665272589999915,28.160549221000053],[-15.650786912999934,28.163885809000078],[-15.597035285999937,28.14752838700008],[-15.521311001999948,28.14752838700008],[-15.458729620999918,28.13422272300005],[-15.435047980999911,28.14093659100007],[-15.438710089999915,28.17487213700008],[-15.40929114499994,28.179754950000074],[-15.399891730999911,28.16502513200004],[-15.415638800999943,28.141506252000056],[-15.414947068999936,28.114488023000035],[-15.408558722999942,28.07489655200004],[-15.399647589999915,28.042669989000046],[-15.391590949999909,28.030218817000048]]],[[[-13.972645636999914,28.73590729400007],[-13.93541419199994,28.74949778900009],[-13.89867102799991,28.75389232000009],[-13.864572719999956,28.744208075000074],[-13.835519985999952,28.71548086100006],[-13.824370897999927,28.681789455000057],[-13.821156378999945,28.636664130000042],[-13.828684048999946,28.551581122000073],[-13.85655676999994,28.478989976000037],[-13.85655676999994,28.434881903000075],[-13.844349738999938,28.41429271000004],[-13.847767706999946,28.397406317000048],[-13.869618292999917,28.376898505000042],[-13.875152147999927,28.34906647300005],[-13.892079230999911,28.328192450000074],[-13.911284959999932,28.27724844000005],[-13.933705206999946,28.244208075000074],[-13.966786261999914,28.22797272300005],[-14.07258053299995,28.212836005000042],[-14.118560350999928,28.200506903000075],[-14.152007615999935,28.17999909100007],[-14.19163977799991,28.170843817000048],[-14.212228969999956,28.160549221000053],[-14.244536912999934,28.12921784100007],[-14.27139238199993,28.096136786000045],[-14.301340298999946,28.06785716400009],[-14.343169725999928,28.05068594000005],[-14.36900794199994,28.05076732000009],[-14.408314581999946,28.066961981000077],[-14.428618943999936,28.071193752000056],[-14.494862433999913,28.06781647300005],[-14.503407355999911,28.074774481000077],[-14.496896938999953,28.10252513200004],[-14.455555792999917,28.09910716400009],[-14.436024542999917,28.100531317000048],[-14.398915167999917,28.11123281500005],[-14.341175910999937,28.134507554000038],[-14.270130988999938,28.17597077000005],[-14.24014238199993,28.201564846000053],[-14.21353105399993,28.234930731000077],[-14.207386847999942,28.254380601000037],[-14.201893683999913,28.303900458000044],[-14.19322669199994,28.32184479400007],[-14.171294725999928,28.352362372000073],[-14.14639238199993,28.42332591400009],[-14.127919074999909,28.44358958500004],[-14.09829667899993,28.48663971600007],[-14.075550910999937,28.53611888200004],[-14.036122199999909,28.58738841400009],[-14.024566209999932,28.637111721000053],[-14.010121222999942,28.66746653900009],[-14.005279100999928,28.703599351000037],[-13.99990800699993,28.716742255000042],[-13.972645636999914,28.73590729400007]]],[[[-13.482980923999946,29.239935614000046],[-13.465402798999946,29.243312893000052],[-13.446603969999956,29.232977606000077],[-13.417795376999948,29.208929755000042],[-13.438791469999956,29.159002997000073],[-13.458729620999918,29.147406317000048],[-13.462391730999911,29.132147528000075],[-13.451893683999913,29.086004950000074],[-13.465565558999913,29.05805084800005],[-13.465565558999913,29.023911851000037],[-13.482045050999943,28.99945709800005],[-13.510487433999913,28.977484442000048],[-13.543039516999954,28.961737372000073],[-13.589955206999946,28.95136139500005],[-13.607574022999927,28.93260325700004],[-13.61978105399993,28.92837148600006],[-13.674387173999946,28.921535549000055],[-13.70929928299995,28.91469961100006],[-13.736073370999918,28.89647044500009],[-13.757191535999937,28.870306708000044],[-13.774647589999915,28.839585679000038],[-13.791493292999917,28.853461005000042],[-13.812123175999943,28.859076239000046],[-13.85968990799995,28.859442450000074],[-13.867298956999946,28.864894924000055],[-13.876332160999937,28.888820705000057],[-13.85342363199993,28.90497467700004],[-13.839100714999915,28.937892971000053],[-13.832102016999954,29.000392971000053],[-13.798491990999935,29.048081773000035],[-13.780873175999943,29.064886786000045],[-13.750559048999946,29.080633856000077],[-13.690174933999913,29.09088776200008],[-13.65648352799991,29.116034247000073],[-13.636830206999946,29.12693919500009],[-13.602365688999953,29.13426341400009],[-13.551177537999934,29.13422272300005],[-13.526112433999913,29.15029531500005],[-13.51398678299995,29.174750067000048],[-13.495472785999937,29.225083726000037],[-13.482980923999946,29.239935614000046]]],[[[-13.486683722999942,29.28461334800005],[-13.477894660999937,29.26626211100006],[-13.492014126999948,29.242661851000037],[-13.517079230999911,29.226263739000046],[-13.54124915299991,29.229396877000056],[-13.525746222999942,29.251206773000035],[-13.508168097999942,29.289455471000053],[-13.486683722999942,29.28461334800005]]]]},"properties":{"name":"Canarias"}},{"type":"Feature","geometry":{"type":"MultiPolygon","coordinates":[[[[1.52638326400006,38.67776762400007],[1.5656838150000567,38.69148550500006],[1.5823673840000652,38.67491282800006],[1.5813908210000704,38.65306224200009],[1.557485750000069,38.64883885900008],[1.5234481130000859,38.64940013200004],[1.458085631000074,38.68134073900006],[1.4290470710000704,38.664943752000056],[1.4127916800000548,38.64644583200004],[1.3969767000000388,38.638646307000045],[1.3829503330000534,38.64206092500007],[1.3875505400000634,38.66237786100004],[1.3834741550000444,38.68040599200009],[1.393728061000047,38.70420970300006],[1.3828231130000859,38.71157461100006],[1.4010022630000663,38.73032634600008],[1.4181421230000524,38.72789134300007],[1.4375106130000859,38.749253648000035],[1.4860945970000898,38.694566148000035],[1.52638326400006,38.67776762400007]]],[[[1.6059676440000885,39.09129466400009],[1.6008406910000872,39.08238353100006],[1.6230574880000859,39.02920156500005],[1.5932723320000832,39.02024974200009],[1.5761824880000859,38.98582591400009],[1.5411889980000524,38.96775950700004],[1.5097762380000859,38.93016185100004],[1.4694930350000845,38.910264390000066],[1.4586694670000497,38.90013255400004],[1.4449975920000497,38.91315338700008],[1.4147284750000608,38.89062173700006],[1.404144727000073,38.856756903000075],[1.4031049510000457,38.83227756300005],[1.370650433000094,38.83180940700004],[1.3608504570000832,38.85191478100006],[1.3435164720000898,38.86237213700008],[1.307790561000047,38.85789622600004],[1.3003035820000832,38.87046946800007],[1.2666121750000912,38.870347398000035],[1.2599389980000524,38.85789622600004],[1.2282007170000497,38.87461985900006],[1.216644727000073,38.88507721600007],[1.2121688160000872,38.903225002000056],[1.2275496750000912,38.94200267100007],[1.2184350920000497,38.95408763200004],[1.2368270190000885,38.96515534100007],[1.2599389980000524,38.960923570000034],[1.2768660820000832,38.968003648000035],[1.3009546230000524,38.96775950700004],[1.2922469410000872,39.009873765000066],[1.292816602000073,39.033270575000074],[1.3325301440000885,39.05723704600007],[1.3567814460000704,39.07762278900009],[1.372243686000047,39.07139720300006],[1.3919376960000704,39.083319403000075],[1.4033309250000912,39.07762278900009],[1.4506942070000832,39.10179271000004],[1.4786889980000524,39.10773346600007],[1.4995223320000832,39.10488515800006],[1.5086369150000678,39.11436595300006],[1.5371199880000859,39.118028062000064],[1.5535587900000678,39.10765208500004],[1.589691602000073,39.102769273000035],[1.6059676440000885,39.09129466400009]]],[[[3.354502800000091,39.784369208000044],[3.383148634000065,39.77794017100007],[3.439789259000065,39.75197988500008],[3.47437584700009,39.749701239000046],[3.46851647200009,39.73932526200008],[3.47437584700009,39.71552155200004],[3.4614363940000885,39.700059312000064],[3.4675399100000845,39.687567450000074],[3.443207227000073,39.645778713000084],[3.413096550000091,39.63507721600007],[3.398692254000082,39.60773346600007],[3.40601647200009,39.59198639500005],[3.3654077480000524,39.56305573100008],[3.323252800000091,39.523871161000045],[3.2917586600000845,39.475775458000044],[3.282481316000087,39.42011139500005],[3.268809441000087,39.42755768400008],[3.2526147800000444,39.38617584800005],[3.221039259000065,39.359890041000085],[3.1294051440000885,39.315741278000075],[3.060801629000082,39.26906972900008],[3.029307488000086,39.30463288000004],[3.0013126960000704,39.317694403000075],[2.991384311000047,39.34727610900006],[2.958832227000073,39.36322663000004],[2.9381616550000444,39.36436595300006],[2.9126082690000885,39.358669338000084],[2.825450066000087,39.36359284100007],[2.7866317070000832,39.37592194200005],[2.761729363000086,39.40021393400008],[2.751231316000087,39.454779364000046],[2.736582879000082,39.462103583000044],[2.739512566000087,39.47829824400009],[2.754893425000091,39.50263092700004],[2.7435001960000704,39.52338288000004],[2.715098504000082,39.54352448100008],[2.681651238000086,39.558661200000074],[2.655284050000091,39.56472402600008],[2.6334741550000444,39.55927155200004],[2.5691024100000845,39.53152090100008],[2.555674675000091,39.520046291000085],[2.544932488000086,39.49298737200007],[2.5201929050000444,39.47284577000005],[2.4926863940000885,39.47024160400008],[2.469004754000082,39.50588613500008],[2.4806421230000524,39.51622142100007],[2.453949415000068,39.53742096600007],[2.4381616550000444,39.52521393400008],[2.4259546230000524,39.53742096600007],[2.398285352000073,39.52496979400007],[2.382090691000087,39.52924225500004],[2.3737085300000444,39.54718659100007],[2.3556421230000524,39.558661200000074],[2.350759311000047,39.57648346600007],[2.357676629000082,39.61188385600008],[2.4293725920000497,39.64667389500005],[2.4682723320000832,39.659369208000044],[2.517588738000086,39.70014069200005],[2.5696720710000704,39.71308014500005],[2.6176863940000885,39.749701239000046],[2.6313582690000885,39.77012767100007],[2.6518660820000832,39.77012767100007],[2.703949415000068,39.814154364000046],[2.7474064460000704,39.83161041900007],[2.7848413420000497,39.856716213000084],[2.799652540000068,39.85956452000005],[2.8132430350000845,39.87258535400008],[2.843597852000073,39.87258535400008],[2.873057488000086,39.88349030200004],[2.9332788420000497,39.914496161000045],[2.964121941000087,39.92096588700008],[3.0202742850000845,39.92515696800007],[3.0756942070000832,39.93610260600008],[3.17945397200009,39.96877676000008],[3.2036238940000885,39.94916413000004],[3.140879754000082,39.92808665600006],[3.115489129000082,39.90875885600008],[3.096934441000087,39.91351959800005],[3.094737175000091,39.88121165600006],[3.1302189460000704,39.87641022300005],[3.20679772200009,39.893011786000045],[3.1967879570000832,39.88121165600006],[3.19312584700009,39.85956452000005],[3.165212436000047,39.84589264500005],[3.1335555350000845,39.839544989000046],[3.124847852000073,39.81110260600008],[3.13648522200009,39.788763739000046],[3.1626082690000885,39.76911041900007],[3.1948348320000832,39.75499095300006],[3.223887566000087,39.749701239000046],[3.2924910820000832,39.749701239000046],[3.3099064460000704,39.755072333000044],[3.3403426440000885,39.778998114000046],[3.354502800000091,39.784369208000044]]],[[[4.302907748000052,39.92552317900004],[4.3073022800000444,39.91054922100005],[4.3287866550000444,39.88344961100006],[4.302907748000052,39.887600002000056],[4.300059441000087,39.82176341400009],[4.248138868000069,39.816473700000074],[4.177175326000054,39.84332916900007],[4.015065951000054,39.925767320000034],[3.981374545000051,39.936061916000085],[3.9413354830000458,39.936753648000035],[3.8693139980000524,39.92552317900004],[3.8306583990000718,39.936061916000085],[3.839121941000087,39.97557200700004],[3.850515170000051,39.98387278900009],[3.82203209700009,39.99514394700009],[3.8033960300000444,40.01316966400009],[3.809499545000051,40.03538646000004],[3.8218693370000665,40.04763418200008],[3.891530795000051,40.05955638200004],[3.9154565760000537,40.051988023000035],[4.011892123000052,40.05955638200004],[4.052012566000087,40.05817291900007],[4.077565951000054,40.06427643400008],[4.1050724620000665,40.079413153000075],[4.107839389000048,40.067613023000035],[4.139089389000048,40.04592519700009],[4.148529493000069,40.02781810100004],[4.16578209700009,40.04592519700009],[4.20671634200005,40.02480703300006],[4.232676629000082,40.00271230700008],[4.2545679050000444,39.99746328300006],[4.273366733000046,39.969956773000035],[4.270111524000072,39.94375234600005],[4.298024936000047,39.94196198100008],[4.302907748000052,39.92552317900004]]],[[[2.9853665330000467,39.16617614000006],[2.9823079660000644,39.13918350800009],[2.962154470000087,39.11606223500007],[2.9308667600000717,39.11817588900004],[2.9136141930000576,39.15196267500005],[2.9404242310000654,39.17193037800007],[2.980582428000048,39.185560431000056],[2.9853665330000467,39.16617614000006]]]]},"properties":{"name":"Islas Baleares"}},{"type":"Feature","geometry":{"type":"Polygon","coordinates":[[[-2.406074998262568,42.49709625878529],[-2.384474250386347,42.494667466930025],[-2.3432622951188478,42.48304026979258],[-2.2783825344264415,42.489861559163614],[-2.2387208718707257,42.47198151343605],[-2.2060096907945876,42.44640167919414],[-2.1719549216822998,42.44144074179678],[-2.1049564265978233,42.44516144484476],[-2.0765085509289065,42.4425776233586],[-2.0552695382585853,42.42841828157839],[-2.069558071248025,42.41477570193706],[-2.0556054350428212,42.399066067445006],[-2.0324027158126796,42.39296824848583],[-1.976747198824171,42.39304576285167],[-1.9013254457127573,42.3253754750981],[-1.863472459186653,42.30491160698506],[-1.8619221655754927,42.28418935825226],[-1.8512509828465795,42.27617951137535],[-1.8293143381861796,42.27757477535556],[-1.7957763330113607,42.256490790517546],[-1.7474071915886498,42.23600108488216],[-1.7269433252742488,42.23147939705649],[-1.6970743472033973,42.215821438508556],[-1.6977461407718124,42.19453074809553],[-1.6885994123330192,42.18075897904362],[-1.6922684394369298,42.16678050441675],[-1.6857830468501334,42.14902964899909],[-1.6941287914106056,42.13846181905768],[-1.7130940409572304,42.13613637998992],[-1.7540734522280559,42.14639415156881],[-1.774227261079261,42.13996043582546],[-1.8234232239026937,42.14561900521289],[-1.8357738923512557,42.12786814979523],[-1.896054449952885,42.07614004232909],[-1.9013254457127573,42.04559926979044],[-1.89060258614046,42.02531627152871],[-1.8524137028301197,42.00120921473348],[-1.8445330471624288,41.98203725781315],[-1.857736375433376,41.95480377897121],[-1.9224611073942128,41.925735784778624],[-1.9438551496954233,41.92046478901875],[-1.9779357572294316,41.92054230428391],[-1.9982704332339267,41.933513089457506],[-2.0952154198557764,41.952736721422525],[-2.110640835306299,41.96340790505076],[-2.1153950671286452,41.99139069272627],[-2.1045946922912435,42.0000723331716],[-2.1166353005786505,42.02203481715304],[-2.146194220287043,42.0432221538793],[-2.1489847482475284,42.06477122671072],[-2.127797409722689,42.07789703971656],[-2.1226814435937627,42.090712796158584],[-2.137874315047611,42.10156484604079],[-2.1896799377789193,42.10407115316116],[-2.2455163228200377,42.089524237753324],[-2.272233038623824,42.10192658124669],[-2.281224738330991,42.12993520824324],[-2.2961333889447815,42.13779002548927],[-2.347448086160284,42.14220836052738],[-2.410467494879015,42.13856517184519],[-2.4374425931011956,42.1318989121051],[-2.481522589795702,42.108231105780874],[-2.5115724350198434,42.10513052035719],[-2.5156548732737747,42.06880198812121],[-2.536919725265136,42.052575588792365],[-2.572938198239285,42.000149848436706],[-2.619550339576506,42.00232025787358],[-2.671846889622259,42.00045990679922],[-2.690605435392513,42.01159617842086],[-2.743599615629762,42.02252574356817],[-2.7474495098869625,42.03603913020169],[-2.7341686672502306,42.06407359472058],[-2.7157460191634755,42.07991242132118],[-2.7171929590878108,42.1141997344302],[-2.7353572247561146,42.12011668623603],[-2.762228970190847,42.118101305530786],[-2.785896775615697,42.10109975804738],[-2.7985575024268314,42.07076569288239],[-2.796283739303135,42.056012071000225],[-2.8128460354162144,42.03805451090693],[-2.8709303451593087,42.01474843978866],[-2.9101785947663643,42.02343008113331],[-2.9176200017616907,42.057174790983765],[-2.9341564603523693,42.08270294928167],[-3.0108442853355086,42.08213450850076],[-3.0263213767301522,42.08797394504148],[-3.0552343412918503,42.12525849078668],[-3.0777652651548806,42.13768667270176],[-3.0871445375903477,42.158563951065446],[-3.120449997869116,42.1962877472817],[-3.1022082178349706,42.2178368192138],[-3.0908394031159787,42.24907522194394],[-3.087893846423867,42.269952501206944],[-3.0980999411593757,42.307753810889665],[-3.099572720404751,42.33250682193227],[-3.107866787222463,42.348965766157164],[-3.071951667035819,42.359378567366946],[-3.056035326069434,42.38028168415235],[-3.058231573928026,42.425860296715314],[-3.049214035799139,42.45234446942169],[-3.0600660865806617,42.47146474949858],[-3.0831912914449617,42.49146352781952],[-3.0700137997970387,42.529135647192334],[-3.077842780419985,42.539755153977126],[-3.102595790563271,42.536163642138376],[-3.113887090916535,42.548410956000794],[-3.0836563794383665,42.57321564388684],[-3.0605311745740664,42.59941559485378],[-3.0758015612930194,42.62566722356348],[-3.056887986791139,42.637294419801606],[-3.0141515772335197,42.64088593253973],[-2.9486516989167626,42.635149847887135],[-2.906716274136727,42.62626150186679],[-2.837314825618705,42.64411570917264],[-2.836022915325316,42.62145559320106],[-2.814783900856355,42.605875149018914],[-2.8268245100431386,42.59019135204926],[-2.813001064147784,42.580812078714416],[-2.7799798238098106,42.58561798827952],[-2.7696703762868538,42.60882070571097],[-2.747397833942898,42.61869090456156],[-2.699442103670151,42.59771027341037],[-2.6856444970958933,42.581793932443986],[-2.6846626451649627,42.53776561079428],[-2.667454393005869,42.5331664095022],[-2.6178708556554966,42.5077157664694],[-2.606166144152212,42.516862494008876],[-2.585133836157638,42.511979071876624],[-2.583454352236572,42.49668284853459],[-2.5577453267854366,42.510842190314804],[-2.5288323631230583,42.51717255327071],[-2.51805782670732,42.531047675110074],[-2.5015213690159612,42.537662258006776],[-2.491651170165369,42.5200922715411],[-2.4620405754122316,42.507250678476],[-2.406074998262568,42.49709625878529]]]},"properties":{"name":"La Rioja"}},{"type":"Feature","geometry":{"type":"Polygon","coordinates":[[[-1.0221284652564577,38.654540107040305],[-1.077861496610808,38.68761302332234],[-1.1053016828263935,38.70750844975515],[-1.1142933816342406,38.734690253552344],[-1.128426885892054,38.743371893997676],[-1.1741863674069464,38.75409475446935],[-1.2333817202901969,38.74213165874903],[-1.2782368642398865,38.71159088800903],[-1.3342024395909107,38.68673452417892],[-1.3453387112125483,38.68657949544735],[-1.363502976880909,38.70130727800847],[-1.3857755192248646,38.696914781392024],[-1.43362789581073,38.65583201823301],[-1.450319383133035,38.62772003844901],[-1.4542726301777407,38.58968618387024],[-1.4645304017566332,38.57619863475918],[-1.4851492977019234,38.56291779212239],[-1.5019958146551176,38.53490916602516],[-1.485717739382153,38.48369782249648],[-1.4832889466275674,38.43569041627967],[-1.4779404356026475,38.40367686629435],[-1.4810151844032475,38.38827728926549],[-1.494709438190057,38.3731102562333],[-1.5673148258185847,38.32621389405597],[-1.6267427226985092,38.31140859622968],[-1.6677996483351194,38.31967682642437],[-1.6819331525929329,38.33156240508089],[-1.6831217109981935,38.36243907350439],[-1.702655402225048,38.37362702107015],[-1.7190368311848374,38.37135325794645],[-1.7505336172326338,38.38034495675436],[-1.792779100375185,38.36510040935639],[-1.7957246570672964,38.353912461790685],[-1.8480212062137298,38.32908193638224],[-1.8858483543181137,38.30624095325737],[-1.9261818104421877,38.291048081803524],[-1.9848087216452086,38.279265855035135],[-1.998890549958901,38.28215973578318],[-2.023359341060768,38.298980414314656],[-2.0428930322876226,38.298360296690305],[-2.0590677556724017,38.29037628823511],[-2.0850610010643322,38.26582998276746],[-2.1274098369943886,38.235185859240005],[-2.170327113705355,38.223817044520956],[-2.2119266417011545,38.19593760783431],[-2.2505289370607784,38.136277166957655],[-2.2809663559125966,38.10323008909734],[-2.3242195303070616,38.06237986903568],[-2.338533900818902,38.02649058727076],[-2.361168179268077,38.024346015356286],[-2.4658387919267284,38.049383246339744],[-2.547384202419039,38.080647488390866],[-2.521933560285561,38.10506460174997],[-2.506482306413318,38.12529592496696],[-2.4448064839320978,38.18818614427511],[-2.4488630837643086,38.222266750909796],[-2.4372875625709867,38.23314464011304],[-2.4302595694235833,38.25880198782147],[-2.440052253009071,38.282754014985755],[-2.4711097876865438,38.298179430436335],[-2.4775693418516767,38.30812714275339],[-2.4791971498286216,38.341923530346605],[-2.4881888486364687,38.37884633998658],[-2.488731451894978,38.39874176731871],[-2.55717688600447,38.41445140181071],[-2.574023402957664,38.43455353381853],[-2.5700443183906145,38.46271719044597],[-2.5719046703642334,38.500544339449675],[-2.598750575578606,38.50994944940754],[-2.6428047347507118,38.50927765583913],[-2.675205858363654,38.50023428018784],[-2.718536546224641,38.51429027007987],[-2.7560277984441655,38.533126329316644],[-2.790857713013054,38.50705556955887],[-2.8448854229239373,38.48343943917877],[-2.8789918679803463,38.4605984560539],[-2.923459438302473,38.47633392986694],[-2.9507962708312334,38.474473577893264],[-2.992731695611269,38.451968492451954],[-2.9970725162835947,38.433054917950074],[-3.009371506989453,38.434450181930345],[-3.046345994372132,38.47292328518142],[-3.069703742333843,38.48271596876691],[-3.1135253557105784,38.457549547473604],[-3.1373481916656942,38.45279531475194],[-3.170834519997129,38.4609601912598],[-3.240287645358535,38.463724880798566],[-3.277933926309686,38.4716572133097],[-3.3074153298535975,38.481889146466926],[-3.3457850812165475,38.47979625139584],[-3.361882290235542,38.47325918196566],[-3.37666174964005,38.44475963035262],[-3.3959370593478297,38.42644033505337],[-3.445210537436367,38.406493231777176],[-3.4695759748513524,38.40447785107193],[-3.5190819969366203,38.41334035956993],[-3.530399135711548,38.42339142557381],[-3.543835007979226,38.44881623018483],[-3.5767528964290136,38.443493557581576],[-3.5887418278730934,38.40768179018244],[-3.6198510402932698,38.40142894069305],[-3.6921722070816827,38.41346954987978],[-3.7174678213828543,38.422099514381046],[-3.740980597176815,38.41814626733634],[-3.767051356934587,38.42654368694156],[-3.7941556463659936,38.42607859984747],[-3.823094447550716,38.415200711543605],[-3.8396825829848353,38.392618109937814],[-3.859939743724226,38.38595185019773],[-3.8937361313174392,38.381611030424665],[-4.177594773979649,38.39057689081085],[-4.215525274871538,38.40122223601736],[-4.264979621012685,38.40142894069305],[-4.274849818963958,38.38799306932469],[-4.275495775010029,38.35091522915445],[-4.301799078764475,38.35011424437687],[-4.366317105150301,38.37117238989384],[-4.405694545966526,38.379569811297756],[-4.449748704239312,38.39595124025749],[-4.469514940362217,38.40954214125679],[-4.488893601958182,38.43196971323164],[-4.517057256786984,38.45550832834664],[-4.570439011551173,38.48674673107678],[-4.610488246835132,38.49697866513327],[-4.632734950757367,38.52354035130617],[-4.6680041157973164,38.54508942323827],[-4.703970912827401,38.559352117805986],[-4.727974615935807,38.579764309075586],[-4.768979864728976,38.594388739748524],[-4.828485276874062,38.604052232124786],[-4.849285040871962,38.614852606962245],[-4.865899013828425,38.63500641491407],[-4.869723069663962,38.67386709179283],[-4.8830297507224145,38.68523590831052],[-4.94597164597468,38.68373729154274],[-4.979199590988344,38.694382635849934],[-5.0365862696406225,38.72841156743988],[-4.997854783971093,38.735827135114164],[-4.981370002223855,38.74959890416608],[-4.971654832104832,38.76915843381465],[-4.947521937787201,38.839360867110315],[-4.9273422923129715,38.8703150498996],[-4.912898728793323,38.88227814382128],[-4.886337042620426,38.88909943319226],[-4.858586798941644,38.8861538765002],[-4.8457193665555565,38.89204498988437],[-4.836314255698369,38.92852855085192],[-4.846649543441686,38.94596934700775],[-4.873211228715263,38.94894074212152],[-4.913828904780132,38.95968943921622],[-4.92803992430305,38.97746613215622],[-4.931269700935957,39.0001262481278],[-4.944317999576015,39.00966054929489],[-4.954136521583223,39.045575670380856],[-4.937806768567498,39.053068753320304],[-4.877293666969138,39.03260488520726],[-4.834712287042407,39.0475910510861],[-4.840241665220674,39.06862335908073],[-4.863986985910685,39.081619980877406],[-4.867397629696882,39.10614044882266],[-4.855563726984428,39.14784332870664],[-4.847037116169986,39.1654908313368],[-4.806781175311016,39.198796292514885],[-4.7810979882815445,39.195127265410974],[-4.74476945604556,39.19882213003723],[-4.727328659889736,39.19649669007015],[-4.676117316361058,39.175619411706464],[-4.670432908551902,39.1909931503136],[-4.710611335045087,39.22530630094502],[-4.734615037254173,39.26096304051191],[-4.753554450177717,39.297394923736704],[-4.756758389288223,39.316515203813594],[-4.730274216581847,39.32953766493125],[-4.710947230929946,39.34413625718253],[-4.696064418737933,39.378371894347424],[-4.68136247369921,39.400127671854534],[-4.677874314647909,39.41759430643208],[-4.692731289317578,39.44981456199241],[-4.7035575016773805,39.43841990795238],[-4.752960170975143,39.41816274721299],[-4.767016159967795,39.404649360579526],[-4.813679979047777,39.39237620739601],[-4.880135870873744,39.36687388841921],[-4.944369676419456,39.39191111940261],[-4.971422288108101,39.40973948828673],[-5.024623174819681,39.459297187215384],[-5.039247606391939,39.47810740803044],[-5.079245163933194,39.49283519149088],[-5.122627528637565,39.52720001896569],[-5.159395311344554,39.563941962351635],[-5.196447313093017,39.587661445519245],[-5.197610033076558,39.599650376963325],[-5.160997280000458,39.643213608820986],[-5.151824714039321,39.663005683365554],[-5.1504811260031715,39.68411550572597],[-5.141721971191998,39.72031484585341],[-5.1653639390945045,39.74718659128814],[-5.1592402817136644,39.77178457269986],[-5.168128627734006,39.79289439595959],[-5.182339647256924,39.79692515737008],[-5.2087463037988755,39.79273936632865],[-5.229106818225091,39.77932933248269],[-5.24892473029206,39.75736684850125],[-5.260267706589389,39.75225088237232],[-5.308120083175311,39.75829702448806],[-5.316930914829868,39.77188792638668],[-5.307758347969411,39.82692332575084],[-5.292100389421421,39.84836904579481],[-5.2893098623602555,39.861701565274984],[-5.306027188104281,39.87955577258083],[-5.33023759588832,39.8889350450163],[-5.3861514961946,39.881028550926885],[-5.391009079905132,39.92040599174311],[-5.3741108870078165,39.99482005540119],[-5.368891567192065,40.048666897259466],[-5.370390183959842,40.068329779695546],[-5.357626105260579,40.105330105499945],[-5.327963832764681,40.11589793634067],[-5.230321214152696,40.106466987061765],[-5.190582038130572,40.08943960205596],[-5.166785040597176,40.08881948533099],[-5.141179368832809,40.09478811308094],[-5.089812994773922,40.12628489822947],[-5.057851120732664,40.14855744147275],[-5.032322964233401,40.15481028916349],[-5.014546271293398,40.15088288054051],[-5.007880010653992,40.122486680815655],[-4.988630540267252,40.114037584367],[-4.951656052884516,40.12277090075645],[-4.9224071924380155,40.14028921217738],[-4.903493617936135,40.17395640676273],[-4.865459764256741,40.19682322920863],[-4.843161382591745,40.2065900743724],[-4.815023566184664,40.229844469546606],[-4.800760870717625,40.265656236046425],[-4.779935269197324,40.265320340161566],[-4.700043504204359,40.27560395016212],[-4.68407548729391,40.21708038994802],[-4.672009039685463,40.206745104003346],[-4.63937537297511,40.19708161072771],[-4.602426724014094,40.202249253700074],[-4.571885952374828,40.21201609976316],[-4.532999437074352,40.19796010987113],[-4.511243658667922,40.202817695380304],[-4.496696743260088,40.21581431717698],[-4.439749315078814,40.23917206513869],[-4.425434942768391,40.25521759731424],[-4.394842495185003,40.27945384441938],[-4.371071336073328,40.30797923445408],[-4.353863083914177,40.30415517771928],[-4.351563483268137,40.27671499330228],[-4.340995653326729,40.249274807086636],[-4.309989792794738,40.23284170218278],[-4.296037156589534,40.220801092996],[-4.266064825731121,40.23707916916828],[-4.250510219970693,40.25749136043794],[-4.234102951689863,40.26888601357865],[-4.208652309556442,40.27227081984245],[-4.1746750548099385,40.28366547298316],[-4.132558762876613,40.25180695172941],[-4.0979613923043985,40.24552826651626],[-4.066051195106581,40.25922252120239],[-4.035717129042268,40.25144521742283],[-4.0077860173108775,40.227519029579526],[-3.9863919741103473,40.21705455242562],[-3.9330618961895425,40.20390290009874],[-3.90122921425683,40.1920173205429],[-3.8535577048242544,40.1826638865291],[-3.827977870582288,40.16418956249828],[-3.801674566827785,40.166825059928556],[-3.786895107423277,40.160598048860834],[-3.7714696919726975,40.14354482723195],[-3.7466391665643073,40.13512156830569],[-3.7214469059499606,40.138273831472134],[-3.673336146945644,40.131943468516226],[-3.624501919328111,40.11321076116769],[-3.610394252592698,40.10158356403025],[-3.611634486942023,40.08155894638827],[-3.6336744861885677,40.043447577443715],[-3.6706489726719838,40.02753123647739],[-3.7171060861769547,39.98944570595455],[-3.751600103961664,39.97482127528161],[-3.7786010397062455,39.95373729134292],[-3.790589972049588,39.95306549687518],[-3.852963425621624,39.9378726263206],[-3.873866543306349,39.92673635469896],[-3.8572784078722293,39.91094920494186],[-3.825704108357911,39.895446275125494],[-3.809710252126422,39.8935342472077],[-3.7661211818470974,39.91544505524507],[-3.73591630699201,39.93895783103903],[-3.699226040449389,39.946192532459406],[-3.670132208734458,39.95968008157047],[-3.6469036519819724,39.964796047699394],[-3.6361549539879547,39.97342601220066],[-3.632666794936654,39.99171946907819],[-3.59830196836117,40.00003937431762],[-3.575331794027079,40.01249339555375],[-3.5267301086076372,40.023242091749125],[-3.502054612830136,40.048666897259466],[-3.4062206693484427,40.045617987779906],[-3.371752489086134,40.05740021454824],[-3.3529164289500386,40.04605723735159],[-3.2882433738326426,40.05316274756274],[-3.2277302722342824,40.07786408086264],[-3.187267624900983,40.088354397337525],[-3.1693875800727938,40.08039622730405],[-3.163548142632692,40.066185207781075],[-3.1134478422441134,40.06801972133303],[-3.0937591213863698,40.07264476194621],[-3.068696051081929,40.09055064609544],[-3.062236496916796,40.105330105499945],[-3.085671759244292,40.1456635607247],[-3.07275265091414,40.15760081622466],[-3.0827262025522373,40.197624213086954],[-3.0865244208653166,40.23932709387026],[-3.103758511446131,40.269893703931245],[-3.1248424953848826,40.2748546413286],[-3.150732387989308,40.26023021155498],[-3.1710929024155234,40.242505195458364],[-3.1859240377641527,40.249455675139245],[-3.1879394193687176,40.27433787739113],[-3.17796586773062,40.31257843754486],[-3.1530578270570686,40.33624624296971],[-3.142076585066377,40.36497833947874],[-3.1386659412801805,40.39474396386282],[-3.157140265311,40.425388089188914],[-3.1895413880246224,40.43939240223756],[-3.2002384100745758,40.450502835437476],[-3.1987914701502405,40.478821519897224],[-3.2045275539035174,40.51303131774108],[-3.240235967615831,40.538559475139664],[-3.2575217350400294,40.542771103703444],[-3.2766936910609843,40.53463206651662],[-3.29496131041617,40.53881785755806],[-3.287984992313568,40.55370066975007],[-3.2930751200207737,40.56853180599802],[-3.3157869119364705,40.58263947183411],[-3.325967170048841,40.5977806673439],[-3.318164027847615,40.646253159755474],[-3.3370259264053743,40.6432559271193],[-3.366765713267057,40.65891388656661],[-3.3891932852419018,40.686405747826996],[-3.4046445382148818,40.67731069623164],[-3.43430680981146,40.67547618357901],[-3.458801439334991,40.69495819796242],[-3.439422776839706,40.730873318149065],[-3.446373257419907,40.76143992821011],[-3.4599124815757705,40.77880320910077],[-3.4887479308723073,40.78552114478498],[-3.49843726167029,40.79621816683493],[-3.4781542634085554,40.82908437844128],[-3.472366501912518,40.85815237083523],[-3.451489224448153,40.87512807899765],[-3.4526519426330537,40.89910594278501],[-3.4279247709114316,40.96132436852474],[-3.412266812363498,40.989177964991086],[-3.4097863427655284,41.01219981526924],[-3.4246691549575417,41.04323151332363],[-3.436451381725874,41.07741547274583],[-3.4766556457414595,41.09082550749116],[-3.503863287960371,41.11568187132127],[-3.5416129216989702,41.14420726225535],[-3.5457728743186863,41.1617514102993],[-3.5196246001951295,41.162216498292764],[-3.442109951113366,41.206529038983945],[-3.411310797954968,41.21360870987405],[-3.4065307277109014,41.24404612872581],[-3.416891852077299,41.26409658478951],[-3.3897100491794276,41.25556997307575],[-3.3397647766231557,41.253554592370506],[-3.291085577737249,41.260685940104054],[-3.2798717917498266,41.26600861270731],[-3.2491759913789338,41.266628730331604],[-3.219823778144871,41.293035386873555],[-3.1987914701502405,41.30120026338142],[-3.083811408169936,41.2807622336901],[-3.048903978335943,41.280917263321044],[-2.9822672175580465,41.287247626276894],[-2.9440008198819214,41.29908152898935],[-2.9298156396800437,41.31628978114844],[-2.9097135067729027,41.32212921768922],[-2.8796378240263607,41.31458445880571],[-2.8638506742692016,41.27874685298485],[-2.8440844381462966,41.26792064152437],[-2.805895554836013,41.2599366321698],[-2.781297573424297,41.26104767530995],[-2.7518161689810086,41.27394094521844],[-2.728096685813398,41.2727782252349],[-2.7092347881549586,41.25252106449551],[-2.639471605330357,41.234873561865356],[-2.6182584292831166,41.22009410336017],[-2.59192928710695,41.22198029195687],[-2.593350388609565,41.20358348229183],[-2.6083623929101236,41.19557363541492],[-2.5848237777951226,41.17939891203014],[-2.5802245747043457,41.16575633418745],[-2.5863223936635222,41.14958161080267],[-2.5671762760642878,41.14555084939218],[-2.532062139755965,41.15722972337301],[-2.5227862210073226,41.15263052028229],[-2.5056038072698925,41.12472524697256],[-2.4814450754299173,41.113821520246915],[-2.467621628635243,41.086071274769495],[-2.4497157453853333,41.07459910726294],[-2.409201423007289,41.0649872908308],[-2.3644754702667683,41.080671087800454],[-2.3268808661590583,41.065245673249194],[-2.288356086064539,41.06751943637289],[-2.260554164642997,41.07604604808665],[-2.2370413879497164,41.088965156416805],[-2.177613491069792,41.090670477860215],[-2.145186529934392,41.11438996012856],[-2.128960129706229,41.11645701857651],[-2.09121049596763,41.09444285685231],[-2.0729428784111406,41.07888825109188],[-2.0572849189638305,41.08498607005106],[-2.0617807683677825,41.109997464411435],[-2.0526598783507097,41.13552562091064],[-2.0532283191316196,41.15035675715859],[-1.9718637757926558,41.169942125228886],[-1.9448628400480175,41.16441274705062],[-1.9162340972258107,41.14301870385009],[-1.89117102692137,41.13516388570474],[-1.8504241596472752,41.111134345073935],[-1.8169119937934965,41.09697500329372],[-1.767328457342444,41.0649872908308],[-1.7328086002366945,41.02602326116454],[-1.6792718158416164,40.99075409612459],[-1.656353319250286,40.97010936085832],[-1.6218851380886576,40.946751613795925],[-1.6101545881637094,40.92773468740586],[-1.614107835208415,40.88670360019097],[-1.6010336981466367,40.85874665003786],[-1.5798205220994532,40.83854116524253],[-1.544551357059504,40.81737966603873],[-1.5387635973621627,40.77683950523897],[-1.5554034078410268,40.743947455210844],[-1.557005378295571,40.72516307191819],[-1.5396679349272517,40.69436391875985],[-1.5374458477476765,40.66299632392116],[-1.5486079568917148,40.64170563440746],[-1.555222540687737,40.61416209630369],[-1.5511917792771897,40.59509349217092],[-1.5617337707968773,40.58294953109595],[-1.586745164257934,40.57059886354671],[-1.6043151507236644,40.57062470106905],[-1.6368713039674958,40.5843447941769],[-1.6710552642890093,40.589279894051856],[-1.6827599757922371,40.57902212247296],[-1.6985988023928371,40.542383530975144],[-1.6997615223763773,40.49334259688334],[-1.7137141585815812,40.48021678297812],[-1.750042689918189,40.45921031340521],[-1.7825471663186931,40.42104726851659],[-1.8082561908705088,40.40203034122726],[-1.7792915512640661,40.39216014327599],[-1.7621349759484133,40.37828502143657],[-1.7206387998407422,40.33536774292696],[-1.7153419656592064,40.32141510672176],[-1.7190368311848374,40.289763291942336],[-1.6852404435916242,40.29332896625874],[-1.6600998598206615,40.283019517836465],[-1.555093350377831,40.20540151596714],[-1.53346676318057,40.19522125875409],[-1.509437221650444,40.20116404898164],[-1.4698013984158251,40.19297333405211],[-1.444376592905428,40.19671987642113],[-1.438123745214682,40.171630967694966],[-1.4485365464244637,40.14979767492275],[-1.4523347638382802,40.13067739484586],[-1.4168847307457213,40.109541734063725],[-1.3783082747071376,40.02213104950829],[-1.3695491189966447,40.01634328891163],[-1.2859108143326239,40.00618887012024],[-1.242967699199994,39.99737803846568],[-1.1627141990010728,40.011459865880056],[-1.1454801093195783,39.97228912973952],[-1.1579341287570628,39.963891710134305],[-1.1962263657541712,39.95063670501992],[-1.2066133276429696,39.93857025831073],[-1.1966914528482562,39.9105874697359],[-1.202866787072594,39.863303533930946],[-1.2178012761079913,39.81191132324892],[-1.2255785789882339,39.79630503974579],[-1.2670489157748648,39.74346588824011],[-1.269736090048525,39.71881622998501],[-1.2654986230630243,39.69380483742327],[-1.2921895004450903,39.67266917574182],[-1.320353156173212,39.67137726544843],[-1.3539945132362163,39.683624579310845],[-1.3720295876953514,39.68357290336678],[-1.3989530090740914,39.66894847269384],[-1.4275300759522338,39.64522899042555],[-1.463186814619803,39.59024526610614],[-1.494425218249205,39.567275091772046],[-1.5031585346386578,39.55293488193922],[-1.4999029195840876,39.53567495383601],[-1.5064399890142681,39.47604035138107],[-1.5181963773609368,39.45182994179834],[-1.517447069426737,39.44108124380432],[-1.5010161399828803,39.42204162751909],[-1.4523864397824013,39.39020579705988],[-1.4457460193632983,39.36689972594155],[-1.4062393864385285,39.37059459146718],[-1.3850003728689444,39.36498769802381],[-1.339680141825113,39.341733302849605],[-1.3104829573226198,39.33728913028909],[-1.1777262033016314,39.30411286121955],[-1.1703364731497459,39.28829987214135],[-1.1782946440825413,39.257707424557964],[-1.1785788640233932,39.220552070021995],[-1.201807419876559,39.17042593031243],[-1.226922166125064,39.14680980083165],[-1.2549824690656806,39.096063544397055],[-1.2621138167992285,39.073687649265594],[-1.2558092922650417,39.047280991824266],[-1.248367886169035,39.03813426428485],[-1.15147457459193,38.94852733007218],[-1.1210371566394883,38.93258515158345],[-1.066105109163459,38.93808869134],[-1.0378639390695525,38.93731354408476],[-0.9910709287803456,38.95121450524522],[-0.9591865709035119,38.94002655678014],[-0.9209460107497875,38.8861538765002],[-0.9262170074089795,38.8552513705543],[-0.913272060657107,38.82458140680643],[-0.9204809227563828,38.79176687294279],[-0.9490838280562457,38.777271633479074],[-0.9536830311469657,38.762647202806136],[-0.9422883771069337,38.73117625607932],[-0.9034793770716192,38.6886982289401],[-0.9081560936288042,38.681360174732276],[-0.9395753653108727,38.663996893841556],[-0.9771699694185827,38.656452134958045],[-1.0064705058092045,38.6583124860324],[-1.0221284652564577,38.654540107040305]]]},"properties":{"name":"Castilla-La Mancha"}},{"type":"Feature","geometry":{"type":"MultiPolygon","coordinates":[[[[-4.321926891812609,40.65787851957799],[-4.3184881711921435,40.6823560592847],[-4.299349987411972,40.69623179266307],[-4.276278696904342,40.69266123592729],[-4.258436899343451,40.66164683003717],[-4.321926891812609,40.65787851957799]]],[[[-4.571885952374828,40.21201609976316],[-4.558140020845315,40.22917267507887],[-4.5497167628183774,40.263124091403654],[-4.529821336385567,40.29666209657847],[-4.53762447768753,40.33407583353289],[-4.5249895901974355,40.33898509408681],[-4.496360845576589,40.31645416932446],[-4.4576293599070596,40.326221015387546],[-4.44029191743806,40.35019888007423],[-4.431481085783503,40.38931793937138],[-4.407270677100087,40.408464056970615],[-4.374947068752249,40.40471751640024],[-4.32482092904263,40.41326996473708],[-4.328722500143272,40.432571112866526],[-4.315234951032153,40.46926138030841],[-4.318748949404494,40.482490546101815],[-4.318981493401225,40.54403717737381],[-4.293298306371753,40.565947984511865],[-4.284461636295475,40.58413808950121],[-4.290301072836257,40.621629339922094],[-4.278880581273825,40.627572130149645],[-4.266349045671916,40.611423245186586],[-4.242086961044436,40.60279328068532],[-4.184364385607921,40.61635834416222],[-4.1712902494454625,40.629897569217405],[-4.168189663122462,40.66759552701194],[-4.161290859385645,40.687310086291404],[-4.090106574159051,40.76913971582519],[-4.0598500233599,40.78412588170403],[-4.0187414208799055,40.77937164988174],[-3.9840923725649304,40.788725083895486],[-3.9686152820696066,40.81828400270456],[-3.96365434377293,40.84802379046556],[-3.952931484200633,40.865206204202934],[-3.9530606754098585,40.8943000350186],[-3.9347930569540495,40.926158556272355],[-3.8918757802430832,40.964838365098444],[-3.805731166659996,40.98726593707329],[-3.7871276514200076,40.99677439981866],[-3.752762823945204,41.04302480684936],[-3.7279064601150367,41.061990058194624],[-3.684911668138966,41.084701850110264],[-3.623881801703817,41.13940135448888],[-3.5922041494019936,41.15407746020662],[-3.5457728743186863,41.1617514102993],[-3.5416129216989702,41.14420726225535],[-3.503863287960371,41.11568187132127],[-3.4766556457414595,41.09082550749116],[-3.436451381725874,41.07741547274583],[-3.4246691549575417,41.04323151332363],[-3.4097863427655284,41.01219981526924],[-3.412266812363498,40.989177964991086],[-3.4279247709114316,40.96132436852474],[-3.4526519426330537,40.89910594278501],[-3.451489224448153,40.87512807899765],[-3.472366501912518,40.85815237083523],[-3.4781542634085554,40.82908437844128],[-3.49843726167029,40.79621816683493],[-3.4887479308723073,40.78552114478498],[-3.4599124815757705,40.77880320910077],[-3.446373257419907,40.76143992821011],[-3.439422776839706,40.730873318149065],[-3.458801439334991,40.69495819796242],[-3.43430680981146,40.67547618357901],[-3.4046445382148818,40.67731069623164],[-3.3891932852419018,40.686405747826996],[-3.366765713267057,40.65891388656661],[-3.3370259264053743,40.6432559271193],[-3.318164027847615,40.646253159755474],[-3.325967170048841,40.5977806673439],[-3.3157869119364705,40.58263947183411],[-3.2930751200207737,40.56853180599802],[-3.287984992313568,40.55370066975007],[-3.29496131041617,40.53881785755806],[-3.2766936910609843,40.53463206651662],[-3.2575217350400294,40.542771103703444],[-3.240235967615831,40.538559475139664],[-3.2045275539035174,40.51303131774108],[-3.1987914701502405,40.478821519897224],[-3.2002384100745758,40.450502835437476],[-3.1895413880246224,40.43939240223756],[-3.157140265311,40.425388089188914],[-3.1386659412801805,40.39474396386282],[-3.142076585066377,40.36497833947874],[-3.1530578270570686,40.33624624296971],[-3.17796586773062,40.31257843754486],[-3.1879394193687176,40.27433787739113],[-3.1859240377641527,40.249455675139245],[-3.1710929024155234,40.242505195458364],[-3.150732387989308,40.26023021155498],[-3.1248424953848826,40.2748546413286],[-3.103758511446131,40.269893703931245],[-3.0865244208653166,40.23932709387026],[-3.0827262025522373,40.197624213086954],[-3.07275265091414,40.15760081622466],[-3.085671759244292,40.1456635607247],[-3.062236496916796,40.105330105499945],[-3.068696051081929,40.09055064609544],[-3.0937591213863698,40.07264476194621],[-3.1134478422441134,40.06801972133303],[-3.163548142632692,40.066185207781075],[-3.1693875800727938,40.08039622730405],[-3.187267624900983,40.088354397337525],[-3.2277302722342824,40.07786408086264],[-3.2882433738326426,40.05316274756274],[-3.3529164289500386,40.04605723735159],[-3.371752489086134,40.05740021454824],[-3.4062206693484427,40.045617987779906],[-3.502054612830136,40.048666897259466],[-3.5267301086076372,40.023242091749125],[-3.575331794027079,40.01249339555375],[-3.59830196836117,40.00003937431762],[-3.632666794936654,39.99171946907819],[-3.6361549539879547,39.97342601220066],[-3.6469036519819724,39.964796047699394],[-3.670132208734458,39.95968008157047],[-3.699226040449389,39.946192532459406],[-3.73591630699201,39.93895783103903],[-3.7661211818470974,39.91544505524507],[-3.809710252126422,39.8935342472077],[-3.825704108357911,39.895446275125494],[-3.8572784078722293,39.91094920494186],[-3.873866543306349,39.92673635469896],[-3.852963425621624,39.9378726263206],[-3.790589972049588,39.95306549687518],[-3.7786010397062455,39.95373729134292],[-3.751600103961664,39.97482127528161],[-3.7171060861769547,39.98944570595455],[-3.6706489726719838,40.02753123647739],[-3.6336744861885677,40.043447577443715],[-3.611634486942023,40.08155894638827],[-3.610394252592698,40.10158356403025],[-3.624501919328111,40.11321076116769],[-3.673336146945644,40.131943468516226],[-3.7214469059499606,40.138273831472134],[-3.7466391665643073,40.13512156830569],[-3.7714696919726975,40.14354482723195],[-3.786895107423277,40.160598048860834],[-3.801674566827785,40.166825059928556],[-3.827977870582288,40.16418956249828],[-3.8535577048242544,40.1826638865291],[-3.90122921425683,40.1920173205429],[-3.9330618961895425,40.20390290009874],[-3.9863919741103473,40.21705455242562],[-4.0077860173108775,40.227519029579526],[-4.035717129042268,40.25144521742283],[-4.066051195106581,40.25922252120239],[-4.0979613923043985,40.24552826651626],[-4.132558762876613,40.25180695172941],[-4.1746750548099385,40.28366547298316],[-4.208652309556442,40.27227081984245],[-4.234102951689863,40.26888601357865],[-4.250510219970693,40.25749136043794],[-4.266064825731121,40.23707916916828],[-4.296037156589534,40.220801092996],[-4.309989792794738,40.23284170218278],[-4.340995653326729,40.249274807086636],[-4.351563483268137,40.27671499330228],[-4.353863083914177,40.30415517771928],[-4.371071336073328,40.30797923445408],[-4.394842495185003,40.27945384441938],[-4.425434942768391,40.25521759731424],[-4.439749315078814,40.23917206513869],[-4.496696743260088,40.21581431717698],[-4.511243658667922,40.202817695380304],[-4.532999437074352,40.19796010987113],[-4.571885952374828,40.21201609976316]]]]},"properties":{"name":"Madrid"}}]}