{"type":"FeatureCollection","features":[{"type":"Feature","geometry":{"type":"Polygon","coordinates":[[[25.409444,-24.99792],[24.855235,-24.909234],[24.7494,-24.565362],[25.424795,-24.484263],[26.032603,-24.532281],[26.865977,-24.690973],[27.864879,-25.061456],[28.493175,-25.53106],[28.81068,-25.974176],[28.896739,-26.615899],[28.823985,-26.887018],[28.354259,-26.867242],[27.931041,-26.569513],[27.143809,-26.238824],[26.99171,-26.1065],[26.158214,-25.881646],[25.715099,-25.378961],[25.516612,-25.015069],[25.409444,-24.99792]]]},"properties":{"name_en":"Witwatersrand","name_de":"Witwatersrand"}},{"type":"Feature","geometry":{"type":"Polygon","coordinates":[[[13.983737,23.619399],[14.036216,23.678081],[14.476939,24.170905],[15.178111,25.070502],[16.355479,26.261115],[16.818492,26.340522],[17.228526,26.15528],[17.096324,25.679023],[16.262828,24.660407],[15.535289,23.774054],[15.151622,22.980292],[14.02711,21.988105],[13.3921,21.908759],[13.246593,22.795111],[13.983737,23.619399]]]},"properties":{"name_en":"Jabal Bin Ghunaymah","name_de":"Jabal bin Ghunaymah"}},{"type":"Feature","geometry":{"type":"Polygon","coordinates":[[[-111.842764,39.265789],[-111.888051,39.529975],[-111.675404,40.211371],[-111.778676,40.365363],[-111.82195,40.835534],[-111.82195,40.852912],[-111.993886,41.567267],[-111.755788,41.871527],[-111.705312,42.641303],[-111.397328,42.500922],[-111.292775,42.268439],[-111.048512,42.223456],[-110.941884,42.060675],[-111.081288,41.735419],[-111.160451,41.183661],[-111.292775,40.66767],[-111.451527,39.794562],[-111.663197,39.278632],[-111.842764,39.265789]]]},"properties":{"name_en":"Wasatch Range","name_de":"Wasatchkette"}},{"type":"Feature","geometry":{"type":"Polygon","coordinates":[[[32.145096,-27.482117],[31.979137,-27.793268],[31.860118,-27.488946],[31.796618,-27.108063],[31.78065,-26.113092],[31.873302,-25.650079],[31.886485,-25.200372],[31.754161,-24.565362],[31.727794,-23.877374],[31.80714,-23.427667],[31.99232,-23.692193],[32.137828,-24.194879],[32.20399,-24.71087],[32.230479,-25.279718],[32.349498,-25.808893],[32.296641,-26.033746],[32.270152,-26.734918],[32.145096,-27.482117]]]},"properties":{"name_en":"Lebombo Mountains","name_de":"Lebomboberge"}},{"type":"Feature","geometry":{"type":"Polygon","coordinates":[[[29.757244,-0.003964],[29.7341,0.010768],[29.672862,0.04975],[29.703746,0.477484],[29.796275,0.642829],[30.082896,0.891974],[30.232921,1.1081],[30.414021,1.16606],[30.43568,0.940497],[30.312402,0.673098],[30.246104,0.265815],[29.866832,-0.073724],[29.757244,-0.003964]]]},"properties":{"name_en":"Rwenzori Mountains","name_de":"Ruwenzori-Gebirge"}},{"type":"Feature","geometry":{"type":"Polygon","coordinates":[[[-3.475087,33.88111],[-3.660268,33.557013],[-4.083608,33.047675],[-4.467275,32.816169],[-5.009633,32.756659],[-5.3933,32.862494],[-5.671132,33.027838],[-5.260976,33.656256],[-4.963368,33.94068],[-4.215871,34.284613],[-3.422109,34.251532],[-3.475087,33.88111]]]},"properties":{"name_en":"Moyen Atlas","name_de":"Mittlerer Atlas"}},{"type":"Feature","geometry":{"type":"Polygon","coordinates":[[[-10.632069,8.242987],[-11.24059,7.951972],[-11.835866,8.295905],[-11.8756,8.891242],[-11.690358,9.301337],[-11.200917,9.526252],[-10.327748,9.407172],[-10.116078,9.182257],[-10.632069,8.242987]]]},"properties":{"name_en":"Loma Mountains","name_de":"Loma Mountains"}},{"type":"Feature","geometry":{"type":"Polygon","coordinates":[[[15.252134,8.376683],[15.532613,8.292064],[15.663097,8.185736],[15.592662,7.885871],[15.160411,7.868232],[14.781261,7.735907],[14.252086,7.665351],[13.828746,7.515448],[13.440684,7.250861],[13.158458,6.783393],[12.990855,6.712836],[13.043834,7.242011],[13.378917,7.718268],[14.331432,8.247443],[14.922374,8.370917],[15.252134,8.376683]]]},"properties":{"name_en":"Mbang Mountains","name_de":"Mbang-Gebirge"}},{"type":"Feature","geometry":{"type":"Polygon","coordinates":[[[-88.981068,16.240241],[-89.317922,16.111457],[-89.664723,16.180793],[-89.545827,16.408698],[-89.317922,16.616767],[-89.208974,17.00318],[-89.010732,17.250922],[-88.374501,17.252997],[-88.30724,17.00318],[-88.375111,16.744086],[-88.981068,16.240241]]]},"properties":{"name_en":"Maya Mountains","name_de":"Maya Mountains"}},{"type":"Feature","geometry":{"type":"Polygon","coordinates":[[[-104.955983,38.564276],[-105.106313,38.43244],[-105.46642,38.473517],[-105.781056,38.406134],[-105.984486,38.517646],[-106.168446,38.939337],[-105.932973,39.140692],[-105.987843,39.503546],[-106.212758,39.926886],[-106.120473,40.085395],[-106.381459,40.37995],[-106.146596,40.548651],[-105.908498,40.892585],[-105.524831,41.002021],[-105.075063,40.588324],[-105.061818,40.376654],[-105.194142,39.873969],[-105.061818,39.397711],[-104.91631,39.199286],[-104.572377,39.014045],[-104.955983,38.564276]]]},"properties":{"name_en":"Front Range","name_de":"Front Range"}},{"type":"Feature","geometry":{"type":"Polygon","coordinates":[[[-111.625244,44.465449],[-111.900514,44.478575],[-112.006497,44.425445],[-112.310383,44.268001],[-112.681417,44.033027],[-112.765815,43.979577],[-113.6079,44.808417],[-113.634328,45.020087],[-113.898427,45.345038],[-114.137013,45.416083],[-114.543874,45.312812],[-114.658009,45.377021],[-114.811696,45.827094],[-114.692677,46.343024],[-115.327626,47.017707],[-115.936208,47.335211],[-116.677052,47.427802],[-116.782887,47.57331],[-116.72997,47.851142],[-116.306343,48.181316],[-116.122097,48.126368],[-115.964246,48.088123],[-115.691701,47.942511],[-115.375539,47.626899],[-115.009755,47.537299],[-115.056752,47.325751],[-114.687184,47.020148],[-114.253529,47.015998],[-113.980946,46.866523],[-114.09734,46.171027],[-113.951833,45.880011],[-113.515248,45.774176],[-113.455739,45.357428],[-113.210988,45.112677],[-112.906728,45.033332],[-112.76122,44.715827],[-112.443715,44.676154],[-112.179128,44.7555],[-111.583791,44.702582],[-111.625244,44.465449]]]},"properties":{"name_en":"Bitterroot Range","name_de":"Bitterrootkette"}},{"type":"Feature","geometry":{"type":"Polygon","coordinates":[[[9.429513,60.714763],[9.26002,60.133063],[8.569835,59.510565],[8.126815,59.318876],[7.529796,59.127753],[6.949351,59.200385],[6.733165,59.381049],[6.631358,59.665534],[6.688731,59.978949],[7.323009,60.725165],[7.826427,61.014045],[9.044078,61.040473],[9.429513,60.714763]]]},"properties":{"name_en":"Hardangervidda","name_de":"Hardangervidda"}},{"type":"Feature","geometry":{"type":"Polygon","coordinates":[[[21.393876,7.594952],[21.038585,7.555121],[19.490733,8.481147],[19.742198,9.24842],[21.3296,10.214179],[21.902728,10.196791],[21.955587,10.195187],[21.973875,10.194633],[22.660708,10.17128],[22.66478,10.170678],[22.796345,10.151233],[24.160655,9.949591],[25.457164,9.420417],[25.332125,8.622174],[25.285167,8.322394],[23.644786,8.229804],[22.454112,7.713813],[21.393876,7.594952]]]},"properties":{"name_en":"Chaine des Mongos","name_de":"Bongo-Massiv"}},{"type":"Feature","geometry":{"type":"Polygon","coordinates":[[[50.995839,11.137339],[50.890147,10.921942],[50.400767,10.70362],[50.0171,10.617621],[49.765758,10.809455],[49.309337,10.921942],[48.971934,10.776374],[48.555308,10.690375],[48.396495,10.789618],[47.854137,10.829291],[47.629161,10.743354],[47.391124,10.544867],[47.252208,10.015692],[47.100108,9.790839],[46.484874,9.559333],[46.312877,9.61225],[46.339366,9.82392],[46.054942,9.843756],[45.836681,9.658515],[45.492686,9.876837],[45.1421,9.843756],[44.632823,9.724677],[44.546886,9.883429],[44.626231,10.062018],[44.851085,10.227362],[45.486095,10.511786],[45.598521,10.756537],[45.79132,10.829169],[46.024512,10.793701],[46.368571,10.72296],[46.388087,10.717956],[46.650279,10.730109],[46.973438,10.925391],[47.450572,11.160041],[47.7125,11.112012],[48.019238,11.139355],[48.438867,11.290137],[48.903125,11.254883],[49.388281,11.342725],[49.475843,11.377365],[49.481714,11.378759],[50.110059,11.529297],[50.466211,11.727539],[50.52832,11.823193],[50.597788,11.901045],[50.672813,11.953208],[50.743872,11.971339],[51.05136,11.886403],[51.191309,11.841992],[51.208576,11.792749],[51.19638,11.690321],[51.185925,11.602512],[51.136328,11.505127],[51.084277,11.335645],[50.995839,11.137339]]]},"properties":{"name_en":"Ogo Mountains","name_de":"Ogo-Gebirge"}},{"type":"Feature","geometry":{"type":"Polygon","coordinates":[[[18.664215,-25.65734],[18.97047,-25.839776],[20.02003,-26.280694],[20.557994,-26.792169],[20.284557,-27.259698],[20.416881,-27.665338],[20.505015,-28.326837],[20.085345,-28.370964],[20.00233,-28.379693],[19.499644,-28.556085],[19.261485,-28.829522],[18.926402,-28.856012],[17.965099,-28.767755],[17.418224,-28.670709],[17.338878,-28.221002],[17.180186,-28.027032],[17.585826,-27.515435],[17.806285,-26.80108],[17.806285,-26.430597],[18.044444,-25.883844],[18.000377,-25.195977],[18.256114,-25.090143],[18.555919,-25.592828],[18.664215,-25.65734]]]},"properties":{"name_en":"Karas Mountains","name_de":"Karasberge"}},{"type":"Feature","geometry":{"type":"Polygon","coordinates":[[[-7.117543,7.127326],[-7.276235,6.950934],[-7.946523,7.021491],[-9.110707,7.303717],[-9.763356,7.533026],[-10.204274,7.850531],[-10.521718,8.273871],[-10.151357,9.102912],[-9.745656,9.490912],[-8.793202,9.614386],[-7.752553,9.305732],[-7.338002,8.723639],[-7.117543,7.921088],[-7.117543,7.127326]]]},"properties":{"name_en":"Guinea Highlands","name_de":"Bergland von Guinea"}},{"type":"Feature","geometry":{"type":"Polygon","coordinates":[[[25.42628,13.327338],[24.888316,12.392462],[23.865245,12.533576],[23.503673,13.406745],[23.882945,14.420905],[24.685557,15.082404],[25.23231,15.39112],[25.929088,15.929023],[26.90797,16.149543],[27.481212,15.655707],[27.587047,15.37342],[27.251964,14.853095],[26.678722,14.606147],[25.752696,14.006415],[25.42628,13.327338]]]},"properties":{"name_en":"Marrah Mountains","name_de":"Marra"}},{"type":"Feature","geometry":{"type":"Polygon","coordinates":[[[40.667428,9.143509],[40.722213,9.176988],[41.195445,9.437995],[41.730673,9.638705],[41.831047,9.658342],[42.367216,9.723734],[42.467977,9.736023],[42.828137,9.752862],[43.150317,9.464048],[42.271373,9.010321],[42.132457,8.844916],[41.724527,8.783652],[41.306217,8.720829],[40.630992,8.344428],[40.4546,8.573737],[40.472179,8.997016],[40.667428,9.143509]]]},"properties":{"name_en":"Ahmar Mountains","name_de":"Ahmar-Gebirge"}},{"type":"Feature","geometry":{"type":"Polygon","coordinates":[[[23.060816,32.379769],[22.17628,32.392829],[21.283336,32.333319],[20.803357,32.006936],[20.763747,31.982731],[20.165416,31.645392],[19.996639,31.87418],[19.972346,31.907111],[20.448606,32.477288],[21.074395,32.775638],[21.31875,32.777686],[21.424707,32.79917],[21.635938,32.937305],[21.721387,32.94248],[21.839453,32.908643],[22.187402,32.918262],[22.523438,32.793945],[22.754102,32.740527],[22.799781,32.723894],[23.02296,32.63758],[23.052175,32.4747],[23.060816,32.379769]]]},"properties":{"name_en":"Al Jabal Al Akhdar","name_de":"al-Dschabal al-Achdar"}},{"type":"Feature","geometry":{"type":"Polygon","coordinates":[[[-4.32998,35.161475],[-3.787988,35.244922],[-3.590625,35.22832],[-3.394727,35.211816],[-3.206006,35.239111],[-3.063086,35.317236],[-2.965653,35.327972],[-2.892934,35.164374],[-2.839941,35.127832],[-2.636816,35.112695],[-2.800343,34.774115],[-3.336171,34.410285],[-4.262196,34.297858],[-4.625966,34.198615],[-5.399892,34.086188],[-5.869496,34.139106],[-5.748261,34.340953],[-5.635079,34.45661],[-5.499135,34.595526],[-5.849721,34.899787],[-5.809987,35.137885],[-5.881521,35.768709],[-5.881647,35.77323],[-5.622852,35.828906],[-5.522266,35.862012],[-5.378521,35.915547],[-5.337646,35.745215],[-5.252686,35.614746],[-5.128736,35.463532],[-4.797963,35.170966],[-4.32998,35.161475]]]},"properties":{"name_en":"Rif","name_de":"Rif"}},{"type":"Feature","geometry":{"type":"Polygon","coordinates":[[[-3.475087,33.88111],[-3.382436,34.106024],[-3.025258,34.450019],[-2.641591,34.979132],[-2.435673,35.112442],[-2.219629,35.104199],[-2.017773,35.085059],[-2.004946,35.085668],[-1.913281,35.094238],[-1.673633,35.183105],[-1.33584,35.364258],[-1.279166,35.396742],[-1.264766,35.403598],[-1.087695,35.578857],[-0.91748,35.668408],[-0.702227,35.75029],[-0.426123,35.861523],[-0.18916,35.819092],[-0.048242,35.832813],[0.047949,35.900537],[0.189464,36.050727],[0.815121,36.367987],[0.97168,36.443945],[1.257227,36.51958],[2.593359,36.600684],[2.784897,36.705246],[2.860946,36.735661],[2.983507,36.78468],[3.520508,36.795117],[3.779004,36.896191],[4.870148,36.861719],[4.874301,36.861415],[4.99541,36.808057],[5.195605,36.676807],[5.29541,36.648242],[5.467906,36.566657],[6.142589,35.87873],[5.428233,35.600898],[4.158214,35.944892],[2.411876,35.918402],[1.671153,35.521552],[1.234508,35.124701],[0.983165,34.807196],[-0.194203,34.701361],[-0.855702,34.582282],[-2.112416,34.198615],[-2.628407,33.920844],[-3.223683,33.78852],[-3.475087,33.88111]]]},"properties":{"name_en":"Tell Atlas","name_de":"Tellatlas"}},{"type":"Feature","geometry":{"type":"Polygon","coordinates":[[[32.971324,-20.74212],[32.296641,-20.794976],[32.296641,-20.451104],[32.442149,-20.054132],[32.349498,-19.379449],[32.349498,-18.969415],[32.137828,-18.202081],[31.979137,-17.950738],[31.754161,-17.791925],[31.701305,-17.315728],[32.071666,-16.892389],[32.455333,-16.77337],[32.799327,-16.799737],[33.196178,-16.98504],[33.368175,-17.500909],[33.434337,-18.162408],[33.593028,-18.86358],[33.791515,-19.114923],[33.632823,-19.458917],[33.275523,-20.503961],[32.971324,-20.74212]]]},"properties":{"name_en":"Mount Nyangani","name_de":"Inyangani"}},{"type":"Feature","geometry":{"type":"Polygon","coordinates":[[[147.219005,-37.607599],[146.933849,-37.551446],[146.888194,-37.310724],[147.071788,-37.054254],[147.59193,-36.780816],[147.998057,-36.463922],[148.788585,-35.502008],[148.990733,-35.412408],[149.129161,-35.540826],[149.102306,-35.811578],[148.803722,-36.422052],[148.664806,-36.602472],[148.101939,-37.135064],[147.601817,-37.440362],[147.219005,-37.607599]]]},"properties":{"name_en":"Australian Alps","name_de":"Australische Alpen"}},{"type":"Feature","geometry":{"type":"Polygon","coordinates":[[[139.647149,-30.281056],[139.591829,-30.404188],[139.231456,-31.20672],[139.165782,-31.527154],[139.084849,-32.653131],[138.999522,-32.95318],[138.709361,-33.262384],[138.315074,-33.305841],[138.178477,-33.154107],[138.016124,-32.723565],[137.997691,-32.471978],[138.077403,-32.112726],[138.741466,-30.564019],[139.032481,-30.089898],[139.375987,-29.798639],[139.699474,-29.832086],[139.789683,-29.9638],[139.647149,-30.281056]]]},"properties":{"name_en":"Flinders Ranges","name_de":"Flinders Ranges"}},{"type":"Feature","geometry":{"type":"Polygon","coordinates":[[[150.579723,-33.931939],[150.223399,-33.782647],[150.01002,-33.453668],[149.908214,-32.918023],[150.054454,-32.773858],[150.26356,-32.976617],[150.662608,-33.66839],[150.579723,-33.931939]]]},"properties":{"name_en":"Blue Mountains","name_de":"Blue Mountains"}},{"type":"Feature","geometry":{"type":"Polygon","coordinates":[[[143.535655,-19.498834],[143.220103,-19.449395],[143.057262,-19.328302],[142.535777,-18.708917],[142.218272,-18.414972],[142.247813,-18.16253],[142.437999,-18.052179],[142.693858,-18.199273],[143.093516,-18.829644],[143.682017,-19.273248],[143.535655,-19.498834]]]},"properties":{"name_en":"Gregory Range","name_de":"Gregory Range"}},{"type":"Feature","geometry":{"type":"Polygon","coordinates":[[[141.183849,-21.659967],[140.884044,-21.60235],[140.156505,-21.119928],[139.531016,-20.485894],[139.218639,-20.232599],[139.141856,-19.965509],[139.401744,-19.858941],[139.793834,-19.949762],[140.009532,-20.076715],[140.402354,-20.51336],[140.947154,-21.00921],[141.151134,-21.27337],[141.183849,-21.659967]]]},"properties":{"name_en":"Selwyn Mountains","name_de":"Selwyn Range"}},{"type":"Feature","geometry":{"type":"Polygon","coordinates":[[[135.494762,-23.083307],[135.457286,-23.351983],[135.208018,-23.547052],[134.701671,-23.771905],[134.156016,-23.82879],[132.61964,-23.785211],[130.843761,-23.595758],[130.591563,-23.512384],[130.307506,-23.288751],[130.258311,-23.042291],[130.348521,-22.945733],[130.965831,-23.009454],[131.973765,-23.163018],[133.601329,-23.157403],[134.066417,-23.108819],[134.867808,-22.951471],[135.297374,-22.962579],[135.494762,-23.083307]]]},"properties":{"name_en":"MacDonnell Ranges","name_de":"MacDonnell Ranges"}},{"type":"Feature","geometry":{"type":"Polygon","coordinates":[[[116.116588,-33.882867],[115.878184,-33.837701],[115.838878,-33.291681],[115.902599,-32.859552],[115.878551,-31.748834],[115.902354,-30.907892],[115.84962,-30.351983],[115.652843,-29.847467],[115.617442,-29.588556],[115.846568,-29.303643],[116.084239,-29.400811],[116.419688,-29.851495],[116.57191,-30.439142],[116.700938,-31.506891],[116.725108,-32.281671],[116.618053,-32.960504],[116.380382,-33.607354],[116.116588,-33.882867]]]},"properties":{"name_en":"Darling Range","name_de":"Darling Range"}},{"type":"Feature","geometry":{"type":"Polygon","coordinates":[[[118.71401,-22.341857],[119.462291,-22.600885],[119.599132,-22.889215],[119.283214,-22.91253],[118.271251,-22.62481],[117.904918,-22.479913],[117.35255,-22.406183],[116.308726,-22.028375],[116.218029,-21.930608],[116.184337,-21.70672],[116.519866,-21.681068],[118.08192,-22.118829],[118.71401,-22.341857]]]},"properties":{"name_en":"Hamersley Range","name_de":"Hamersley Range"}},{"type":"Feature","geometry":{"type":"Polygon","coordinates":[[[147.92673,-9.558259],[147.67668,-9.409419],[147.538585,-9.33648],[147.236251,-8.904403],[147.126826,-8.754566],[146.866472,-8.420518],[146.742198,-8.058893],[146.775035,-7.665338],[147.043712,-7.624566],[147.465587,-8.042901],[147.65021,-8.282813],[148.259713,-9.00168],[148.298787,-9.040244],[148.893219,-9.43055],[149.137234,-9.589091],[149.534923,-9.775079],[149.887096,-10.108331],[149.888927,-10.210748],[149.521007,-10.21734],[149.065807,-10.090143],[148.38502,-9.799981],[147.92673,-9.558259]]]},"properties":{"name_en":"Owen Stanley Range","name_de":"Owen-Stanley-Gebirge"}},{"type":"Feature","geometry":{"type":"Polygon","coordinates":[[[138.925802,-4.580156],[138.188674,-4.461055],[136.633311,-4.284723],[136.433456,-4.280081],[135.829112,-4.266046],[135.491144,-4.088303],[135.550548,-3.819757],[135.822276,-3.596002],[136.037242,-3.317071],[136.486792,-2.956022],[136.689952,-2.907159],[136.979878,-3.102602],[137.202403,-3.207208],[138.447032,-3.242852],[139.036998,-3.373956],[139.781261,-3.652398],[140.427745,-4.008722],[140.712047,-4.41192],[140.696422,-4.668634],[140.566173,-4.808038],[140.122203,-4.792169],[139.30775,-4.616143],[138.925802,-4.580156]]]},"properties":{"name_en":"Maoke Mountains","name_de":"Maokegebirge"}},{"type":"Feature","geometry":{"type":"Polygon","coordinates":[[[104.744884,-5.281427],[104.426158,-5.276422],[103.859508,-5.060846],[103.218272,-4.45379],[102.559825,-3.956231],[102.376842,-3.618829],[101.817271,-3.059137],[101.334972,-2.412408],[100.596934,-1.259576],[100.077037,-0.103997],[100.052013,0.306586],[100.324474,0.375556],[100.641246,0.035895],[101.066539,-0.716974],[101.599986,-1.406305],[102.038951,-2.190362],[102.684825,-2.919],[103.278453,-3.477472],[103.825816,-3.903375],[104.036143,-4.182794],[104.516978,-4.597589],[104.729625,-4.839166],[104.818858,-5.118341],[104.744884,-5.281427]]]},"properties":{"name_en":"Barisan Mountains","name_de":"Barisangebirge"}},{"type":"Feature","geometry":{"type":"Polygon","coordinates":[[[106.837607,49.88183],[107.129527,50.287177],[107.812266,50.571723],[108.756118,50.616623],[108.959406,50.52879],[110.602796,49.738011],[110.645304,49.734984],[112.122081,49.629828],[112.435092,49.440144],[112.50587,49.089423],[112.333751,48.714972],[112.329478,48.318488],[112.220225,48.112006],[111.424205,47.572394],[110.600597,47.474066],[109.974864,47.095893],[109.351817,47.00788],[109.067393,47.049262],[108.611217,47.467475],[108.114146,47.712165],[106.941661,47.700507],[106.324596,47.996039],[105.713878,48.099799],[105.541515,48.528632],[105.640269,48.869574],[106.026866,49.028144],[106.401744,49.296698],[106.837607,49.88183]]]},"properties":{"name_en":"Khentii Mountains","name_de":"Chentii-Gebirge"}},{"type":"Feature","geometry":{"type":"Polygon","coordinates":[[[133.335216,50.392279],[133.056407,50.527961],[133.09315,50.908881],[133.68568,51.363898],[134.327647,51.755316],[134.987804,52.0633],[135.53419,52.183905],[135.885997,52.146552],[135.949596,51.966498],[135.765391,51.802314],[135.043834,51.373786],[134.291026,51.029731],[133.335216,50.392279]]]},"properties":{"name_en":"Bureinsky Ridge","name_de":"Burejagebirge"}},{"type":"Feature","geometry":{"type":"Polygon","coordinates":[[[135.180064,52.267524],[134.509532,52.410712],[134.304454,52.738105],[134.166026,53.482611],[134.154796,53.981024],[134.237804,54.216498],[134.589366,54.373969],[134.975474,54.29859],[135.098155,54.128241],[135.42335,53.111884],[135.548228,52.552436],[135.180064,52.267524]]]},"properties":{"name_en":"Yam-Alin","name_de":"Jam-Alin"}},{"type":"Feature","geometry":{"type":"Polygon","coordinates":[[[179.925178,66.865437],[179.260631,66.760627],[177.763682,67.024848],[177.282359,67.157111],[175.179698,67.91651],[173.470348,68.725898],[172.146373,69.068488],[171.802257,69.266913],[171.601939,69.664374],[171.882213,69.874762],[173.017345,69.674628],[173.677867,69.631171],[175.38795,69.182318],[176.588023,68.960822],[177.689586,68.802069],[178.853526,68.390876],[179.590099,68.052069],[179.935449,67.631677],[179.925178,66.865437]]]},"properties":{"name_en":"Chukotka Mountains","name_de":"Tschuktschen-Gebirge"}},{"type":"Feature","geometry":{"type":"Polygon","coordinates":[[[144.779552,61.000861],[143.666515,60.99903],[143.314952,61.04383],[142.166026,61.32807],[141.448375,61.552924],[139.904063,62.201056],[139.5442,62.445868],[139.483897,62.725531],[139.602061,62.982306],[139.90443,63.122565],[140.387828,63.049445],[142.037486,62.554633],[143.206065,62.258857],[144.937511,61.71894],[145.19044,61.408698],[145.125499,61.182135],[144.779552,61.000861]]]},"properties":{"name_en":"Suntar-Khayata Range","name_de":"Suntar-Chajata-Gebirge"}},{"type":"Feature","geometry":{"type":"Polygon","coordinates":[[[136.379621,56.899169],[136.916881,57.307624],[139.010997,58.668341],[139.854015,59.016486],[140.117442,58.989081],[140.209483,58.570624],[140.060191,58.145514],[139.610362,57.73432],[138.294235,56.870906],[138.09923,56.686285],[137.697398,56.357428],[137.052013,55.988776],[136.510949,55.792388],[135.521129,55.301825],[134.958385,55.228034],[134.367076,55.225653],[134.084972,55.297797],[133.834361,55.551215],[133.816173,55.912848],[134.015147,56.148993],[134.712413,56.410834],[135.274425,56.523261],[136.379621,56.899169]]]},"properties":{"name_en":"Dzhugdzhur Mountains","name_de":"Dschugdschur"}},{"type":"Feature","geometry":{"type":"Polygon","coordinates":[[[149.45399,64.665595],[148.480357,64.812079],[148.109386,64.956366],[146.80189,65.696295],[146.302257,65.879889],[144.444347,66.161933],[143.809459,66.334906],[142.861949,66.861884],[142.651988,67.201606],[142.979503,67.425482],[144.563853,67.336371],[144.9192,67.262519],[147.136729,66.576728],[148.410777,66.026618],[149.145885,65.596625],[149.589122,65.125312],[149.670421,64.849555],[149.45399,64.665595]]]},"properties":{"name_en":"Momskiy Khrebet","name_de":"Momagebirge"}},{"type":"Feature","geometry":{"type":"Polygon","coordinates":[[[66.454551,28.504732],[66.305308,28.731208],[66.44684,29.41905],[66.583385,29.724005],[66.932506,30.288825],[67.236095,30.413825],[67.508556,30.181952],[67.588512,30.008124],[67.587657,29.578803],[67.492571,29.184725],[67.288541,28.730569],[67.063121,28.597602],[66.454551,28.504732]]]},"properties":{"name_en":"Central Brahui Range","name_de":"Central Brahui Range"}},{"type":"Feature","geometry":{"type":"Polygon","coordinates":[[[68.570726,43.505007],[67.421641,44.074652],[66.801524,44.532233],[66.264659,44.868903],[66.18922,45.068305],[66.578014,45.199164],[66.892729,45.064983],[68.215709,44.255378],[68.994447,43.928722],[69.580577,43.714911],[70.105379,43.470042],[70.851085,43.020392],[71.257701,42.969245],[71.254649,42.773139],[70.678599,42.57508],[70.026256,42.668463],[69.652232,42.88288],[69.480479,43.104926],[69.097545,43.349494],[68.570726,43.505007]]]},"properties":{"name_en":"Karatau Mountains","name_de":"Qaratau"}},{"type":"Feature","geometry":{"type":"Polygon","coordinates":[[[72.611095,26.038188],[72.717179,26.159103],[73.066905,26.355292],[73.569347,26.822272],[74.054698,27.100409],[74.177013,27.099555],[74.524791,26.845771],[74.463756,26.449713],[74.049205,25.920417],[73.398204,25.251105],[73.045177,25.030097],[72.821544,24.66883],[72.456432,24.599982],[72.270763,24.64234],[72.13026,24.871955],[72.109508,25.114997],[72.207286,25.31977],[72.502818,25.622382],[72.611095,26.038188]]]},"properties":{"name_en":"Aravalli Range","name_de":"Aravalligebirge"}},{"type":"Feature","geometry":{"type":"Polygon","coordinates":[[[70.436778,33.40235],[70.580455,33.136298],[70.504161,32.460028],[70.369884,32.115241],[70.388194,31.697699],[70.618663,30.998236],[70.640514,30.188666],[70.486461,30.016425],[70.209727,29.201361],[70.087901,29.097113],[69.853038,29.140815],[69.511363,29.579169],[69.430553,29.796576],[69.383433,31.266852],[69.305186,32.293647],[69.066783,32.60047],[68.946056,33.034186],[68.952281,33.278327],[69.368175,33.639228],[69.695445,33.730658],[70.037486,33.686164],[70.436778,33.40235]]]},"properties":{"name_en":"Sulaiman Mountains","name_de":"Kōh-e Sulaymān"}},{"type":"Feature","geometry":{"type":"Polygon","coordinates":[[[64.358287,26.110358],[63.875499,26.141852],[62.879161,26.45362],[62.482677,26.785895],[62.439464,27.026252],[62.845714,27.224799],[63.743541,27.27851],[64.383433,27.433417],[64.977306,27.754157],[65.523692,28.150519],[65.782237,28.266974],[66.067149,28.232245],[66.055797,27.880072],[65.968639,27.560065],[65.629649,26.965644],[65.375255,26.715399],[64.614146,26.195868],[64.358287,26.110358]]]},"properties":{"name_en":"Central Makran Range","name_de":"Central Makran Range"}},{"type":"Feature","geometry":{"type":"Polygon","coordinates":[[[66.858436,26.209364],[66.54005,26.761237],[66.432311,27.116476],[66.344859,27.914679],[66.451404,28.304905],[66.822887,28.270819],[67.193515,28.094309],[67.306773,27.864447],[67.284801,27.226447],[67.484386,25.85401],[67.392833,25.507025],[67.134532,25.400519],[66.925182,25.639228],[66.858436,26.209364]]]},"properties":{"name_en":"Kirthar Mountains","name_de":"Kirthar-Gebirge"}},{"type":"Feature","geometry":{"type":"Polygon","coordinates":[[[35.457537,33.247312],[35.349742,33.506293],[35.544078,33.835395],[35.876964,34.197821],[36.06563,34.500509],[36.349742,34.506537],[36.340099,34.319586],[36.028575,33.807685],[35.457537,33.247312]]]},"properties":{"name_en":"Mount Lebanon Range","name_de":"Libanongebirge"}},{"type":"Feature","geometry":{"type":"Polygon","coordinates":[[[58.435634,38.159455],[58.810924,37.945258],[59.127648,37.669477],[60.510997,36.683295],[60.651866,36.452155],[60.465221,36.210517],[60.041026,36.316474],[59.636119,36.512152],[58.774181,37.054938],[58.448009,37.297003],[57.789928,37.579108],[57.35023,37.646979],[56.895396,37.831916],[56.56776,38.156073],[56.111217,38.331427],[55.621471,38.744818],[55.462657,39.01142],[55.580821,39.327765],[55.902721,39.383368],[56.501109,39.127265],[56.95045,38.698004],[57.576182,38.361274],[58.206676,38.269904],[58.435634,38.159455]]]},"properties":{"name_en":"Kopet Dag","name_de":"Kopet-Dag"}},{"type":"Feature","geometry":{"type":"Polygon","coordinates":[[[61.871104,35.321234],[62.260509,35.175116],[62.883311,35.046027],[63.749889,35.047919],[64.525157,35.166144],[65.376964,35.236212],[65.699107,35.305732],[66.475719,35.208869],[66.673106,35.135138],[66.592174,34.867926],[66.315318,34.758979],[65.420177,34.580878],[64.835582,34.391791],[64.518321,34.367072],[63.318126,34.383246],[62.788707,34.285468],[62.458995,34.363715],[61.98463,34.568976],[61.578502,34.989936],[61.527476,35.256049],[61.871104,35.321234]]]},"properties":{"name_en":"Paropamisus Mountains","name_de":"Paropamismus-Gebirge"}},{"type":"Feature","geometry":{"type":"Polygon","coordinates":[[[59.40217,22.604222],[59.438365,22.272345],[59.287608,22.222113],[58.883556,22.654853],[58.690562,22.738166],[58.046397,22.876532],[57.589366,22.898993],[57.079845,22.732428],[56.83839,22.844062],[56.628795,23.319342],[56.268077,23.731024],[56.021861,24.094733],[55.861949,24.544318],[55.899547,24.799262],[56.067393,25.117194],[56.078014,25.862372],[56.145295,26.033916],[56.365245,26.016242],[56.307227,25.709326],[56.297852,25.650684],[56.361082,25.206936],[56.359019,25.077765],[56.379771,24.925666],[56.489844,24.716357],[56.9125,24.150195],[57.219824,23.922754],[57.509387,23.804535],[58.324512,23.623828],[58.393164,23.618164],[58.773047,23.517187],[59.029883,23.130566],[59.173535,22.992275],[59.40217,22.604222]]]},"properties":{"name_en":"Al Hajar Mountains","name_de":"Hadschar-Gebirge"}},{"type":"Feature","geometry":{"type":"Polygon","coordinates":[[[45.948375,20.388373],[45.546764,20.423102],[45.441539,20.663275],[45.511851,21.101264],[45.977428,22.425299],[46.158702,23.159003],[46.168468,23.78974],[46.077281,24.287238],[45.872447,24.850043],[45.907359,25.202582],[46.042003,25.310248],[46.269054,25.290412],[46.55067,25.103034],[46.820079,24.79859],[47.010753,24.427558],[47.05421,23.840827],[46.954356,22.979682],[46.753429,22.029731],[46.494151,21.176581],[46.216075,20.626044],[45.948375,20.388373]]]},"properties":{"name_en":"Tuwayq Mountains","name_de":"Tuwaiq"}},{"type":"Feature","geometry":{"type":"Polygon","coordinates":[[[34.310125,36.611132],[34.301474,36.605661],[33.640758,36.299079],[32.918101,36.102973],[32.650401,36.149604],[31.976817,36.618109],[31.34901,36.978949],[31.271861,37.160346],[31.585216,37.612433],[31.944347,37.706427],[32.479259,37.559394],[33.274425,37.513617],[34.238292,37.706427],[35.003673,37.821479],[35.055308,37.691901],[34.990245,37.263007],[34.834361,37.026007],[34.310125,36.611132]]]},"properties":{"name_en":"Taurus mountains","name_de":"Taurusgebirge"}},{"type":"Feature","geometry":{"type":"Polygon","coordinates":[[[14.002086,48.468268],[13.852306,48.432868],[13.476085,48.60633],[12.584727,49.188666],[12.349376,49.435981],[12.365733,49.729438],[12.652721,49.814032],[12.961192,49.749945],[13.698619,49.221564],[14.159801,48.727362],[14.002086,48.468268]]]},"properties":{"name_en":"Böhmerwald","name_de":"Böhmerwald"}},{"type":"Feature","geometry":{"type":"Polygon","coordinates":[[[25.470059,45.025472],[25.048106,45.026374],[23.665538,44.821295],[23.427861,44.750698],[22.631966,44.637919],[22.279882,44.639329],[21.929082,44.732315],[21.769776,44.820772],[21.62794,45.185736],[21.756358,45.420295],[21.993175,45.589789],[22.776256,45.807502],[25.557384,45.956855],[26.045055,45.941352],[26.456798,45.792609],[26.713634,45.45307],[26.575847,45.17629],[26.14149,45.036933],[25.470059,45.025472]]]},"properties":{"name_en":"Southern Carpathians","name_de":"Transsilvanische Alpen"}},{"type":"Feature","geometry":{"type":"Polygon","coordinates":[[[18.516095,49.968022],[18.790904,50.01789],[19.768321,50.046698],[20.745893,49.939702],[21.566173,49.849921],[22.018077,49.747992],[22.784068,49.400214],[23.056163,49.012274],[22.854503,48.869208],[22.540904,48.896613],[21.744151,49.066352],[20.260509,49.095465],[19.894664,49.070624],[19.079845,48.878669],[18.65858,48.820258],[18.283946,48.889167],[18.013194,49.236151],[18.027354,49.56269],[18.147838,49.787787],[18.516095,49.968022]]]},"properties":{"name_en":"Tatra Mountains","name_de":"Tatra"}},{"type":"Feature","geometry":{"type":"Polygon","coordinates":[[[21.35798,38.470729],[21.355469,38.474805],[21.331055,38.487305],[21.314495,38.484415],[21.098277,38.673285],[21.074219,38.885156],[21.111621,38.896289],[21.152344,38.92207],[21.034082,39.02627],[20.922754,39.036768],[20.887045,39.068021],[20.278575,39.664191],[20.039317,40.056098],[19.933849,40.476813],[19.96815,41.276007],[20.176524,41.483466],[20.506847,41.366584],[21.069713,40.270453],[21.23463,40.02619],[21.920787,39.346503],[22.108287,38.976325],[22.019542,38.605902],[21.69337,38.462836],[21.35798,38.470729]]]},"properties":{"name_en":"Pindus","name_de":"Pindos"}},{"type":"Feature","geometry":{"type":"Polygon","coordinates":[[[15.756645,40.006695],[16.147614,40.052609],[16.483409,40.200263],[16.669629,40.137207],[16.52998,39.859668],[16.597754,39.638916],[17.114551,39.380615],[17.174609,38.998096],[16.755469,38.889697],[16.558984,38.714795],[16.545605,38.409082],[16.282422,38.249561],[16.056836,37.941846],[15.724512,37.939111],[15.643066,38.175391],[15.822363,38.302979],[15.972363,38.712598],[16.196777,38.759229],[16.023633,39.353613],[15.763672,39.870068],[15.756645,40.006695]]]},"properties":{"name_en":"Calabria","name_de":"Kalabrien"}},{"type":"Feature","geometry":{"type":"Polygon","coordinates":[[[9.600963,51.967254],[9.716441,52.131842],[10.14503,52.151801],[10.82753,52.024828],[11.350474,51.870917],[11.517955,51.690741],[11.320445,51.38642],[11.083995,51.282416],[10.756114,51.295661],[9.979381,51.471869],[9.692149,51.625006],[9.600963,51.967254]]]},"properties":{"name_en":"Harz","name_de":"Harz"}},{"type":"Feature","geometry":{"type":"Polygon","coordinates":[[[7.141978,47.879218],[6.883433,47.811469],[6.650645,47.896186],[6.522472,48.313727],[6.869517,48.92536],[7.54481,49.690009],[7.850719,49.817328],[8.126964,49.716437],[8.136851,49.395636],[7.928477,49.094672],[7.506236,48.739325],[7.450816,48.347235],[7.141978,47.879218]]]},"properties":{"name_en":"Vosges Mountains","name_de":"Vogesen"}},{"type":"Feature","geometry":{"type":"Polygon","coordinates":[[[17.28297,49.910102],[16.849864,50.013251],[16.449718,50.363044],[15.985118,50.60279],[15.541515,50.727973],[14.659068,50.796454],[14.300548,50.884528],[14.193858,51.186591],[14.344615,51.303961],[15.37318,51.166693],[16.078502,51.019294],[16.580333,50.840949],[17.387706,50.353522],[17.484264,50.070929],[17.28297,49.910102]]]},"properties":{"name_en":"Sudetes","name_de":"Sudeten"}},{"type":"Feature","geometry":{"type":"Polygon","coordinates":[[[12.17689,50.005622],[11.753795,49.880378],[11.686656,50.115668],[12.451305,50.544196],[13.434337,50.833686],[13.97877,50.891974],[13.936412,50.715399],[12.80421,50.308905],[12.17689,50.005622]]]},"properties":{"name_en":"Ore Mountains","name_de":"Erzgebirge"}},{"type":"Feature","geometry":{"type":"Polygon","coordinates":[[[5.416392,49.577216],[4.823741,49.458991],[4.367686,49.491523],[4.170299,49.674506],[4.164073,49.925055],[4.446788,50.321906],[5.343272,50.423224],[5.90565,50.352118],[6.153575,50.07807],[5.931041,49.799262],[5.416392,49.577216]]]},"properties":{"name_en":"Ardennes","name_de":"Ardennen"}},{"type":"Feature","geometry":{"type":"Polygon","coordinates":[[[5.825084,46.06037],[5.69276,46.137702],[5.716197,46.565131],[5.876842,46.864081],[6.369395,47.3487],[6.621837,47.48371],[7.403819,47.651618],[8.007945,47.36164],[6.667369,46.850165],[6.116344,46.427985],[5.825084,46.06037]]]},"properties":{"name_en":"Jura Mountains","name_de":"Jura"}},{"type":"Feature","geometry":{"type":"Polygon","coordinates":[[[-2.089551,57.102539],[-2.225392,56.9961],[-3.660268,56.586798],[-4.793165,56.15558],[-4.819141,56.150488],[-4.880663,56.122276],[-4.895669,56.116564],[-5.247314,56.000391],[-5.176416,56.116992],[-5.282324,56.089941],[-5.383447,56.019238],[-5.427991,55.943516],[-5.474233,56.072577],[-4.931264,56.471747],[-4.059499,56.937812],[-3.030446,57.237921],[-2.089551,57.102539]]]},"properties":{"name_en":"Cruach nam Miseag","name_de":"Grampian Mountains"}},{"type":"Feature","geometry":{"type":"Polygon","coordinates":[[[-4.003595,52.551432],[-4.021853,52.715518],[-4.022891,52.729575],[-3.905629,53.242011],[-3.319631,53.165961],[-3.104604,52.99726],[-3.149281,52.452094],[-3.050038,51.899237],[-3.289845,51.621466],[-4.096791,51.727301],[-4.288442,51.933783],[-3.996571,52.20185],[-4.003595,52.551432]]]},"properties":{"name_en":"Cambrian Mountains","name_de":"Cambrian Mountains"}},{"type":"Feature","geometry":{"type":"Polygon","coordinates":[[[-16.961293,64.900885],[-16.629872,64.785956],[-16.128713,64.891303],[-15.35204,64.78205],[-15.416554,64.507758],[-15.665944,64.350348],[-16.572072,63.995124],[-16.960561,64.16059],[-18.006703,64.16474],[-18.167165,64.382148],[-17.939137,64.701117],[-16.961293,64.900885]]]},"properties":{"name_en":"Vatnajökull","name_de":"Vatnajökull"}},{"type":"Feature","geometry":{"type":"Polygon","coordinates":[[[-115.153066,58.368781],[-113.799794,58.674628],[-113.288075,58.786994],[-112.675893,59.159552],[-111.652089,58.943427],[-111.410939,59.006232],[-111.094289,58.626899],[-111.068959,58.457587],[-111.486806,58.43891],[-111.345693,58.01557],[-111.427663,57.664496],[-111.66393,57.307502],[-112.545094,57.080634],[-113.321217,56.992499],[-114.644154,57.027716],[-115.349721,57.257086],[-115.437856,57.451056],[-115.153066,58.368781]]]},"properties":{"name_en":"Birch Mountains","name_de":"Birch Mountains"}},{"type":"Feature","geometry":{"type":"Polygon","coordinates":[[[-113.799794,58.674628],[-115.153066,58.368781],[-115.817922,58.466559],[-116.478627,58.84455],[-116.39037,59.28559],[-116.125783,59.761847],[-116.055287,60.185126],[-115.861195,60.502631],[-115.439687,60.840888],[-115.049855,60.643744],[-114.697072,60.167487],[-113.815114,59.373725],[-113.674001,59.07392],[-113.799794,58.674628]]]},"properties":{"name_en":"Caribou Mountains","name_de":"Caribou Mountains"}},{"type":"Feature","geometry":{"type":"Polygon","coordinates":[[[-129.210327,61.292809],[-129.231496,61.049384],[-129.231496,61.009467],[-129.16289,60.632257],[-129.163441,60.430423],[-129.163702,60.410066],[-129.07134,60.212898],[-129.071334,60.212895],[-128.468876,59.940459],[-128.279775,59.86225],[-127.714406,59.999457],[-127.499247,59.786876],[-127.692983,59.545844],[-127.642506,59.242926],[-126.868398,58.552985],[-126.47143,58.249394],[-125.64521,57.422858],[-126.125722,57.60401],[-126.530019,57.619086],[-126.557057,57.399176],[-126.916737,57.090522],[-126.926381,56.916754],[-127.235524,56.815741],[-127.277333,56.622809],[-127.706838,56.654242],[-128.235158,56.87641],[-128.778432,57.282477],[-129.157033,57.475959],[-129.443105,57.475959],[-129.64507,57.711554],[-129.660329,57.963996],[-130.67162,58.300605],[-130.924001,58.5362],[-131.563527,58.906378],[-131.911305,59.23902],[-132.438527,60.026374],[-132.901601,60.239569],[-134.22762,61.069027],[-134.496205,61.346503],[-134.493137,61.594623],[-134.306508,61.901862],[-132.960256,61.952338],[-132.56336,62.007153],[-131.69691,61.784408],[-131.593183,61.775947],[-131.23467,61.7685],[-130.903432,62.044013],[-130.131093,62.037177],[-129.760671,61.825507],[-129.210327,61.292809]]]},"properties":{"name_en":"Cassiar Mountains","name_de":"Cassiar Mountains"}},{"type":"Feature","geometry":{"type":"Polygon","coordinates":[[[-137.12931,64.888501],[-136.705983,64.890326],[-135.21111,64.48017],[-135.158193,64.334662],[-135.793202,64.05683],[-136.044545,64.043647],[-137.253961,63.675293],[-138.180956,63.915451],[-138.442424,64.00087],[-139.035058,64.183525],[-140.44756,64.39173],[-140.999867,64.819525],[-140.595387,64.916754],[-139.021108,65.101996],[-138.319936,64.996161],[-138.081838,64.758002],[-137.12931,64.888501]]]},"properties":{"name_en":"Ogilvie Mountains","name_de":"Ogilvie Mountains"}},{"type":"Feature","geometry":{"type":"Polygon","coordinates":[[[-143.391583,61.358924],[-143.66454,61.371344],[-144.220143,61.516852],[-145.004453,61.834624],[-145.408803,62.15412],[-145.38036,62.268988],[-144.474098,62.661013],[-143.654225,62.710456],[-143.14861,63.02497],[-142.697743,63.069281],[-142.577565,63.239203],[-141.997548,63.094428],[-141.381886,62.687506],[-141.46111,62.535651],[-141.951222,62.265265],[-142.249013,61.56977],[-142.606191,61.437506],[-143.391583,61.358924]]]},"properties":{"name_en":"Wrangell Mountains","name_de":"Wrangell Mountains"}},{"type":"Feature","geometry":{"type":"Polygon","coordinates":[[[-74.854726,43.06214],[-75.448537,43.469306],[-75.818654,44.180548],[-75.018361,44.742255],[-74.312856,45.050971],[-73.609555,45.138398],[-73.457326,45.121466],[-73.297414,44.884711],[-73.366628,44.573798],[-73.293813,44.404975],[-73.42516,44.038459],[-73.351796,43.778876],[-73.430898,43.410529],[-73.705373,42.795111],[-74.225331,42.968573],[-74.506459,42.915534],[-74.854726,43.06214]]]},"properties":{"name_en":"Adirondack Mountains","name_de":"Adirondack Mountains"}},{"type":"Feature","geometry":{"type":"Polygon","coordinates":[[[-77.788659,39.13932],[-77.86266,38.934699],[-78.298482,38.472388],[-78.299759,38.470882],[-78.537343,38.127692],[-78.93401,37.770331],[-79.525336,37.364588],[-79.907241,37.060391],[-80.28362,36.707709],[-80.521437,36.604671],[-80.812734,36.478461],[-81.087512,36.185494],[-81.641774,35.578864],[-82.008839,35.276007],[-82.348664,35.205723],[-82.506093,35.173163],[-83.171737,34.823176],[-83.471229,34.683978],[-84.234731,34.573432],[-84.746205,34.802741],[-84.728627,35.226081],[-84.358205,35.578864],[-83.723195,35.962104],[-82.805959,36.231513],[-82.259145,36.599372],[-81.419789,37.010321],[-80.918568,37.166388],[-80.519154,37.207648],[-79.878163,37.417975],[-79.22527,38.021857],[-78.682851,38.709784],[-78.523061,39.054999],[-78.07433,39.146308],[-77.788659,39.13932]]]},"properties":{"name_en":"Blue Ridge Mountains","name_de":"Blue Ridge Mountains"}},{"type":"Feature","geometry":{"type":"Polygon","coordinates":[[[-122.380041,41.424741],[-122.383669,41.092488],[-122.512502,40.736274],[-122.68544,40.602851],[-122.726796,40.554416],[-122.744812,40.456409],[-122.775685,40.288459],[-123.331288,40.442816],[-123.529714,40.548651],[-124.110162,41.112388],[-124.140039,41.155908],[-124.06865,41.37466],[-124.117676,41.621729],[-124.163232,41.718994],[-124.185646,41.762637],[-124.210377,41.84468],[-124.182851,41.991523],[-124.278007,42.069037],[-124.325734,42.107917],[-124.407164,42.294912],[-124.392812,42.449897],[-124.041371,42.590216],[-123.865712,42.748786],[-123.479298,42.549201],[-122.98528,42.456305],[-122.491261,41.686347],[-122.380041,41.424741]]]},"properties":{"name_en":"Klamath Mountains","name_de":"Klamath Mountains"}},{"type":"Feature","geometry":{"type":"Polygon","coordinates":[[[-93.899546,35.486698],[-93.58221,35.419747],[-93.202905,35.28283],[-92.947331,35.155043],[-92.70083,35.087076],[-92.307423,34.792853],[-92.374379,34.562995],[-92.365041,34.282721],[-92.486501,33.92768],[-92.785451,33.62873],[-93.383351,33.563361],[-93.915883,33.909003],[-94.186757,34.002387],[-94.728627,34.030463],[-95.858998,34.301398],[-95.999135,34.609687],[-95.765614,35.142218],[-95.561269,35.262397],[-95.18755,35.333503],[-95.075002,35.473456],[-94.662709,35.30622],[-94.512019,35.354477],[-94.331737,35.381924],[-94.117556,35.433847],[-93.899546,35.486698]]]},"properties":{"name_en":"Ouachita Mountains","name_de":"Ouachita Mountains"}},{"type":"Feature","geometry":{"type":"Polygon","coordinates":[[[-114.658009,45.377021],[-114.543874,45.312812],[-114.137013,45.416083],[-113.898427,45.345038],[-113.97936,44.84516],[-114.285085,44.319281],[-114.880971,44.260565],[-115.499623,44.12049],[-116.068471,44.133734],[-116.266957,44.345404],[-116.315397,44.611988],[-116.354816,44.892506],[-116.315972,45.11653],[-116.226307,45.223515],[-116.169118,45.4112],[-115.878774,45.472846],[-115.526479,45.396308],[-115.170094,45.584113],[-114.658009,45.377021]]]},"properties":{"name_en":"Salmon River Mountains","name_de":"Salmon River Mountains"}},{"type":"Feature","geometry":{"type":"Polygon","coordinates":[[[-103.108327,43.62226],[-103.549306,43.41059],[-104.237172,43.657477],[-104.501759,43.922065],[-104.854604,44.521796],[-104.642934,44.751044],[-103.796254,44.751044],[-103.267079,44.451239],[-103.090688,43.992682],[-103.108327,43.62226]]]},"properties":{"name_en":"Black Hills","name_de":"Black Hills"}},{"type":"Feature","geometry":{"type":"Polygon","coordinates":[[[-109.299964,34.462566],[-109.281911,34.291266],[-109.572987,34.132514],[-109.811086,34.09278],[-109.94341,33.907599],[-109.94341,33.695929],[-110.102162,33.537177],[-110.406422,33.616523],[-110.591603,33.78852],[-110.895863,33.709174],[-111.213368,33.748847],[-111.927785,34.330939],[-111.583791,34.72779],[-111.239858,34.714545],[-110.830681,34.786776],[-110.022756,34.979132],[-109.374501,35.005622],[-109.299964,34.462566]]]},"properties":{"name_en":"Mogollon Rim","name_de":"Mogollon Rim"}},{"type":"Feature","geometry":{"type":"Polygon","coordinates":[[[-71.552358,8.838324],[-70.78379,9.436099],[-70.759591,9.458572],[-69.858998,10.337592],[-69.347524,10.902045],[-68.749865,11.027856],[-68.519148,10.865353],[-68.35171,10.676958],[-68.331244,10.653931],[-68.271492,10.549304],[-68.289484,10.53131],[-69.002447,9.818297],[-69.432601,9.348778],[-69.806081,8.92652],[-70.591412,8.386882],[-70.970265,7.956366],[-71.31827,7.749444],[-71.431773,7.681956],[-71.493787,7.645083],[-71.622914,7.568305],[-72.081532,7.533026],[-72.363759,8.07984],[-71.552358,8.838324]]]},"properties":{"name_en":"Cordillera de Mérida","name_de":"Cordillera de Mérida"}},{"type":"Feature","geometry":{"type":"Polygon","coordinates":[[[-54.339345,-34.576959],[-55.221181,-34.823907],[-55.697377,-34.735772],[-56.085378,-34.771051],[-55.873769,-34.294854],[-55.750295,-33.624566],[-55.626881,-33.254205],[-55.23882,-32.883844],[-54.551015,-32.531183],[-53.880788,-32.037286],[-53.528005,-32.178399],[-53.704457,-32.919122],[-53.686757,-33.37774],[-53.580922,-33.836236],[-53.863149,-34.259576],[-54.339345,-34.576959]]]},"properties":{"name_en":"Cuchilla Grande","name_de":"Cuchilla Grande"}},{"type":"Feature","geometry":{"type":"Polygon","coordinates":[[[-52.651701,2.336129],[-52.690846,1.966803],[-53.89977,1.780829],[-54.723439,1.714423],[-55.40099,1.740973],[-55.892506,1.674567],[-56.181829,1.906256],[-56.284779,2.266608],[-56.068755,2.413495],[-55.865344,2.551805],[-55.745839,2.633063],[-55.142262,2.848639],[-55.254872,3.10932],[-54.789845,3.268744],[-54.692922,2.798712],[-54.112355,2.538031],[-52.620229,2.633063],[-52.651701,2.336129]]]},"properties":{"name_en":"Tumuc-Humac Mountains","name_de":"Tumuk-Humak-Gebirge"}},{"type":"Feature","geometry":{"type":"Polygon","coordinates":[[[-56.060586,2.380819],[-56.284779,2.266608],[-56.590627,2.808722],[-56.828725,3.708319],[-57.013966,4.10517],[-57.410817,4.449164],[-57.040395,4.978339],[-56.590627,4.898932],[-56.087941,4.581427],[-55.955617,3.867072],[-55.452931,3.126227],[-55.142262,2.848639],[-55.711412,2.558698],[-56.060586,2.380819]]]},"properties":{"name_en":"Wilhelmina Mountains","name_de":"Wilhelminagebirge"}},{"type":"Feature","geometry":{"type":"Polygon","coordinates":[[[-44.27214,-9.92506],[-44.75005,-9.86773],[-44.648717,-9.411671],[-44.560672,-9.327148],[-43.29485,-8.333185],[-42.897939,-8.095025],[-42.089698,-8.117504],[-41.945485,-8.121515],[-41.548573,-8.333185],[-41.707326,-8.650689],[-42.87151,-9.126886],[-43.427113,-9.47088],[-44.088612,-9.947076],[-44.27214,-9.92506]]]},"properties":{"name_en":"Serra da Capivara","name_de":"Piaui-Gebirge"}},{"type":"Feature","geometry":{"type":"Polygon","coordinates":[[[-41.304534,-6.451327],[-41.460439,-6.313409],[-41.478017,-5.237481],[-41.248769,-4.337945],[-41.213429,-3.632379],[-41.407521,-3.279596],[-41.037099,-3.138482],[-40.207997,-3.297174],[-40.296254,-3.667657],[-40.543202,-3.949884],[-40.631337,-4.902398],[-40.684255,-5.801935],[-40.629357,-6.274095],[-40.631337,-6.789727],[-41.001759,-6.719171],[-41.304534,-6.451327]]]},"properties":{"name_en":"Serra da Ibiapaba","name_de":"Serra da Ibiapaba"}},{"type":"Feature","geometry":{"type":"Polygon","coordinates":[[[-59.700961,1.829739],[-59.623402,1.88227],[-59.078725,1.936713],[-58.243825,1.959174],[-57.820485,1.800421],[-57.745037,1.7088],[-57.450063,1.350592],[-57.450063,1.033149],[-57.979237,0.7685],[-59.102956,0.938117],[-59.689992,1.186286],[-60.034963,1.26496],[-60.095876,1.562262],[-59.700961,1.829739]]]},"properties":{"name_en":"Acarai Mountains","name_de":"Acarai-Berge"}},{"type":"Feature","geometry":{"type":"Polygon","coordinates":[[[-63.493378,2.405186],[-63.066518,2.444281],[-62.993581,2.152533],[-63.966176,1.71485],[-63.650075,1.350165],[-63.163808,1.131293],[-63.042226,0.839545],[-63.250966,0.720832],[-64.403798,1.204291],[-64.851674,0.94953],[-65.133168,0.742255],[-65.108937,0.426215],[-65.643788,0.280341],[-66.102467,0.395453],[-66.397572,0.596381],[-66.339293,0.751744],[-66.251637,0.985419],[-65.984242,1.204291],[-66.032826,1.447394],[-65.935597,1.787787],[-65.497243,2.133124],[-65.376332,2.614447],[-65.157521,2.419989],[-65.060292,2.201117],[-64.768483,2.395636],[-64.01476,2.201117],[-63.493378,2.405186]]]},"properties":{"name_en":"Serra de Curupira","name_de":"Serra de Curupira"}},{"type":"Feature","geometry":{"type":"Polygon","coordinates":[[[-53.895863,-9.823541],[-54.425038,-10.564386],[-55.271718,-10.10589],[-56.400502,-9.25921],[-57.247182,-8.871026],[-57.564687,-8.165582],[-57.846913,-7.424737],[-57.882192,-6.719171],[-57.600026,-6.436944],[-56.859181,-6.189996],[-56.365285,-6.436944],[-55.659657,-7.530572],[-54.636708,-8.447809],[-54.036916,-8.906427],[-53.895863,-9.823541]]]},"properties":{"name_en":"Serra do Cachimbo","name_de":"Serra do Cachimbo"}},{"type":"Feature","geometry":{"type":"Polygon","coordinates":[[[-51.065892,-15.473682],[-51.193776,-15.319635],[-51.129381,-15.173123],[-51.122192,-15.156766],[-50.390492,-13.491998],[-49.948598,-12.748834],[-49.667409,-11.804986],[-49.349675,-11.584968],[-49.145253,-11.443414],[-48.864125,-12.126275],[-48.750901,-12.720561],[-48.70342,-12.969781],[-48.924306,-13.753106],[-49.446523,-14.576471],[-49.928578,-15.420099],[-50.310109,-16.384088],[-51.065892,-15.473682]]]},"properties":{"name_en":"Serra Dourada","name_de":"Serra Dourada"}},{"type":"Feature","geometry":{"type":"Polygon","coordinates":[[[-50.941579,-10.937677],[-51.489919,-11.089898],[-52.099233,-10.602472],[-51.794606,-9.53631],[-51.703175,-8.652765],[-51.794606,-7.891168],[-51.307179,-7.038141],[-50.515065,-5.758722],[-49.327016,-6.215631],[-50.119008,-7.921685],[-50.606435,-8.805108],[-50.789296,-9.749444],[-50.941579,-10.937677]]]},"properties":{"name_en":"Serra dos Gradaús","name_de":"Serra dos Gradaús"}},{"type":"Feature","geometry":{"type":"Polygon","coordinates":[[[-49.500006,-17.770404],[-49.396762,-17.047726],[-49.380238,-15.873712],[-48.692372,-14.497979],[-48.057362,-13.333795],[-47.581105,-12.910455],[-47.210683,-13.757135],[-47.528188,-15.027032],[-47.708449,-15.820183],[-48.057362,-17.355401],[-48.167979,-18.019102],[-48.374867,-19.260431],[-49.168568,-19.89544],[-49.644826,-18.784112],[-49.500006,-17.770404]]]},"properties":{"name_en":"Serra do Espinho","name_de":"Serra do Espinhaço"}},{"type":"Feature","geometry":{"type":"Polygon","coordinates":[[[-60.700677,4.727713],[-59.905751,4.510932],[-60.221791,4.024665],[-61.218739,4.07331],[-61.996693,3.392524],[-62.67748,3.392524],[-63.504201,3.635627],[-64.212031,3.352484],[-64.84142,2.979193],[-64.987294,3.392524],[-64.48313,3.854709],[-64.159052,4.151803],[-63.868886,4.608222],[-63.844594,5.021552],[-63.309682,4.80268],[-63.163808,4.48664],[-62.77477,4.437995],[-62.507314,4.632514],[-61.802235,4.632514],[-61.388905,4.89997],[-60.700677,4.727713]]]},"properties":{"name_en":"Pakaraima Mountains","name_de":"Pacaraima-Gebirge"}},{"type":"Feature","geometry":{"type":"Polygon","coordinates":[[[-10.588942,28.974243],[-10.543037,29.011749],[-9.87798,29.555121],[-9.198903,30.146064],[-8.255238,30.719306],[-7.249806,31.089728],[-6.526601,31.195563],[-5.944508,31.319037],[-5.159596,31.601264],[-4.612782,31.698249],[-4.312917,31.530707],[-4.912648,30.860419],[-5.415334,30.163703],[-6.156178,30.013739],[-6.623586,30.013739],[-7.58495,29.766791],[-8.114125,29.511054],[-8.272817,29.16706],[-9.154775,28.796698],[-9.578114,28.567328],[-10.433583,28.399787],[-10.610036,28.408576],[-10.830434,28.593817],[-10.588942,28.974243]]]},"properties":{"name_en":"Anti-Atlas","name_de":"Antiatlas"}},{"type":"Feature","geometry":{"type":"Polygon","coordinates":[[[28.616547,-14.868037],[28.945323,-14.436212],[30.038951,-13.836358],[30.506358,-13.227838],[30.929698,-12.725152],[31.255992,-12.116632],[32.014415,-11.384698],[32.402476,-10.908502],[32.536761,-10.908502],[32.702281,-11.075982],[32.234874,-11.940362],[31.740977,-12.78692],[31.158946,-13.704156],[30.761974,-14.171563],[30.418101,-14.656671],[30.268199,-15.168145],[29.659679,-15.564996],[28.936412,-15.847345],[28.768809,-16.12066],[28.521983,-16.385309],[27.93983,-16.526422],[27.463634,-17.205499],[26.996226,-17.734674],[26.652232,-17.716974],[26.934459,-17.117242],[27.710582,-16.12066],[28.054576,-15.626764],[28.539683,-15.27398],[28.495494,-15.027032],[28.616547,-14.868037]]]},"properties":{"name_en":"Muchinga Mountains","name_de":"Muchinga-Gebirge"}},{"type":"Feature","geometry":{"type":"Polygon","coordinates":[[[-50.03335,-29.800977],[-50.279836,-29.764337],[-50.238772,-28.963628],[-50.194262,-28.677531],[-49.97477,-28.308219],[-49.810055,-28.031075],[-49.637031,-27.685027],[-50.20049,-27.197931],[-50.015248,-26.58941],[-49.911173,-26.54043],[-49.56548,-26.37774],[-49.221547,-25.451715],[-49.779312,-25.127082],[-49.770295,-25.109306],[-49.118886,-24.699151],[-48.775834,-24.640313],[-48.249867,-24.550103],[-47.934243,-24.640313],[-47.728383,-24.699151],[-47.914307,-24.999902],[-47.959375,-25.06543],[-48.185937,-25.309863],[-48.40249,-25.27207],[-48.401172,-25.597363],[-48.545166,-25.815918],[-48.619434,-26.179395],[-48.748291,-26.268652],[-48.651611,-26.406445],[-48.677734,-26.70293],[-48.615674,-26.878125],[-48.55415,-27.195996],[-48.642578,-27.55791],[-48.654586,-28.22136],[-48.693213,-28.310156],[-48.797266,-28.442676],[-49.591908,-28.838311],[-50.03335,-29.800977]]]},"properties":{"name_en":"Serra do Mar","name_de":"Serra do Mar"}},{"type":"Feature","geometry":{"type":"Polygon","coordinates":[[[-49.770295,-25.109306],[-49.779312,-25.127082],[-49.814137,-25.195733],[-49.35381,-25.398736],[-49.56548,-26.37774],[-49.911173,-26.54043],[-50.20049,-27.197931],[-49.637031,-27.685027],[-49.810055,-28.031075],[-49.97477,-28.308219],[-50.194262,-28.677531],[-50.238772,-28.963628],[-50.359242,-29.73797],[-51.283498,-29.54046],[-51.88738,-29.506036],[-52.432575,-29.70892],[-52.629384,-29.782159],[-53.526601,-29.816583],[-53.941551,-29.523718],[-54.113271,-29.40252],[-53.008962,-28.522516],[-53.543813,-27.970392],[-53.664601,-27.487237],[-52.991689,-27.021295],[-53.043446,-26.26214],[-53.543813,-25.813531],[-53.923451,-24.657403],[-53.457509,-23.742975],[-52.888173,-23.173517],[-51.973683,-23.190851],[-51.300771,-23.604913],[-50.196462,-23.173517],[-49.713307,-24.053521],[-49.168568,-24.155206],[-49.380238,-24.340387],[-49.770295,-25.109306]]]},"properties":{"name_en":"Serra Geral","name_de":"Serra Geral"}},{"type":"Feature","geometry":{"type":"Polygon","coordinates":[[[-41.344601,-21.359663],[-41.232185,-21.376958],[-41.495656,-21.906305],[-41.609572,-21.983478],[-42.042531,-22.276788],[-42.571706,-22.558893],[-43.017908,-22.605865],[-43.241933,-22.629449],[-43.806325,-22.841119],[-44.204307,-23.009485],[-44.36792,-23.00498],[-44.637256,-23.055469],[-44.673828,-23.206641],[-45.429189,-23.581964],[-46.593373,-23.899469],[-47.581105,-24.640313],[-47.934243,-24.640313],[-48.775834,-24.640313],[-49.345021,-24.640313],[-49.309743,-24.322809],[-47.404714,-23.511407],[-46.452138,-22.594171],[-45.182179,-21.782769],[-44.229665,-21.465265],[-43.29485,-21.059625],[-41.344601,-21.359663]]]},"properties":{"name_en":"Serra da Mantiquiera","name_de":"Serra da Mantiqueira"}},{"type":"Feature","geometry":{"type":"Polygon","coordinates":[[[-59.608235,3.807671],[-60.457448,3.970038],[-61.127736,3.793647],[-62.044972,3.229193],[-63.491383,3.51142],[-64.126891,3.054515],[-64.620229,2.735297],[-65.389699,3.115058],[-66.371571,3.209235],[-66.896169,3.881781],[-67.609059,4.218024],[-67.797353,5.173041],[-67.512441,5.76911],[-67.374278,6.153598],[-67.030629,7.109931],[-66.45226,7.567267],[-66.124189,7.697259],[-65.747931,7.846346],[-65.739369,7.849738],[-65.725603,7.845689],[-64.302785,7.427191],[-63.703053,7.039191],[-62.92693,6.968634],[-61.692189,6.792243],[-60.739674,7.074469],[-60.034108,7.109748],[-59.646108,6.580573],[-59.187489,6.298346],[-58.834706,6.22779],[-58.517201,5.733893],[-58.481923,5.028327],[-58.376088,4.7461],[-58.481923,4.32276],[-58.693593,4.146369],[-59.608235,3.807671]]]},"properties":{"name_en":"Guiana Highlands","name_de":"Guayana"}},{"type":"Feature","geometry":{"type":"Polygon","coordinates":[[[-94.529408,16.584174],[-94.756703,16.788092],[-94.252431,17.517829],[-93.909047,17.671454],[-92.717824,17.650214],[-92.247426,17.7508],[-91.851735,17.643378],[-91.480458,17.39527],[-91.252126,17.110419],[-90.919179,16.830024],[-91.018971,16.24433],[-91.002309,15.794623],[-91.259755,15.285712],[-91.951283,14.962287],[-92.119252,15.145636],[-92.501332,15.195014],[-92.867726,15.528144],[-93.76714,16.161017],[-94.529408,16.584174]]]},"properties":{"name_en":"Sierra Madre de Chiapas","name_de":"Sierra Madre de Chiapas"}},{"type":"Feature","geometry":{"type":"Polygon","coordinates":[[[-123.425927,61.050753],[-123.427284,61.046742],[-123.527854,60.749363],[-123.528056,60.510965],[-123.723185,60.178766],[-123.988171,59.839473],[-124.529225,59.907538],[-125.007741,59.50727],[-125.387441,59.457587],[-125.880849,59.614691],[-126.179616,59.603461],[-126.528066,59.756415],[-127.065968,59.787299],[-127.516164,59.919623],[-127.714406,60.158271],[-128.279775,60.021003],[-129.163441,60.430423],[-129.16289,60.632257],[-129.231496,61.009467],[-129.231496,61.049384],[-129.210327,61.292809],[-129.178578,61.419806],[-129.760671,61.984259],[-130.131093,62.195929],[-130.903432,62.202765],[-131.23467,61.927253],[-131.666615,61.936225],[-132.397694,62.204779],[-132.706349,62.689826],[-132.452138,63.051703],[-133.076772,63.271918],[-133.615691,63.240573],[-134.205678,63.342475],[-134.139465,63.572465],[-133.482472,64.100959],[-133.235524,64.187506],[-131.88976,64.263129],[-131.797597,64.533637],[-131.146718,64.586554],[-130.776296,64.210883],[-129.887257,63.724005],[-129.903127,63.358954],[-129.48351,62.946112],[-128.207387,62.501837],[-127.806203,62.557074],[-127.303029,62.200202],[-126.845815,62.050544],[-126.453908,62.047919],[-124.513661,61.456732],[-123.696523,61.4112],[-123.425927,61.050753]]]},"properties":{"name_en":"Selwyn Mountains","name_de":"Selwyn Mountains"}},{"type":"Feature","geometry":{"type":"Polygon","coordinates":[[[-115.691701,47.942511],[-115.964246,48.088123],[-116.122097,48.126368],[-116.306343,48.181316],[-116.508132,48.305161],[-116.518397,48.285988],[-116.571217,48.045111],[-116.910653,47.7941],[-117.325246,47.811469],[-118.09258,47.917304],[-118.571523,47.926459],[-118.968434,48.005622],[-119.162465,48.133734],[-119.778671,48.080052],[-119.797597,48.080939],[-119.715273,48.336931],[-119.600697,48.737494],[-119.697724,49.632763],[-119.688767,49.735981],[-119.441945,50.007514],[-119.378177,50.347481],[-119.289809,50.976023],[-119.574208,51.568549],[-120.024037,52.044745],[-120.473805,52.097724],[-121.135243,52.468085],[-121.664418,52.917914],[-121.876088,53.447089],[-122.405263,54.02912],[-123.7282,55.034552],[-123.873097,55.563727],[-123.674288,55.752099],[-123.180982,55.474106],[-122.602425,55.059189],[-121.796742,54.399604],[-121.267568,54.082099],[-120.606068,53.807624],[-119.68694,53.07453],[-119.253651,52.868048],[-118.515309,52.22193],[-118.133168,51.988837],[-117.746571,51.840155],[-117.366322,51.520453],[-116.388051,50.914191],[-115.859609,50.277106],[-115.764211,49.928107],[-115.57903,49.66352],[-115.182118,49.266669],[-115.287953,48.472907],[-115.393788,48.234809],[-115.691701,47.942511]]]},"properties":{"name_en":"Columbia Kootenay Mountain","name_de":"Columbia Mountains"}},{"type":"Feature","geometry":{"type":"MultiPolygon","coordinates":[[[[-63.850391,59.447803],[-63.752002,59.277344],[-63.506201,59.115186],[-63.398975,59.079639],[-63.325537,59.081592],[-63.303711,59.034424],[-63.185352,58.857764],[-63.00835,58.85542],[-62.926074,58.765039],[-62.929061,58.645925],[-63.102344,58.545752],[-63.52422,58.478644],[-64.032094,58.522406],[-64.30193,58.88227],[-64.757008,58.929877],[-64.472707,59.158881],[-64.52422,59.496039],[-64.809926,59.638922],[-64.732568,59.997559],[-64.407715,60.064795],[-64.182861,59.972949],[-64.168799,59.846533],[-64.150684,59.793604],[-63.978711,59.753711],[-63.84126,59.574414],[-63.850391,59.447803]]],[[[-64.84502,60.308301],[-64.705859,60.336133],[-64.527734,60.094531],[-64.713281,60.037158],[-64.84502,60.308301]]],[[[-64.558203,60.323242],[-64.737939,60.375635],[-64.808984,60.4104],[-64.558203,60.323242]]]]},"properties":{"name_en":"Torngat Mountains","name_de":"TORNGATBERGE"}},{"type":"Feature","geometry":{"type":"Polygon","coordinates":[[[147.65021,-8.282813],[147.959361,-8.705255],[148.259713,-9.00168],[148.298787,-9.040244],[148.547374,-9.257745],[148.893219,-9.43055],[149.137234,-9.589091],[149.12025,-9.814752],[148.897594,-9.876519],[148.327525,-9.748712],[147.92673,-9.558259],[147.67668,-9.409419],[147.470225,-9.224786],[147.236251,-8.904403],[147.126826,-8.754566],[146.866472,-8.420518],[146.284557,-7.847589],[144.854503,-6.983453],[143.820079,-6.683404],[143.358897,-6.434747],[142.977672,-6.274713],[141.154552,-5.3836],[140.476939,-4.969415],[139.979503,-4.850274],[139.677257,-4.734185],[138.925802,-4.580156],[138.456309,-4.470025],[138.188674,-4.461055],[137.821544,-4.45086],[136.433456,-4.280081],[135.774669,-4.199029],[135.491144,-4.088303],[135.443614,-3.883355],[136.2765,-3.087335],[136.486792,-2.956022],[136.644298,-2.925958],[136.979878,-3.102602],[137.264049,-3.170709],[137.884166,-3.17254],[139.01234,-3.254205],[140.047008,-3.73858],[140.516124,-3.857599],[141.142345,-4.07464],[142.749766,-4.466241],[143.301646,-4.54815],[144.29127,-4.844171],[144.475719,-4.942804],[144.951182,-5.378595],[145.406871,-5.722345],[145.99879,-6.064386],[146.438609,-6.512506],[146.855968,-7.226739],[147.18214,-7.563653],[147.532481,-8.022638],[147.65021,-8.282813]]]},"properties":{"name_en":"New Guinea Highlands","name_de":"NEUGUINEA HIGHLANDS"}},{"type":"Feature","geometry":{"type":"Polygon","coordinates":[[[101.984705,45.658539],[101.349254,45.73786],[100.721324,45.739386],[99.364024,46.138983],[98.553477,46.506293],[96.659801,46.864081],[96.474376,46.968756],[96.253184,47.352484],[95.840465,47.594977],[95.843028,48.0539],[96.201427,48.373114],[97.113536,48.751166],[97.549571,48.791327],[98.86024,48.707038],[100.45399,48.210517],[100.760265,48.053107],[101.792349,47.748957],[102.607921,47.508612],[103.479747,46.994086],[103.708751,46.75019],[103.769908,46.248603],[103.47047,45.900214],[103.042735,45.687751],[102.584361,45.583686],[101.984705,45.658539]]]},"properties":{"name_en":"Khangai Mountains","name_de":"Changai-Gebirge"}},{"type":"Feature","geometry":{"type":"Polygon","coordinates":[[[129.682422,41.494336],[129.742076,41.247504],[129.602564,40.8195],[129.341113,40.726318],[129.245117,40.661035],[128.945215,40.427881],[128.304492,40.035937],[127.966602,39.995605],[127.568164,39.781982],[127.547266,39.562793],[127.080455,39.653388],[127.016246,40.002326],[126.607188,40.397773],[126.532237,40.560126],[126.52108,40.983939],[126.75233,41.349616],[127.066905,41.435248],[127.271617,41.606024],[127.761241,41.661322],[127.93629,41.824408],[128.217662,42.366645],[128.923595,42.678107],[130.031993,42.884711],[130.464976,42.637213],[130.45752,42.301709],[130.068262,42.045752],[130.007324,41.991162],[129.756348,41.712256],[129.682422,41.494336]]]},"properties":{"name_en":"Hamgyong Mountains","name_de":"Gangbaekjeonggan"}},{"type":"Feature","geometry":{"type":"Polygon","coordinates":[[[157.227794,53.359259],[156.9546,53.509406],[156.899425,53.741645],[156.925548,54.289862],[157.61671,55.756049],[158.115245,56.278205],[160.27296,58.182929],[161.369884,59.449958],[161.761241,59.824408],[162.318004,59.96839],[163.156871,60.466559],[163.697032,60.714667],[163.937755,60.667609],[163.920421,60.308173],[163.086681,59.577521],[162.736583,59.347357],[161.274669,57.884894],[160.542003,56.963263],[160.046764,56.391425],[159.513438,55.948188],[158.969615,55.607184],[158.556773,55.142585],[158.046764,54.377997],[157.374889,53.459479],[157.227794,53.359259]]]},"properties":{"name_en":"Sredinny Range","name_de":"Sredinny-Höhenrücken"}},{"type":"Feature","geometry":{"type":"Polygon","coordinates":[[[166.167317,61.779252],[169.749889,62.976752],[170.518321,63.14704],[172.848521,63.431098],[173.680919,63.466925],[174.148936,63.564215],[175.187266,63.63996],[176.414928,63.637946],[177.092296,63.467597],[177.107555,63.195746],[176.844981,63.058356],[176.164806,62.976569],[174.18275,62.592414],[170.02003,61.542609],[166.304509,60.642806],[165.844981,60.597357],[165.29713,60.775519],[165.125621,61.031256],[165.134288,61.332526],[165.323985,61.475836],[166.167317,61.779252]]]},"properties":{"name_en":"Koryak Mountains","name_de":"Korjakengebirge"}},{"type":"Feature","geometry":{"type":"Polygon","coordinates":[[[155.19752,60.750556],[154.80482,60.714301],[154.476329,60.912299],[154.552745,61.268927],[155.086803,61.678839],[155.823741,62.094794],[156.639659,62.443244],[158.213878,63.134101],[158.65504,63.394355],[161.582408,64.318793],[162.101695,64.594611],[163.434947,65.032294],[164.217296,65.031928],[164.467296,64.76911],[164.413341,64.305365],[163.879039,64.038581],[162.141124,63.488654],[161.094859,63.204352],[158.721202,62.395941],[157.341441,61.833869],[156.754893,61.645331],[155.555186,60.888495],[155.19752,60.750556]]]},"properties":{"name_en":"Kolyma mountains","name_de":"Kolymagebirge"}},{"type":"Feature","geometry":{"type":"Polygon","coordinates":[[[146.728282,64.083319],[145.96754,64.2555],[144.86085,64.714789],[144.473033,64.742743],[142.55421,65.20185],[141.535411,65.492255],[139.618297,66.056525],[139.217174,66.248053],[138.204845,66.850531],[137.828746,67.152777],[137.175548,67.86109],[136.935924,68.39704],[137.203868,68.820746],[137.680186,68.820014],[138.512462,68.586554],[140.014415,67.380439],[140.460582,67.111335],[142.5265,66.338202],[143.284557,66.159613],[143.925304,66.088324],[144.550914,65.897101],[146.03358,65.537787],[146.499522,65.315131],[146.865855,64.992316],[147.019908,64.559577],[146.999034,64.219855],[146.728282,64.083319]]]},"properties":{"name_en":"Chersky Range","name_de":"Tscherskigebirge"}},{"type":"Feature","geometry":{"type":"Polygon","coordinates":[[[93.563243,21.491034],[92.984386,21.373664],[92.709361,21.540778],[92.589854,21.73609],[92.566905,22.12049],[92.41859,22.380988],[92.422252,22.64289],[92.562999,22.961432],[92.580821,23.357367],[92.334972,23.623542],[92.330699,23.844123],[92.66859,23.819464],[93.309825,23.263068],[93.661876,22.841376],[93.775157,22.513495],[93.675426,22.130927],[93.639171,21.682318],[93.563243,21.491034]]]},"properties":{"name_en":"Chin Hills","name_de":"Arakan-Joma-Gebirge"}},{"type":"Feature","geometry":{"type":"Polygon","coordinates":[[[111.703245,41.234576],[111.631905,41.178586],[111.434114,41.060598],[111.204234,40.923468],[110.816173,40.835211],[107.350289,41.339969],[106.547618,41.046881],[106.159434,41.223334],[105.700938,41.540839],[106.018443,42.140509],[106.563975,42.326483],[107.682628,42.403632],[111.098399,41.964179],[111.557017,41.681891],[111.703245,41.234576]]]},"properties":{"name_en":"Yin Mountains","name_de":"Yin Shan"}},{"type":"Feature","geometry":{"type":"Polygon","coordinates":[[[90.852343,51.54798],[90.938586,51.863333],[90.969791,52.433228],[91.058081,52.770047],[91.199351,52.936957],[93.998595,53.131357],[95.182384,53.213568],[95.702891,53.035956],[95.909923,52.723822],[95.940531,52.364621],[96.009776,52.030951],[95.779185,51.630683],[95.30836,51.489447],[94.644664,51.626593],[92.090343,51.508368],[91.409312,51.344428],[91.067638,51.336737],[90.852343,51.54798]]]},"properties":{"name_en":"Western Sayan","name_de":"Westsajan"}},{"type":"Feature","geometry":{"type":"Polygon","coordinates":[[[88.720217,50.158896],[88.570689,50.243964],[88.521488,50.527498],[88.539129,50.671372],[88.567271,51.110785],[88.396007,51.529853],[88.367931,51.823065],[88.549327,53.073676],[88.762584,53.416022],[89.028575,53.557196],[89.675304,53.665961],[89.960826,53.804999],[90.177013,54.077155],[90.407603,54.170295],[90.769664,54.142401],[91.066173,53.915778],[91.182628,53.493903],[91.068248,53.176032],[91.058081,52.770047],[90.969791,52.433228],[90.938586,51.863333],[90.852343,51.54798],[90.54359,51.050727],[90.564146,50.823039],[90.670024,50.537887],[90.990889,49.891558],[90.962413,49.159125],[90.355113,49.248969],[90.094859,49.531256],[89.69691,49.661811],[89.010997,50.060736],[88.720217,50.158896]]]},"properties":{"name_en":"Abakan Range","name_de":"Abakangebirge"}},{"type":"Feature","geometry":{"type":"Polygon","coordinates":[[[96.633324,50.295905],[96.188975,50.022589],[95.836681,50.024115],[95.464423,50.343337],[94.906749,50.612311],[94.089122,50.740973],[92.52296,50.684272],[91.944834,50.486157],[91.589854,50.095649],[90.990889,49.891558],[90.642223,49.91474],[90.1869,50.20539],[90.261003,50.554484],[90.564146,50.823039],[90.973521,51.129584],[91.34193,51.287177],[91.802257,51.344001],[92.349132,51.50672],[94.245006,51.597113],[95.799571,51.209479],[96.177379,50.998969],[96.618419,50.538092],[96.633324,50.295905]]]},"properties":{"name_en":"Tannu-Ola mountains","name_de":"Tannu-ola-Gebirge"}},{"type":"Feature","geometry":{"type":"Polygon","coordinates":[[[114.435802,38.970649],[114.393932,38.836798],[114.402559,37.907961],[114.41074,37.027248],[114.41325,36.75706],[114.418101,36.234809],[114.346934,36.038947],[114.000011,35.57392],[113.86317,35.477301],[113.250865,35.356208],[113.059703,35.507025],[113.170543,36.071479],[113.09669,36.758307],[112.988536,37.074836],[113.053355,37.725043],[112.876231,38.209052],[112.948375,38.448188],[113.242686,38.865363],[113.325328,39.116767],[113.340465,40.957282],[113.258922,41.223395],[113.387218,41.436103],[114.223643,41.662299],[114.757579,41.423407],[114.893321,40.97956],[114.661143,40.429877],[114.603404,40.119574],[114.686534,39.728217],[114.435802,38.970649]]]},"properties":{"name_en":"Taihang Mountains","name_de":"Taihang Shan"}},{"type":"Feature","geometry":{"type":"Polygon","coordinates":[[[112.51828,34.783599],[112.216563,34.717597],[111.666881,34.868964],[111.496715,34.984198],[111.290782,35.384833],[111.268214,35.991165],[111.264356,36.094824],[111.217296,37.359198],[111.298717,37.877387],[111.144908,38.377204],[111.165416,38.702155],[111.553722,39.879096],[111.568492,40.364447],[111.670909,40.571112],[112.211314,41.011054],[112.33314,40.719489],[112.592784,39.367621],[112.732677,39.016791],[112.828624,37.764777],[112.959727,37.333808],[113.033946,35.505805],[112.915782,34.951606],[112.823922,34.851622],[112.51828,34.783599]]]},"properties":{"name_en":"Lüliang Mountains","name_de":"Lüliang Shan"}},{"type":"Feature","geometry":{"type":"Polygon","coordinates":[[[112.51828,34.783599],[112.823922,34.851622],[112.99232,34.727668],[113.391002,34.11695],[113.325938,33.858344],[113.597789,33.483832],[114.168712,32.94184],[114.189708,32.776984],[113.870006,32.544501],[112.764293,33.513007],[112.414439,33.61579],[112.452891,33.271552],[112.163463,33.221869],[111.858653,33.335028],[111.93336,32.988959],[111.776134,32.742804],[111.56776,32.662299],[110.774425,32.84925],[110.487804,32.814582],[109.793101,32.634223],[108.931285,32.700507],[108.575938,32.888922],[107.598155,33.271796],[105.88856,33.197882],[105.591807,33.233588],[105.242931,33.482123],[105.032359,33.976081],[105.087901,34.215583],[105.291759,34.440802],[105.771251,34.642157],[106.255748,34.65882],[106.847179,34.555609],[107.34901,34.539313],[107.848155,34.357856],[109.213634,34.347419],[111.140025,34.800666],[112.07545,34.67237],[112.51828,34.783599]]]},"properties":{"name_en":"Qinling","name_de":"Qin Ling"}},{"type":"Feature","geometry":{"type":"Polygon","coordinates":[[[106.566772,27.29535],[106.075572,26.763068],[106.049205,26.521308],[105.818614,26.395087],[105.445811,26.408759],[105.28065,26.623847],[104.767467,26.777106],[104.395518,27.072455],[104.005992,27.609931],[103.852183,28.052314],[103.926158,28.221137],[104.175059,28.435736],[104.281459,28.628763],[105.092418,28.681037],[105.343517,28.779088],[105.767819,28.814433],[105.92567,28.827582],[106.167331,29.023428],[106.713145,29.465766],[106.915948,29.537163],[106.973366,29.554745],[107.390147,29.598273],[107.600352,29.349189],[107.900157,29.229254],[108.149669,29.241461],[108.274181,28.951056],[108.337413,28.583197],[108.21461,28.369086],[108.073985,27.807624],[107.454112,27.380927],[107.000377,27.376715],[106.566772,27.29535]]]},"properties":{"name_en":"Dalou Mountains","name_de":"Dalou Shan"}},{"type":"Feature","geometry":{"type":"Polygon","coordinates":[[[101.68275,15.096137],[104.868907,14.922614],[105.475719,15.077887],[105.680431,14.870551],[105.760387,14.671759],[105.705455,14.343207],[105.433971,14.092475],[105.036265,14.060004],[104.307506,14.257392],[103.952891,14.27558],[103.206554,14.156806],[102.879283,13.886969],[102.473033,13.883002],[101.230235,14.255683],[100.785167,14.613959],[100.653575,14.932746],[100.765147,15.243598],[101.084117,15.545417],[101.310313,15.489203],[101.68275,15.096137]]]},"properties":{"name_en":"Dângrêk Mountains","name_de":"Dongrek-Gebirge"}},{"type":"Feature","geometry":{"type":"Polygon","coordinates":[[[93.968376,23.393068],[93.61964,23.495124],[93.361217,23.955939],[93.304698,24.376471],[93.848155,25.98609],[94.025401,26.225043],[94.703746,26.865241],[95.493663,27.286444],[95.800426,27.184638],[95.919932,26.730536],[95.85349,26.494163],[95.706211,26.342692],[95.367931,26.040473],[95.202358,25.813526],[94.867198,25.190558],[94.641124,24.296759],[94.502208,24.045295],[94.233165,23.745917],[94.171886,23.426154],[93.968376,23.393068]]]},"properties":{"name_en":"Naga hills","name_de":"Naga Hills"}},{"type":"Feature","geometry":{"type":"Polygon","coordinates":[[[94.765057,17.275557],[94.62379,17.517279],[94.461192,18.177863],[94.418468,18.231276],[94.26582,18.507227],[94.27579,18.744482],[94.211925,19.115851],[94.038463,19.473639],[93.707031,19.912158],[93.477916,20.155463],[93.521251,20.294806],[93.423513,20.574535],[93.305675,20.762885],[93.267345,21.046332],[93.370738,21.215094],[93.645551,21.324584],[93.97816,21.321784],[94.143932,21.232733],[94.34254,20.908881],[94.415294,20.419989],[94.74879,20.080817],[94.992198,19.542121],[95.10658,17.609377],[95.125377,17.291754],[94.765057,17.275557]]]},"properties":{"name_en":"Arakan Mountains","name_de":"Arakan-Joma-Gebirge"}},{"type":"Feature","geometry":{"type":"Polygon","coordinates":[[[76.365709,10.6239],[76.764972,10.55212],[77.054698,10.477484],[77.269298,10.51258],[77.575328,10.668708],[77.826182,10.723944],[78.480724,10.725898],[78.5796,10.460273],[78.591441,10.178168],[78.423595,9.921271],[78.148204,9.745063],[77.531749,9.48194],[77.371104,9.32746],[77.361339,9.096686],[77.745006,8.664252],[77.737071,8.327948],[77.496104,8.278266],[77.161632,8.396064],[76.993907,8.826483],[76.534434,9.615119],[76.404063,9.95307],[76.344005,10.305365],[76.365709,10.6239]]]},"properties":{"name_en":"Western Ghats","name_de":"Südliche Ghats"}},{"type":"Feature","geometry":{"type":"Polygon","coordinates":[[[79.930107,22.786561],[80.009766,22.561685],[79.948863,22.369818],[79.72523,22.219184],[79.365977,21.705207],[79.181651,21.63288],[78.653697,21.649359],[78.318858,21.565009],[77.629283,21.221015],[76.814586,21.163275],[76.558482,21.064093],[75.307262,21.069709],[75.022838,21.179023],[74.867564,21.53321],[75.079845,21.903754],[75.248057,22.003546],[77.563975,22.439643],[78.021617,22.673224],[78.370128,22.752387],[78.764415,22.914801],[79.673106,22.977607],[79.930107,22.786561]]]},"properties":{"name_en":"Satpura Range","name_de":"Satpuragebirge"}},{"type":"Feature","geometry":{"type":"Polygon","coordinates":[[[73.13085,34.094991],[73.505692,34.12619],[73.556131,34.130388],[73.739024,34.145611],[73.812785,34.15175],[73.912732,34.154926],[73.96665,34.14932],[74.405557,34.103683],[75.167003,33.917548],[75.2588,33.823493],[75.265636,33.361518],[75.14149,33.152228],[74.712835,33.074936],[74.516443,33.0613],[73.920882,33.019949],[73.406689,32.96002],[73.16273,32.905829],[72.742564,33.015326],[72.626842,33.238044],[72.631724,33.880561],[72.69337,34.031195],[73.13085,34.094991]]]},"properties":{"name_en":"Salt Range","name_de":"Salzgebirge"}},{"type":"Feature","geometry":{"type":"Polygon","coordinates":[[[85.675611,44.060672],[86.771251,43.605475],[86.889171,43.468207],[86.743419,43.107306],[86.418346,42.971015],[85.704112,42.977668],[83.579508,43.599195],[83.345225,43.667731],[82.237315,43.738959],[81.853038,43.939765],[81.242931,44.107245],[81.149547,44.412787],[81.234874,44.709357],[81.607921,44.960456],[82.140269,44.902167],[83.024303,44.591376],[83.637367,44.498087],[84.669739,44.340994],[85.192271,44.261481],[85.675611,44.060672]]]},"properties":{"name_en":"Borohoro Mountains","name_de":"Borochoro"}},{"type":"Feature","geometry":{"type":"Polygon","coordinates":[[[82.048961,45.672187],[82.238292,45.677436],[82.71339,45.965766],[83.075816,45.926459],[83.249156,45.387702],[83.18922,45.120429],[81.83192,45.193549],[81.478892,45.139472],[80.906139,44.437323],[80.775645,44.398322],[79.861461,44.367255],[79.596934,44.228522],[78.806529,43.935065],[78.536876,43.980719],[77.736705,43.939887],[77.53004,44.266059],[77.027599,44.229499],[76.834972,44.286872],[76.858653,44.589911],[77.037852,44.718451],[77.454356,44.814521],[78.175914,45.476386],[78.704234,45.647284],[79.907481,45.701545],[80.521251,46.182135],[80.966197,46.275092],[81.429698,45.908087],[82.048961,45.672187]]]},"properties":{"name_en":"Alataw Mountains","name_de":"Kungej-Alatau"}},{"type":"Feature","geometry":{"type":"Polygon","coordinates":[[[93.931651,26.486884],[93.381969,25.726447],[93.453136,25.540717],[93.362071,25.223456],[92.983775,25.094794],[91.982066,25.318],[90.667613,25.289374],[90.40211,25.380011],[90.318492,25.580573],[90.339488,25.826483],[90.475108,25.95954],[91.136485,26.069037],[91.837779,26.26142],[92.490001,26.281928],[92.736461,26.338752],[93.062266,26.655768],[93.766856,26.659735],[93.931651,26.486884]]]},"properties":{"name_en":"Khasi Hills","name_de":"Khasi Hills"}},{"type":"Feature","geometry":{"type":"Polygon","coordinates":[[[42.715913,41.253896],[42.026699,41.36594],[41.999991,41.38641],[41.889421,41.746333],[42.128795,42.049445],[43.047618,42.246283],[43.763072,42.080634],[44.225841,42.048774],[44.486583,41.908393],[44.78651,41.520392],[45.592296,41.203315],[46.440074,40.693],[47.18275,39.931586],[47.222545,39.329413],[47.042735,39.077887],[46.332652,39.053778],[45.991954,39.229499],[45.216075,39.718329],[44.870616,40.250678],[44.665294,40.448371],[44.267955,40.472357],[44.029674,40.62226],[43.975108,40.976203],[43.836436,41.093146],[43.019664,41.140998],[42.715913,41.253896]]]},"properties":{"name_en":"Lesser Caucasus","name_de":"Kleiner Kaukasus"}},{"type":"Feature","geometry":{"type":"Polygon","coordinates":[[[36.340843,41.299906],[36.405371,41.274609],[36.509668,41.2625],[36.519431,41.265005],[37.033104,41.213464],[37.066211,41.184424],[37.186622,41.148262],[37.422068,41.087212],[37.617552,41.064849],[37.894242,40.985222],[37.898343,40.984245],[38.0525,40.973461],[38.381055,40.924512],[38.556934,40.936523],[38.73266,40.96714],[39.264494,41.052608],[39.279888,41.053357],[39.544828,41.057636],[39.80791,40.98252],[40.000195,40.977148],[40.265234,40.961328],[41.173961,41.165473],[41.50302,41.331496],[41.771739,41.723456],[41.889421,41.746333],[41.999991,41.38641],[41.989771,41.363511],[41.901988,41.166815],[41.578502,40.800544],[41.001964,40.448676],[40.118175,40.212531],[39.087413,40.143256],[38.135875,40.199774],[37.307872,40.34455],[35.592906,40.896491],[35.056651,41.020575],[34.262706,41.14466],[34.05128,41.377631],[34.309215,41.766852],[34.788219,41.919867],[35.133181,41.869064],[35.20918,41.794385],[35.297754,41.728516],[35.558008,41.634033],[35.596783,41.632274],[35.850352,41.687079],[36.149058,41.40412],[36.340843,41.299906]]]},"properties":{"name_en":"Pontic Mountains","name_de":"Pontisches Gebirge"}},{"type":"Feature","geometry":{"type":"Polygon","coordinates":[[[55.92335,28.914252],[55.731578,28.901801],[55.417979,29.025153],[54.844615,29.35163],[54.47755,29.438178],[53.972301,29.782904],[53.458995,30.375861],[53.026744,30.799079],[52.553722,31.50019],[52.056895,32.047614],[51.875743,32.711615],[51.534679,33.048651],[50.726451,33.400397],[50.569102,33.560614],[50.465953,33.865485],[50.128551,34.248175],[49.952891,34.669745],[50.219859,34.901557],[50.785167,34.526252],[51.230846,33.906256],[51.527476,33.707343],[52.073741,33.446479],[52.263927,33.299262],[52.462901,32.693366],[52.649181,32.412909],[53.325572,31.633673],[54.448009,30.633612],[55.145152,30.138068],[55.948253,29.70362],[56.127818,29.550299],[56.184825,29.15644],[55.92335,28.914252]]]},"properties":{"name_en":"Kuhrud Mountains","name_de":"Kuhrud-Gebirge"}},{"type":"Feature","geometry":{"type":"Polygon","coordinates":[[[23.585216,43.505866],[25.222057,43.372504],[26.054454,43.465827],[26.769176,43.504279],[27.196666,43.448981],[27.413707,43.299933],[27.300792,42.91059],[26.890758,42.692572],[26.141978,42.528693],[24.995372,42.505988],[23.831676,42.62641],[23.29713,42.738654],[22.918712,42.89057],[22.654307,43.132086],[22.327403,43.701728],[22.38026,43.813544],[23.252818,43.564765],[23.585216,43.505866]]]},"properties":{"name_en":"Balkan Mountains","name_de":"Balkangebirge"}},{"type":"Feature","geometry":{"type":"Polygon","coordinates":[[[19.928509,44.642584],[19.94993,44.635768],[20.782359,44.383002],[21.272227,43.945319],[21.538097,43.53144],[21.630504,43.245368],[21.611095,42.952582],[21.127818,42.584357],[20.891002,42.734259],[20.539683,42.724921],[19.655894,42.07099],[19.591984,41.819015],[19.468262,41.856152],[19.342383,41.869092],[19.186426,41.948633],[19.122266,42.060498],[19.030356,42.141072],[18.995616,42.231269],[18.854015,42.324652],[18.629644,42.41667],[18.633398,42.423145],[18.591602,42.444189],[18.544534,42.45278],[18.222531,42.616648],[18.209183,42.622427],[18.047353,42.692492],[18.035364,42.697683],[17.980095,42.721612],[17.823828,42.797412],[17.785278,42.805959],[17.773013,42.811269],[17.723633,42.850684],[17.667578,42.897119],[17.537305,42.962256],[17.129395,43.211133],[16.903125,43.392432],[16.600293,43.464063],[16.131055,43.506299],[15.949121,43.606982],[15.820605,43.735938],[15.662106,43.814316],[15.635764,43.838355],[15.410045,44.05152],[15.372544,44.288164],[15.470996,44.271973],[15.381348,44.328271],[15.365928,44.335907],[15.360484,44.37519],[15.300426,44.436225],[15.103984,44.532865],[14.885254,44.818262],[14.85459,45.081006],[14.632031,45.2229],[14.550488,45.297705],[14.386133,45.342139],[14.322139,45.351127],[13.957164,45.431708],[13.778345,45.613012],[13.783301,45.627246],[13.753651,45.654942],[13.718157,45.710768],[13.601867,45.97597],[13.939098,46.220038],[14.45409,46.098301],[15.204112,45.821845],[15.987071,45.400885],[16.56422,45.163947],[17.143687,45.048651],[19.507579,44.76319],[19.928509,44.642584]]]},"properties":{"name_en":"Dinaric Alps","name_de":"Dinarisches Gebirge"}},{"type":"Feature","geometry":{"type":"Polygon","coordinates":[[[-2.278289,43.268382],[-2.191802,43.27012],[-1.969941,43.198201],[-1.945674,42.984092],[-1.974416,42.870307],[-2.358998,42.772345],[-5.513905,42.798041],[-6.401357,42.681586],[-6.988149,42.736701],[-7.322865,42.882331],[-7.331349,43.18183],[-6.947804,43.356696],[-5.666005,43.427985],[-3.470326,43.334113],[-2.880116,43.256293],[-2.278289,43.268382]]]},"properties":{"name_en":"Cantabrian Mountains","name_de":"Kantabrisches Gebirge"}},{"type":"Feature","geometry":{"type":"Polygon","coordinates":[[[-2.942067,36.840766],[-3.789418,36.864203],[-4.374623,36.937079],[-4.67809,37.061347],[-4.686147,37.249335],[-4.321278,37.567572],[-3.867604,37.764228],[-3.400136,37.883918],[-2.924062,37.920233],[-2.250111,37.774298],[-1.970937,37.551215],[-2.033437,37.201728],[-2.273854,36.963202],[-2.942067,36.840766]]]},"properties":{"name_en":"Sierra Nevada","name_de":"Sierra Nevada"}},{"type":"Feature","geometry":{"type":"Polygon","coordinates":[[[-2.907765,38.733832],[-2.500234,38.597357],[-2.580739,38.312751],[-2.849782,38.195136],[-3.460561,38.083503],[-4.095998,38.16706],[-4.534596,38.094306],[-4.706532,37.957221],[-5.037099,37.893256],[-5.762257,37.667548],[-6.296498,37.558783],[-6.605885,37.417121],[-6.918141,37.360236],[-7.17925,37.416632],[-7.157216,37.652411],[-6.983937,37.906195],[-6.436147,38.188849],[-5.849721,38.400458],[-5.35497,38.411078],[-4.873891,38.699286],[-3.922597,38.836554],[-2.907765,38.733832]]]},"properties":{"name_en":"Sierra Morena","name_de":"Sierra Morena"}},{"type":"Feature","geometry":{"type":"Polygon","coordinates":[[[48.59375,14.04624],[48.449023,14.005908],[47.989941,14.048096],[47.627696,13.933356],[47.057262,13.645697],[46.819469,13.615302],[46.601939,13.699713],[46.52357,13.999213],[46.564586,14.516425],[46.660167,14.863044],[47.146495,15.474372],[47.482921,15.740302],[48.678233,16.345526],[49.326427,16.552436],[49.996104,16.689765],[51.210704,16.873053],[51.694102,16.806708],[51.829845,16.544806],[51.874034,16.085089],[51.748633,15.440137],[51.603711,15.336816],[51.322461,15.22627],[50.542247,15.0539],[50.191183,14.924033],[49.545543,14.792487],[49.10293,14.500049],[49.048047,14.456445],[48.928711,14.26748],[48.814929,14.15762],[48.648568,14.04911],[48.59375,14.04624]]]},"properties":{"name_en":"Hadhramaut","name_de":"Hadramaut"}},{"type":"Feature","geometry":{"type":"Polygon","coordinates":[[[2.747809,33.852401],[2.06129,33.676093],[1.135265,33.15351],[0.685169,32.995146],[0.420909,32.902167],[-0.39269,32.48548],[-0.486895,32.402682],[-0.610951,32.293647],[-1.411305,32.00257],[-1.953725,31.837226],[-2.205068,31.896735],[-2.350575,32.042304],[-1.960317,32.5185],[-1.596547,32.564826],[-1.073964,32.769904],[-0.677113,33.133673],[-0.498525,33.146918],[-0.042104,33.437934],[0.440807,33.477668],[0.87733,33.682685],[1.175059,34.066352],[1.432994,34.15235],[1.618175,34.033271],[1.776866,34.291266],[2.325938,34.701361],[2.782359,34.807196],[3.648814,35.309882],[3.979625,35.60755],[4.244151,35.673712],[4.548473,35.51496],[4.594737,35.316474],[4.78651,35.144538],[4.859386,34.893134],[3.9994,34.357367],[3.721761,34.264806],[3.159434,34.099433],[2.747809,33.852401]]]},"properties":{"name_en":"Saharan Atlas","name_de":"Saharaatlas"}},{"type":"Feature","geometry":{"type":"Polygon","coordinates":[[[-3.197255,32.716986],[-3.230336,32.538398],[-2.754079,32.564826],[-2.370412,32.452399],[-2.535756,32.280402],[-3.81902,32.081977],[-4.024037,32.194403],[-4.751698,31.936469],[-5.776906,31.453559],[-6.471425,31.374213],[-7.450429,31.175788],[-7.794362,30.964118],[-8.932118,30.785529],[-9.276051,30.646613],[-9.487721,30.752448],[-8.899037,31.228705],[-7.953114,31.294867],[-7.457021,31.625556],[-7.166005,31.75788],[-6.980763,32.00257],[-6.193654,32.465644],[-5.942311,32.664069],[-5.69756,32.750067],[-5.175038,32.73017],[-5.016225,32.670661],[-3.997609,32.750067],[-3.693349,32.683905],[-3.428761,32.783149],[-2.833424,33.15351],[-2.754079,32.988166],[-3.197255,32.716986]]]},"properties":{"name_en":"High Atlas","name_de":"Hoher Atlas"}},{"type":"Feature","geometry":{"type":"Polygon","coordinates":[[[29.532855,-31.298227],[28.737926,-32.10589],[28.274913,-32.516046],[27.798717,-32.873224],[27.124034,-33.296563],[26.710671,-33.41059],[26.3567,-33.508233],[25.523326,-33.323053],[25.139659,-33.203912],[25.179332,-32.926202],[25.060313,-32.502862],[24.864685,-32.441072],[24.83264,-32.430951],[24.213634,-32.264703],[23.980037,-32.258238],[23.737315,-32.251519],[23.622136,-31.989833],[24.120982,-31.656183],[24.33704,-31.448738],[24.451671,-31.338678],[25.060313,-30.994684],[25.333294,-31.009459],[26.211192,-30.941827],[26.753551,-30.941827],[27.216563,-30.756524],[27.17689,-30.399347],[27.018199,-29.936334],[27.454723,-29.565973],[27.891368,-28.970636],[28.036876,-28.46795],[28.380748,-28.375299],[29.134776,-28.25628],[29.320079,-27.806451],[30.140269,-27.078912],[30.378429,-26.2586],[30.007945,-25.279718],[29.835948,-24.896051],[29.90211,-24.274225],[29.637584,-24.089044],[29.835948,-23.599542],[29.888927,-23.229181],[29.756602,-22.819024],[30.576793,-22.422174],[31.132457,-22.382501],[31.264781,-22.567682],[31.026622,-22.766168],[30.603282,-23.520196],[30.642955,-23.943536],[30.973643,-24.446222],[31.621959,-25.240045],[31.542491,-25.703058],[31.59547,-26.906915],[31.796618,-27.108063],[32.145096,-27.482117],[32.336314,-27.700616],[31.886485,-28.441461],[31.615329,-28.778013],[31.341402,-29.079129],[31.14564,-29.274957],[30.881114,-29.73797],[30.219615,-30.320001],[30.11378,-30.690484],[29.532855,-31.298227]]]},"properties":{"name_en":"Drakensberg","name_de":"Drakensberge"}},{"type":"Feature","geometry":{"type":"Polygon","coordinates":[[[13.514197,-4.774416],[13.656749,-4.972955],[13.84193,-5.621148],[13.617076,-6.044488],[13.855113,-6.666314],[14.437266,-7.010186],[14.992972,-7.685064],[15.230968,-8.796197],[14.781261,-9.021051],[14.331432,-8.690362],[13.828746,-7.817193],[13.405406,-7.142511],[13.305767,-6.757312],[13.20692,-6.375177],[13.286265,-6.189996],[13.061412,-5.462457],[12.794609,-5.027603],[12.307384,-4.417291],[11.500377,-3.663263],[10.865367,-3.094415],[10.362682,-2.578424],[10.151012,-1.850885],[10.084849,-1.334893],[10.746349,-0.752862],[10.547862,0.173224],[10.111339,0.794989],[10.084849,1.125739],[10.230357,1.218329],[10.428844,1.046332],[10.733043,0.914069],[11.103526,0.609809],[11.262218,0.027716],[12.294078,-0.382379],[12.505748,-0.792535],[12.545421,-1.229059],[12.757091,-1.612726],[13.273082,-2.723932],[13.789073,-3.689752],[13.775767,-3.941095],[13.365733,-4.007257],[12.479259,-3.332452],[12.188243,-3.332452],[12.175059,-3.663263],[12.651256,-4.192437],[13.286265,-4.456964],[13.514197,-4.774416]]]},"properties":{"name_en":"Crystal Mountain","name_de":"Kristallberg"}},{"type":"Feature","geometry":{"type":"Polygon","coordinates":[[[16.167539,20.09896],[16.148191,20.134596],[16.192638,20.356574],[16.104381,20.550605],[16.227794,20.709357],[15.945567,21.194464],[15.681041,22.226325],[15.795665,22.314521],[16.210216,22.005866],[16.483653,22.067572],[16.76588,21.944098],[17.16273,22.023505],[17.559581,22.614386],[18.326915,22.720221],[18.309215,23.214118],[18.406261,23.540473],[18.609141,23.804999],[19.032359,24.087226],[19.224392,24.077661],[19.779994,23.972135],[19.861461,23.831488],[19.85255,23.478705],[19.764415,22.94953],[19.614513,22.535041],[19.579234,21.847113],[19.376353,20.841681],[19.420543,20.2331],[19.314708,19.871527],[18.882457,19.518744],[18.379771,19.492316],[17.824229,19.659857],[17.409679,19.845038],[17.065684,20.374213],[16.686412,20.356574],[16.386607,20.153754],[16.167539,20.09896]]]},"properties":{"name_en":"Tibesti Mountains","name_de":"Tibesti"}},{"type":"Feature","geometry":{"type":"Polygon","coordinates":[[[4.919759,26.730424],[4.949641,26.627168],[5.026866,26.164191],[5.212047,25.546759],[5.741957,25.245191],[6.147137,25.23186],[6.226329,25.229254],[6.649547,24.71778],[7.108165,24.532538],[8.016612,24.461982],[8.479744,24.386546],[8.74879,24.342902],[8.634353,24.112401],[8.598888,23.853522],[8.431285,23.49195],[8.761885,23.46833],[8.925059,23.456671],[8.800293,23.155045],[8.589976,22.962775],[8.589976,22.800897],[8.589976,22.707038],[7.927189,22.320534],[7.857921,22.49079],[7.549327,22.680548],[7.170055,22.380683],[7.117198,22.072028],[6.833047,21.850484],[6.529814,21.698868],[6.235118,21.926398],[5.979402,21.923168],[5.88377,21.984474],[5.891246,22.310126],[5.362071,22.318915],[4.983062,22.447164],[4.563853,22.649543],[4.42274,22.883246],[4.431529,23.399176],[4.682872,23.796027],[4.250865,24.232795],[3.924571,24.30329],[3.615855,24.241584],[2.531139,24.188666],[2.257701,24.276862],[1.666759,24.373908],[1.067027,24.850165],[1.61378,25.079474],[1.957774,25.114691],[2.081309,24.806037],[2.407603,24.779547],[2.636974,25.555732],[2.751475,25.238227],[3.157237,25.423407],[3.236583,25.811469],[3.219005,26.128974],[3.492442,26.455268],[3.562999,26.966803],[3.836314,26.799262],[4.092174,26.81684],[4.656505,26.984442],[4.802013,26.962287],[4.919759,26.730424]]]},"properties":{"name_en":"Ahag","name_de":"Ahaggar"}},{"type":"Feature","geometry":{"type":"Polygon","coordinates":[[[7.466404,19.741009],[7.750883,20.020203],[8.220662,20.312046],[8.351383,20.329471],[8.651063,20.356521],[8.669947,20.351599],[8.748668,20.330085],[8.73109,19.862677],[8.810435,19.518683],[9.039806,19.324652],[9.53358,19.068915],[9.837901,18.574971],[9.837901,18.507095],[9.789439,18.35456],[9.507091,18.089972],[9.260265,17.992987],[9.683604,17.790107],[9.357188,17.710761],[8.925059,17.366767],[8.634044,17.260932],[8.26356,17.7284],[8.228404,17.904731],[8.387096,18.1164],[8.122569,18.56623],[8.09608,18.769049],[7.681529,18.989569],[7.311046,19.589301],[7.466404,19.741009]]]},"properties":{"name_en":"Aïr Mountains","name_de":"Aïr"}},{"type":"Feature","geometry":{"type":"Polygon","coordinates":[[[28.822928,-4.893412],[28.685326,-4.621841],[28.651591,-4.550401],[28.451427,-4.126519],[28.010509,-3.756036],[28.266246,-2.671319],[28.389659,-2.609552],[28.407237,-1.531238],[28.497645,-1.131151],[28.663097,-0.439874],[29.077647,0.406745],[29.465709,0.70661],[29.712535,1.094672],[30.162364,1.623847],[30.494012,1.887882],[30.87672,2.294135],[31.097301,2.717475],[31.353038,2.699836],[31.353038,2.470526],[31.150157,2.126532],[30.541637,1.623847],[30.409312,1.315192],[30.414021,1.16606],[30.418224,1.032965],[30.180064,0.574347],[29.834575,0.060172],[29.757244,-0.003964],[29.6067,-0.051873],[29.421519,-0.34295],[29.315684,-0.686944],[29.43922,-0.731012],[29.359874,-1.304254],[29.121715,-1.498346],[28.918834,-2.001031],[28.857188,-2.45086],[29.20106,-3.297418],[29.059947,-4.020685],[29.192271,-4.338189],[29.033458,-4.964288],[28.822928,-4.893412]]]},"properties":{"name_en":"Mitumba Mountains","name_de":"MITUMBA-GEBIRGE"}},{"type":"Feature","geometry":{"type":"Polygon","coordinates":[[[124.559481,49.710486],[124.361827,50.170172],[124.413065,50.863827],[124.610567,51.194142],[125.266734,51.550788],[125.783092,51.656928],[126.327769,51.612616],[126.774425,51.3758],[126.921519,51.172248],[127.187999,50.293219],[127.28065,50.135077],[127.74569,49.78153],[127.942638,49.656867],[128.782237,49.572943],[130.077891,49.099066],[130.440318,48.765326],[130.764659,48.130316],[130.826915,47.658576],[130.646495,47.57099],[130.962413,47.213507],[130.764659,47.086432],[130.305308,47.023932],[130.06898,46.881659],[129.22877,46.686774],[128.988536,46.506415],[128.595225,46.520697],[128.206065,47.00257],[128.193004,47.207221],[127.271495,48.570746],[126.951671,48.852423],[126.691051,48.941046],[126.285411,48.966742],[125.002696,49.341559],[124.559481,49.710486]]]},"properties":{"name_en":"Lesser Khingan","name_de":"Kleines Hinggan-Gebirge"}},{"type":"Feature","geometry":{"type":"Polygon","coordinates":[[[132.708984,42.87583],[132.515636,43.179145],[132.587535,43.624518],[132.800792,43.941107],[133.663341,44.877631],[134.258067,45.35932],[134.90565,45.919745],[135.92213,47.001715],[137.427135,48.783393],[137.604869,49.169806],[138.153087,50.096381],[138.804332,50.60163],[139.630748,51.401862],[139.797618,51.466376],[140.397716,51.47779],[140.554454,51.323981],[140.37379,50.407843],[140.316661,49.486518],[140.194957,49.045356],[139.816905,48.557074],[139.326915,48.152045],[138.396739,46.937934],[137.362315,45.806586],[136.866466,45.353766],[136.55128,44.98078],[135.500865,44.06507],[134.766124,43.451728],[133.617198,42.960028],[133.133556,42.827582],[132.708984,42.87583]]]},"properties":{"name_en":"Sikhote-Alin","name_de":"Sichote-Alin"}},{"type":"Feature","geometry":{"type":"Polygon","coordinates":[[[139.212535,62.72486],[138.849376,62.739691],[138.137706,62.955573],[136.895518,63.241217],[134.506724,63.578131],[133.844005,63.618354],[132.160777,63.830756],[130.347667,63.923407],[128.747813,64.177191],[127.868541,64.43122],[127.409679,64.643256],[126.941417,65.057624],[126.584361,65.564765],[126.396007,66.057868],[126.298717,67.153144],[126.481212,68.216559],[126.883556,69.344245],[127.208629,69.897528],[127.806407,70.421332],[128.285411,70.560797],[129.043224,70.607611],[129.543712,70.423896],[130.181895,69.991339],[130.344493,69.72016],[130.358409,68.747382],[130.042613,67.812018],[130.013194,67.320014],[130.250987,66.48902],[130.440318,66.112616],[130.861949,65.662177],[131.682384,65.243232],[134.749156,64.667975],[135.872813,64.569159],[137.332652,64.313239],[138.807872,63.948493],[139.254405,63.719794],[139.514903,63.307257],[139.413463,62.884284],[139.212535,62.72486]]]},"properties":{"name_en":"Verkhoyansk Range","name_de":"Werchojansker Gebirge"}},{"type":"Feature","geometry":{"type":"Polygon","coordinates":[[[108.542735,11.729865],[107.734141,11.721137],[107.47755,11.840766],[107.398814,11.996527],[107.3567,13.009467],[107.076549,13.778693],[107.037364,14.446845],[106.883311,14.783087],[106.813487,15.118659],[106.799815,15.753913],[107.129527,15.893073],[107.463634,15.930121],[107.751964,15.837653],[107.986827,15.520148],[108.781261,12.830085],[108.78419,12.354926],[108.679698,11.923346],[108.542735,11.729865]]]},"properties":{"name_en":"Central Highlands","name_de":"Zentrales Hochland"}},{"type":"Feature","geometry":{"type":"Polygon","coordinates":[[[95.635142,40.140692],[95.656393,40.138259],[96.268827,40.068136],[97.435944,39.934502],[98.297252,39.835883],[98.530053,39.768007],[99.427073,39.506471],[99.527445,39.477206],[99.697204,39.401835],[99.71105,39.390883],[100.858653,38.4831],[101.113048,38.355048],[102.014445,38.26528],[102.238292,38.242987],[102.374889,38.192084],[102.706676,37.93891],[102.864468,37.708619],[102.956798,37.451117],[102.462047,36.439704],[102.16505,36.076606],[101.879283,36.188361],[101.104381,36.155585],[100.789806,36.204291],[99.873668,36.559027],[99.465343,36.840461],[98.992686,36.962714],[98.364757,36.919684],[98.082164,37.020819],[97.620494,37.460273],[97.48463,37.525336],[96.673106,37.544135],[96.276622,37.767829],[95.791392,37.893622],[95.296397,38.110968],[95.088267,38.273383],[94.582042,38.458503],[94.476573,38.597113],[94.656016,38.785346],[95.285289,38.806952],[95.19337,39.084662],[94.492931,39.245978],[94.345225,39.397528],[94.453868,39.672492],[94.708507,39.897711],[95.02589,40.037482],[95.635142,40.140692]]]},"properties":{"name_en":"Qilian Mountains","name_de":"Qilian Shan"}},{"type":"Feature","geometry":{"type":"Polygon","coordinates":[[[95.940531,52.364621],[95.094371,52.812323],[93.998595,53.131357],[93.836558,53.178534],[92.844737,53.83808],[92.467784,54.188727],[91.824229,54.605536],[91.669932,54.816352],[91.668834,55.221991],[92.213327,55.689465],[92.675824,55.880466],[93.135631,55.835761],[94.255015,55.294013],[95.015636,55.193305],[95.928477,55.507453],[96.72523,55.479621],[98.95753,54.633124],[99.284801,54.453315],[99.815807,54.036933],[103.432017,52.356879],[103.718516,52.03028],[103.642711,51.848883],[103.198009,51.758185],[101.680797,51.883124],[100.985484,51.705451],[98.388438,51.716376],[96.61085,52.009955],[95.940531,52.364621]]]},"properties":{"name_en":"Eastern Sayan Mountains","name_de":"Östliches Sajangebirge"}},{"type":"Feature","geometry":{"type":"Polygon","coordinates":[[[114.585251,49.488087],[114.200206,49.370002],[113.576671,49.372504],[113.371042,49.461013],[112.864268,49.679145],[111.26295,49.94184],[111.067882,50.119452],[111.088145,50.303046],[111.472545,50.673407],[111.898082,51.405036],[113.48585,52.896491],[113.781383,53.324286],[113.921153,53.865607],[114.693614,54.715766],[114.871226,54.859198],[115.432872,56.403693],[115.647716,56.731147],[116.194469,57.310309],[116.791392,58.34101],[117.078868,58.622504],[117.654063,58.851264],[118.319713,58.907904],[118.860362,58.790412],[119.695567,58.340766],[120.599132,58.184394],[121.092418,57.800116],[121.324229,57.396247],[121.397105,56.957404],[121.074474,55.675299],[120.349742,54.685004],[120.249278,54.439032],[119.934947,54.020575],[119.52711,53.611335],[119.128673,53.480292],[118.685069,52.708258],[118.295543,52.279242],[117.867808,52.114386],[117.701305,51.748603],[117.059215,51.266242],[116.438853,51.286139],[115.924449,51.016852],[115.506236,50.986029],[115.128917,50.667609],[114.887828,49.866339],[114.585251,49.488087]]]},"properties":{"name_en":"Yablonoi Mountains","name_de":"Jablonowygebirge"}},{"type":"Feature","geometry":{"type":"Polygon","coordinates":[[[117.201427,31.20661],[117.177501,31.159003],[116.022227,30.078803],[115.708751,30.078925],[115.472667,30.53498],[115.111461,30.712043],[114.931895,30.982856],[114.396861,31.089789],[113.848155,31.119574],[113.247569,31.238776],[113.00172,31.430915],[112.861217,31.676581],[112.825572,32.285712],[113.054698,32.555182],[113.626964,32.550666],[113.93214,32.302253],[114.203258,32.198249],[115.126964,32.177436],[115.637218,32.090827],[116.504039,31.736762],[117.097423,31.376715],[117.201427,31.20661]]]},"properties":{"name_en":"Dabie Mountains","name_de":"Dabie Shan"}},{"type":"Feature","geometry":{"type":"Polygon","coordinates":[[[113.088878,23.652838],[112.859141,23.60401],[112.302257,23.2956],[111.859019,23.262885],[111.572032,23.3581],[111.196788,23.604804],[110.785289,23.721137],[110.006847,23.853034],[109.844493,24.021735],[109.800304,24.387274],[109.457774,24.617072],[109.469249,24.921515],[109.69044,25.185004],[109.823863,25.613654],[110.306285,25.869513],[111.556529,25.869025],[112.040538,25.601752],[113.514049,25.395575],[113.909312,25.242682],[114.118663,24.906745],[113.772349,24.64588],[113.662974,24.301398],[113.088878,23.652838]]]},"properties":{"name_en":"Nanling Mountains","name_de":"Nan Ling"}},{"type":"Feature","geometry":{"type":"Polygon","coordinates":[[[76.764972,10.55212],[76.365709,10.6239],[76.041093,10.839479],[75.833168,11.086429],[75.723828,11.361768],[75.646094,11.468408],[75.562687,11.703008],[75.448863,12.04383],[75.135753,12.49433],[74.863048,13.55091],[74.590953,14.138739],[74.382227,14.494727],[74.223047,14.708887],[74.051524,15.021247],[73.932384,15.584967],[73.636607,16.034857],[72.89009,18.749182],[72.89873,18.778955],[72.900684,19.014502],[72.987207,19.277441],[72.859806,19.332122],[72.867076,19.664679],[72.947642,19.947638],[73.388927,20.725592],[73.533458,20.810492],[73.915538,20.730048],[73.985362,20.509955],[73.959972,20.211432],[74.083385,18.525458],[75.859141,13.183783],[76.338878,12.259772],[76.541392,12.119635],[77.209972,12.040473],[77.389293,11.784552],[76.764972,10.55212]]]},"properties":{"name_en":"Western Ghats","name_de":"Westghats"}},{"type":"Feature","geometry":{"type":"Polygon","coordinates":[[[79.798651,17.13373],[79.939313,17.269622],[80.324962,17.570502],[81.19984,18.583808],[81.279918,19.09101],[81.358043,19.275946],[81.960582,19.867011],[82.372325,19.954535],[82.876964,20.419806],[83.132701,20.58393],[83.712901,20.738288],[84.517467,20.646552],[85.194591,20.195929],[85.190196,20.002692],[84.76234,19.582587],[84.595714,19.203681],[84.163097,18.626044],[83.134288,17.709906],[82.815684,17.531989],[82.458263,17.420966],[81.387462,17.348761],[81.025767,17.212836],[80.725352,16.950019],[79.836436,15.906012],[79.74879,15.741889],[79.643809,15.077338],[79.638927,14.75788],[79.479259,14.452826],[79.512828,14.209174],[79.752208,13.968146],[79.846446,13.616034],[79.856212,13.344672],[79.573253,12.528266],[79.507823,12.230902],[79.176158,11.798529],[78.937022,11.41297],[78.699962,11.327887],[78.284679,11.290045],[78.036143,11.327033],[77.756724,11.578253],[77.678722,11.804084],[78.181895,12.681281],[78.679698,14.150397],[78.668468,15.555365],[78.828868,16.022345],[79.798651,17.13373]]]},"properties":{"name_en":"Eastern Ghats","name_de":"Ostghats"}},{"type":"Feature","geometry":{"type":"Polygon","coordinates":[[[76.878673,22.713568],[75.911998,22.223334],[75.28712,22.253485],[73.900401,21.845893],[73.644908,21.925544],[73.537242,22.415961],[73.614024,22.626593],[73.823985,22.716864],[74.408214,22.640998],[74.774181,22.861335],[76.0796,23.192267],[78.399058,24.488593],[78.951305,24.540595],[79.252452,24.476264],[79.508556,24.325568],[79.666881,24.081244],[79.612071,23.645453],[79.433726,23.397773],[79.191051,23.258246],[78.290294,23.20423],[77.789073,22.857184],[76.878673,22.713568]]]},"properties":{"name_en":"Vindhya Range","name_de":"Vindhyagebirge"}},{"type":"Feature","geometry":{"type":"Polygon","coordinates":[[[116.910167,25.368354],[116.797862,25.362799],[116.306407,25.554145],[115.896495,25.910468],[115.771861,26.308234],[115.913707,26.917914],[116.131969,27.440802],[116.38148,27.826911],[117.157848,28.398383],[117.576793,28.460517],[118.242931,28.285651],[118.334117,28.094428],[118.02711,26.639838],[118.03358,26.511664],[117.868175,25.824408],[117.581554,25.508185],[116.910167,25.368354]]]},"properties":{"name_en":"Wuyi Mountains","name_de":"Wuyi-Gebirge"}},{"type":"Feature","geometry":{"type":"Polygon","coordinates":[[[80.10705,47.321839],[79.521251,47.604926],[79.059215,48.058722],[79.054698,48.347419],[79.328624,48.752936],[79.492686,48.838019],[81.161876,48.71485],[81.806285,48.564276],[82.757805,48.110474],[83.864024,47.582892],[85.476085,47.423896],[85.766734,47.138861],[85.693614,46.789984],[85.548839,46.614875],[85.035655,46.396186],[84.296886,46.347968],[84.043224,46.380133],[83.899181,46.588385],[84.061656,46.848334],[83.545421,46.987006],[83.255626,47.003241],[82.926402,46.896186],[82.513316,46.906806],[81.976695,47.157782],[81.386363,47.143256],[81.181651,47.202948],[80.485118,47.205756],[80.10705,47.321839]]]},"properties":{"name_en":"Tarbagatai Mountains","name_de":"Tarbagataigebirge"}},{"type":"Feature","geometry":{"type":"Polygon","coordinates":[[[91.84982,38.220875],[91.919753,37.95648],[91.813609,37.721564],[91.659923,37.687018],[91.125865,37.745246],[90.308971,37.735236],[90.053722,37.629889],[89.51339,37.530691],[89.218765,37.526688],[88.979137,37.589728],[87.587413,37.504523],[86.869029,37.626837],[86.637218,37.725531],[86.472423,37.922858],[86.604991,38.119147],[87.174223,38.385504],[87.912737,38.640642],[89.260848,39.106379],[89.929578,39.21489],[93.837413,39.518195],[93.858897,39.188971],[94.051402,38.875312],[94.023692,38.403266],[93.541881,38.400336],[92.625011,38.758368],[91.275645,38.670111],[91.295177,38.521857],[91.739757,38.331366],[91.84982,38.220875]]]},"properties":{"name_en":"Altyn-Tagh","name_de":"Altun"}},{"type":"Feature","geometry":{"type":"Polygon","coordinates":[[[39.917369,22.758246],[39.763438,22.607733],[39.549815,22.619391],[39.322032,22.809516],[38.805431,23.644294],[38.573497,23.921698],[37.79359,24.713141],[37.563731,24.984626],[36.774669,26.149054],[36.00294,27.048468],[35.845348,27.303778],[35.568248,27.968451],[35.422862,28.50495],[35.493297,28.766486],[35.729137,28.871344],[36.029918,28.873725],[36.583385,28.73664],[36.808849,28.547431],[37.135509,27.921515],[37.26588,27.770087],[37.745982,27.397773],[37.972301,27.149298],[38.354015,26.60047],[38.879649,25.637763],[39.261851,25.041571],[39.573131,24.465827],[39.925792,23.596503],[40.019908,23.225226],[39.917369,22.758246]]]},"properties":{"name_en":"Hejaz Mountains","name_de":"Hedschas"}},{"type":"Feature","geometry":{"type":"Polygon","coordinates":[[[43.336112,16.756322],[43.043956,17.307929],[41.976939,18.919806],[41.467662,19.542182],[41.13815,20.297016],[40.912974,20.751227],[40.693614,21.072882],[40.741344,21.413153],[40.92567,21.524298],[41.397716,21.483466],[41.720103,21.304999],[42.383556,20.706427],[42.654063,20.320807],[43.011729,19.608283],[43.406505,18.719489],[43.515636,18.196234],[43.817393,17.245246],[43.886485,16.759345],[43.744395,16.35987],[43.589976,16.411811],[43.336112,16.756322]]]},"properties":{"name_en":"Asir Mountains","name_de":"Asir-Gebirge"}},{"type":"Feature","geometry":{"type":"Polygon","coordinates":[[[53.679492,36.853125],[54.016211,36.849658],[54.744029,36.947882],[55.065196,36.911811],[55.14149,36.797492],[55.102428,36.449164],[54.898692,36.309882],[53.450572,35.821906],[53.090953,35.459906],[52.593394,35.379645],[51.982555,35.633246],[51.435802,35.781806],[51.136974,35.995673],[50.052013,36.417182],[49.334849,36.787909],[48.386241,37.120917],[48.184947,37.425849],[48.4463,37.790656],[48.731944,37.848334],[49.341563,37.469367],[50.002818,37.229682],[50.757579,36.85102],[51.370494,36.651435],[52.006602,36.568488],[52.669078,36.615363],[53.423717,36.858466],[53.679492,36.853125]]]},"properties":{"name_en":"Elburz Mountains","name_de":"Elburs-Gebirge"}},{"type":"Feature","geometry":{"type":"Polygon","coordinates":[[[6.137305,58.874658],[6.016992,58.987695],[5.94873,59.135449],[5.845215,59.353467],[5.772168,59.660938],[5.698828,60.01001],[5.688574,60.123193],[5.657617,60.154102],[5.64834,60.687988],[5.610912,61.069615],[5.983984,61.117334],[5.646777,61.147607],[5.629161,61.403876],[6.01582,61.7875],[6.131152,61.852441],[6.051524,61.880927],[7.653125,62.564014],[7.690723,62.585596],[8.095508,62.731836],[8.623145,62.84624],[8.60918,62.880566],[8.494437,62.949097],[9.571788,63.420172],[9.832227,63.52417],[10.080566,63.432715],[10.760156,63.461279],[10.725293,63.625],[9.892773,63.576221],[10.515758,63.959784],[12.082251,65.155495],[12.159668,65.178955],[12.263379,65.256104],[13.033105,65.95625],[13.387109,66.182764],[13.352051,66.236719],[14.106212,66.913275],[14.472656,67.142676],[14.824414,67.268311],[15.120508,67.555029],[15.345801,67.734424],[16.120801,68.027344],[16.259766,68.144531],[16.864941,68.355273],[17.202344,68.459277],[17.845958,68.859565],[19.641504,69.424023],[20.338184,69.61665],[20.532715,69.692334],[21.590234,69.938037],[21.892578,70.004248],[23.176953,70.029053],[23.400195,70.019775],[24.445689,69.871833],[24.282115,69.700385],[21.03414,68.708472],[19.652965,68.143378],[18.153331,67.320685],[17.196018,66.633768],[16.824596,66.367255],[12.875255,62.996344],[11.718639,62.126715],[10.105846,61.085395],[9.429513,60.714763],[8.79005,60.185797],[8.126815,59.318876],[7.741099,58.814704],[7.266978,58.518744],[6.361949,58.634772],[6.137305,58.874658]]]},"properties":{"name_en":"Scandinavian Mountains","name_de":"Skandinavisches Gebirge"}},{"type":"Feature","geometry":{"type":"Polygon","coordinates":[[[20.745893,49.939702],[21.696422,49.98786],[22.175182,49.940985],[22.95814,49.678656],[23.689342,49.287299],[24.433604,48.806769],[24.818004,48.59748],[25.540782,48.384894],[26.033946,48.141242],[26.527232,47.673285],[26.908946,47.109626],[27.155894,46.481208],[27.202037,46.103339],[27.153331,45.745551],[26.991222,45.439826],[26.575847,45.17629],[26.009044,45.043647],[25.470059,45.025472],[25.048106,45.026374],[23.665538,44.821295],[23.427861,44.750698],[22.738905,44.604697],[22.276682,44.635211],[21.929082,44.732315],[21.769776,44.820772],[21.603648,45.081366],[21.583805,45.320877],[21.58546,45.710578],[21.635142,46.044379],[21.995738,46.992621],[22.129527,47.20539],[22.637462,47.573127],[23.185069,47.767768],[23.354503,48.146308],[23.251109,48.324591],[22.669444,48.633063],[22.277721,48.710395],[21.781016,48.636664],[21.457286,48.351447],[21.024303,48.153876],[20.569589,48.071949],[20.53695,48.066069],[20.200447,47.992759],[20.113924,47.97391],[20.076973,47.967615],[19.637096,47.999701],[19.274181,48.212836],[18.349498,48.392279],[17.729747,48.764838],[17.483409,49.120551],[17.594005,49.5456],[17.867931,49.790412],[18.516095,49.968022],[18.790904,50.01789],[19.768321,50.046698],[20.745893,49.939702]]]},"properties":{"name_en":"Carpathian Mountains","name_de":"Karpaten"}},{"type":"Feature","geometry":{"type":"Polygon","coordinates":[[[15.756645,40.006695],[15.366954,40.303839],[15.04359,40.687751],[14.66212,41.011664],[14.190807,41.216742],[13.514903,41.391181],[13.110606,41.647467],[12.915904,41.845099],[12.663219,42.322272],[12.487926,42.914069],[12.055797,43.42768],[11.410289,43.818183],[10.984874,43.987616],[10.385753,44.05976],[9.520436,44.335308],[9.143321,44.508368],[8.991765,44.689315],[8.960338,44.940741],[9.185313,45.069709],[9.50941,45.020087],[12.333751,44.027899],[12.858653,43.750312],[13.238292,43.424323],[13.496471,43.066107],[13.838878,42.371772],[14.111461,42.146064],[14.715099,41.858344],[15.037486,41.655097],[15.786632,40.970954],[16.156016,40.508368],[16.147614,40.052609],[15.984386,39.900519],[15.756645,40.006695]]]},"properties":{"name_en":"Appennino Ligure","name_de":"Ligurischer Apennin"}},{"type":"Feature","geometry":{"type":"Polygon","coordinates":[[[3.150391,42.162451],[3.175195,42.135986],[2.865245,41.955268],[1.312633,42.144782],[0.44691,42.369452],[-1.163014,42.627509],[-1.945674,42.984092],[-2.278289,43.268382],[-2.285427,43.315375],[-2.19668,43.321924],[-1.631445,43.438037],[-0.008595,43.307929],[2.848888,42.793708],[3.125743,42.496955],[3.150391,42.162451]]]},"properties":{"name_en":"Pyrenees","name_de":"Pyrenäen"}},{"type":"Feature","geometry":{"type":"Polygon","coordinates":[[[-102.730771,20.214084],[-102.359343,20.352003],[-102.084584,20.399726],[-101.687311,20.219949],[-101.446278,20.347156],[-101.436939,20.362755],[-101.270225,20.555444],[-101.042226,20.479377],[-100.979787,20.308661],[-100.769643,20.105902],[-100.447194,19.924384],[-100.295526,19.951456],[-100.084706,20.063361],[-99.700063,19.505683],[-99.235341,19.225959],[-98.912587,19.125373],[-98.716786,18.982489],[-98.329335,19.030646],[-98.095509,18.982611],[-97.80016,19.048224],[-97.323903,19.312812],[-97.200429,19.489264],[-97.006398,20.106574],[-96.708691,20.188281],[-96.456055,19.869775],[-96.406956,19.700391],[-96.583119,19.577399],[-96.777089,19.206977],[-96.785329,18.564521],[-96.531789,18.185065],[-96.142079,17.937018],[-95.753468,17.53797],[-95.345815,17.383734],[-95.075978,17.442694],[-95.081288,17.06507],[-95.082533,17.055603],[-95.200185,16.160529],[-95.283464,16.08559],[-95.445989,15.985992],[-95.69518,15.916449],[-96.252837,15.691062],[-96.583608,15.688666],[-97.171803,15.930854],[-97.685719,15.978034],[-97.958913,16.173102],[-98.475819,16.318305],[-98.73766,16.565375],[-99.653798,16.725898],[-99.84081,16.888556],[-100.146108,16.972419],[-100.920766,17.267218],[-101.404652,17.54682],[-101.835194,17.948065],[-102.079823,18.031806],[-102.216602,17.957422],[-102.546973,18.041406],[-103.460866,18.367987],[-103.779775,18.801337],[-104.009084,18.960089],[-104.405176,19.091211],[-104.744191,19.240973],[-104.994801,19.430732],[-105.084889,19.602912],[-105.432729,19.966254],[-105.594655,20.401557],[-105.542578,20.497949],[-105.377051,20.511865],[-105.260156,20.579053],[-105.13036,20.855719],[-104.959049,20.925532],[-104.671492,20.912564],[-103.9735,20.620673],[-103.651479,20.390692],[-103.067041,20.222697],[-102.730771,20.214084]]]},"properties":{"name_en":"Sierra Madre del Sur","name_de":"Sierra Madre del Sur"}},{"type":"Feature","geometry":{"type":"MultiPolygon","coordinates":[[[[-124.098779,48.2],[-123.975781,48.168457],[-123.294434,48.119531],[-123.249902,48.124219],[-123.024219,48.081592],[-122.973877,48.073291],[-122.862565,47.749836],[-123.050635,47.551953],[-122.912891,47.607373],[-122.919531,47.289648],[-122.91416,47.131494],[-122.758018,46.662161],[-122.640644,45.724995],[-122.636098,45.461554],[-122.974049,45.242926],[-123.061269,44.683905],[-123.207265,44.398139],[-123.225453,43.763312],[-123.331288,43.234137],[-123.225453,42.837287],[-122.378774,41.540839],[-122.380041,41.424741],[-122.383669,41.092488],[-122.512502,40.736274],[-122.686134,40.588923],[-122.726796,40.554416],[-122.744812,40.456409],[-122.738044,40.334433],[-122.722768,40.059149],[-122.614388,39.785247],[-122.416005,39.283881],[-122.06133,38.842108],[-122.001959,38.313653],[-121.993115,38.120117],[-122.483887,38.108838],[-122.466895,37.838184],[-122.58418,37.874072],[-122.941762,38.065985],[-122.973528,38.171205],[-122.977588,38.227344],[-122.986523,38.2771],[-123.674794,39.001776],[-123.789844,39.290583],[-123.777783,39.514941],[-123.884473,39.860791],[-124.108496,40.094531],[-124.328985,40.270132],[-124.37168,40.491211],[-124.22002,40.696484],[-124.190234,40.771729],[-124.110162,41.112388],[-124.06865,41.37466],[-124.117676,41.621729],[-124.163232,41.718994],[-124.185646,41.762637],[-124.210377,41.84468],[-124.20874,41.888574],[-124.21167,41.984619],[-124.278007,42.069037],[-124.392812,42.449897],[-124.406152,42.583691],[-124.443799,42.670215],[-124.482045,42.733527],[-124.346582,43.34165],[-124.14873,43.691748],[-124.130664,44.055664],[-124.047461,44.425488],[-123.93987,45.192084],[-123.913381,45.69477],[-123.947119,46.140576],[-123.959766,46.300732],[-124.045117,46.3729],[-123.88916,46.66001],[-124.07168,46.744775],[-124.198828,47.208545],[-124.376025,47.658643],[-124.460059,47.784229],[-124.665357,47.984575],[-124.6834,48.248725],[-124.665761,48.32453],[-124.152484,48.229707],[-124.098779,48.2]]],[[[-121.78003,38.005279],[-121.526281,37.897774],[-121.297387,37.637141],[-121.241496,37.572809],[-121.002763,37.257948],[-120.807858,37.044599],[-120.807422,37.044186],[-120.390807,36.535495],[-120.235707,36.216315],[-119.89992,35.780138],[-119.600697,35.36225],[-119.134572,35.067389],[-119.412282,34.916205],[-119.856435,34.785651],[-120.267934,34.780707],[-120.609425,34.707953],[-120.633594,35.076465],[-120.860303,35.36543],[-121.022852,35.480762],[-121.343848,35.792236],[-121.585072,36.116889],[-121.867117,36.322517],[-121.918652,36.572363],[-121.78999,36.732275],[-121.807422,36.851221],[-121.823171,36.950324],[-122.078878,36.975302],[-122.320671,37.137825],[-122.363637,37.178155],[-122.400333,37.273777],[-122.408447,37.373145],[-122.486674,37.519205],[-122.445605,37.797998],[-122.385449,37.960596],[-122.086719,38.049609],[-121.78003,38.005279]]]]},"properties":{"name_en":"Pacific Coast Ranges","name_de":"Gebirgskette an der nordamerikanischen Pazifikküste"}},{"type":"Feature","geometry":{"type":"Polygon","coordinates":[[[-99.49175,20.666449],[-99.809865,21.220832],[-100.069997,22.512824],[-100.095021,23.243415],[-100.571278,23.904914],[-100.682973,24.395819],[-101.330312,24.886176],[-102.254018,25.174872],[-102.499298,25.465401],[-102.767506,25.783087],[-103.280629,26.296698],[-103.408193,26.697699],[-103.381703,27.359137],[-103.222951,27.888312],[-103.1881,28.991645],[-103.099397,29.087096],[-102.886464,29.31623],[-102.677605,29.720053],[-102.375539,29.849494],[-101.850973,29.799789],[-101.334279,29.728827],[-101.320464,29.649329],[-101.214499,28.97893],[-101.238576,28.496894],[-101.15923,27.94123],[-100.917226,27.459418],[-100.606121,27.059766],[-100.492204,26.913424],[-100.365468,26.750617],[-99.809865,25.665839],[-99.28069,24.739814],[-98.910268,23.575629],[-98.657948,22.293341],[-98.566274,21.6706],[-98.264089,21.211493],[-97.772572,20.929755],[-98.137074,20.200751],[-98.592763,20.162482],[-99.095448,20.374152],[-99.49175,20.666449]]]},"properties":{"name_en":"Sierra Madre Oriental","name_de":"Sierra Madre Oriental"}},{"type":"Feature","geometry":{"type":"Polygon","coordinates":[[[-118.595265,34.873297],[-118.841786,34.994696],[-118.870412,35.151923],[-118.79894,35.752204],[-118.854665,36.09632],[-119.418324,36.827765],[-119.847585,37.047492],[-120.274803,37.512952],[-120.390776,37.618949],[-120.871327,38.110419],[-121.232488,38.890046],[-121.604642,39.60459],[-121.786,39.925482],[-121.770253,40.112067],[-121.558583,40.270819],[-121.082326,40.403144],[-120.950063,40.588324],[-120.18279,39.503546],[-119.93755,39.093573],[-118.886281,38.021857],[-118.145497,36.831244],[-117.88091,35.931647],[-117.933827,35.481879],[-118.198415,35.111457],[-118.595265,34.873297]]]},"properties":{"name_en":"Sierra Nevada","name_de":"Sierra Nevada"}},{"type":"Feature","geometry":{"type":"Polygon","coordinates":[[[-104.671492,20.912564],[-104.959049,20.925532],[-105.420117,20.775391],[-105.51084,20.80874],[-105.237061,21.119189],[-105.208691,21.49082],[-105.181752,22.007453],[-105.571889,22.73548],[-106.265675,23.311042],[-106.874196,24.104804],[-107.244618,24.766242],[-108.382314,25.930426],[-108.964589,26.472602],[-109.572621,27.252936],[-110.431287,29.016806],[-110.710683,29.475836],[-110.7636,30.216681],[-110.752212,30.720589],[-110.578359,31.142707],[-110.196363,31.142707],[-108.783986,31.085578],[-108.144215,30.42829],[-108.019147,30.115636],[-107.720876,29.370002],[-107.773793,28.946662],[-107.228139,28.010627],[-106.780995,27.363654],[-106.441268,27.072113],[-106.401282,27.037798],[-105.977589,26.674201],[-105.55132,26.009772],[-105.351171,25.587315],[-105.33862,25.560823],[-104.823171,24.708503],[-104.326222,23.927191],[-103.46111,23.443305],[-103.196523,22.940619],[-102.61443,22.834784],[-102.222279,22.375617],[-102.296925,21.88227],[-102.687917,21.380805],[-103.05309,21.052741],[-103.420888,21.048651],[-104.259572,20.893988],[-104.671492,20.912564]]]},"properties":{"name_en":"Sierra Madre Occidental","name_de":"Sierra Madre Occidental"}},{"type":"Feature","geometry":{"type":"Polygon","coordinates":[[[-143.391583,61.358924],[-142.5136,61.199347],[-142.143178,61.199347],[-140.996352,60.928026],[-140.687978,60.749579],[-140.995646,60.329035],[-141.362158,60.105273],[-141.422168,60.085498],[-141.410567,60.045235],[-141.466497,60.01367],[-141.477017,60.010548],[-142.656178,60.104621],[-142.945654,60.096973],[-143.506104,60.055029],[-144.084277,60.063037],[-144.332617,60.191016],[-144.901318,60.335156],[-144.984033,60.536914],[-145.248291,60.380127],[-145.563135,60.440723],[-145.810645,60.524658],[-145.674902,60.651123],[-146.166406,60.692285],[-146.251025,60.749072],[-146.391992,60.81084],[-146.636035,60.992529],[-146.715918,61.077539],[-147.523291,60.970313],[-147.891113,60.889893],[-148.208691,61.029932],[-148.556152,60.827002],[-149.043265,60.882453],[-149.142236,60.935693],[-149.329338,60.952847],[-149.843217,61.079297],[-149.906426,61.100838],[-149.786145,61.333557],[-149.278739,61.507758],[-148.440238,61.887274],[-147.011525,61.728522],[-146.556203,61.888922],[-145.926747,61.96662],[-145.004453,61.834624],[-143.704213,61.411017],[-143.391583,61.358924]]]},"properties":{"name_en":"Chugach Mountains","name_de":"Chugach Mountains"}},{"type":"Feature","geometry":{"type":"Polygon","coordinates":[[[-123.425927,61.050753],[-123.427284,61.046742],[-123.527854,60.749363],[-123.528056,60.510965],[-123.723185,60.178766],[-123.988171,59.839473],[-124.154286,59.626776],[-124.565236,59.710578],[-124.738805,59.548966],[-125.028249,59.369574],[-125.358606,59.345294],[-126.083669,59.433051],[-126.570767,59.577935],[-127.499247,59.786876],[-128.190785,59.814704],[-128.468876,59.940459],[-129.071334,60.212895],[-129.07134,60.212898],[-129.163702,60.410066],[-129.470448,61.064887],[-130.60735,61.622687],[-131.593183,61.775947],[-131.69691,61.784408],[-132.56336,62.007153],[-133.173818,62.288153],[-133.385487,63.077887],[-133.615691,63.240573],[-134.139465,63.572465],[-134.5761,63.65998],[-135.793202,63.633551],[-136.930898,63.554145],[-137.253961,63.675293],[-137.354237,63.712897],[-137.12931,64.888501],[-137.08965,65.035834],[-136.50475,65.324042],[-136.157948,65.670844],[-135.184621,65.617926],[-133.473744,65.946479],[-132.543691,65.830085],[-131.11913,65.789618],[-129.734242,65.697272],[-128.778676,65.700873],[-127.969838,65.593573],[-127.398122,65.392462],[-126.767934,65.257819],[-125.989491,64.929633],[-125.601308,64.905219],[-125.054738,64.71955],[-123.814748,63.603644],[-123.579152,63.261298],[-123.248891,62.994513],[-123.155629,62.198493],[-123.199025,61.649176],[-123.425927,61.050753]]]},"properties":{"name_en":"Mackenzie Mountains","name_de":"Mackenzie Mountains"}},{"type":"Feature","geometry":{"type":"Polygon","coordinates":[[[-69.47337,-18.544148],[-69.512489,-18.496788],[-69.872712,-18.060681],[-69.926015,-17.996148],[-70.617482,-17.972833],[-71.552358,-16.967462],[-72.240285,-16.5617],[-73.192738,-16.085504],[-74.251088,-15.591607],[-75.25652,-14.550958],[-76.454396,-12.814019],[-77.018056,-11.74981],[-77.849416,-10.388116],[-78.537343,-8.765313],[-78.255116,-8.659478],[-78.018131,-8.788743],[-77.867055,-8.871148],[-77.517624,-9.678496],[-77.355519,-10.053033],[-76.322621,-11.570001],[-75.648305,-12.478936],[-74.586232,-13.510186],[-72.787038,-14.709649],[-70.363527,-16.373883],[-69.053822,-17.641412],[-68.570729,-18.552911],[-69.289479,-18.766778],[-69.47337,-18.544148]]]},"properties":{"name_en":"Cordillera Occidental","name_de":"Cordillera Occidental"}},{"type":"Feature","geometry":{"type":"Polygon","coordinates":[[[-65.835848,-21.978371],[-66.133717,-22.148614],[-66.210337,-22.066528],[-66.325185,-21.943486],[-66.655568,-21.589532],[-66.577422,-21.087015],[-66.525136,-20.750787],[-66.577504,-20.611088],[-66.692799,-20.303521],[-66.674184,-19.632501],[-66.860585,-18.607599],[-66.860585,-18.164267],[-66.860585,-17.824762],[-67.064155,-17.684525],[-67.699269,-17.247003],[-67.471069,-16.677995],[-67.336613,-16.657497],[-67.139521,-16.627452],[-67.046925,-16.613336],[-66.320058,-17.26568],[-65.978223,-17.953733],[-65.953515,-18.003465],[-65.425526,-19.297052],[-65.426376,-19.334735],[-65.481435,-21.775811],[-65.835848,-21.978371]]]},"properties":{"name_en":"Cordillera Real","name_de":"Cordillera Real"}},{"type":"Feature","geometry":{"type":"Polygon","coordinates":[[[-75.638545,-7.490821],[-75.363637,-9.044366],[-75.317997,-9.03782],[-74.647939,-8.941705],[-74.626902,-9.003433],[-74.305898,-9.945367],[-74.023221,-10.439517],[-73.457326,-11.428766],[-73.423609,-11.43888],[-72.291031,-11.778623],[-72.20422,-11.804663],[-71.869862,-11.904962],[-71.589962,-12.174109],[-71.175212,-12.569342],[-70.366353,-12.915969],[-69.329823,-13.360162],[-68.745799,-13.573604],[-68.023741,-13.837492],[-67.90515,-13.918634],[-67.001515,-14.947686],[-66.653209,-15.412094],[-65.44048,-17.011407],[-64.690622,-17.214977],[-63.588368,-17.514215],[-63.509005,-17.754584],[-63.416084,-18.036014],[-63.282216,-18.441461],[-63.127622,-19.810894],[-63.116418,-19.962391],[-63.98528,-22.805841],[-64.911305,-23.970025],[-65.705068,-24.552057],[-65.705068,-23.255969],[-65.705068,-23.017511],[-65.405751,-22.329117],[-65.175893,-21.80047],[-65.387563,-21.033136],[-65.424662,-19.336567],[-65.425526,-19.297052],[-65.953515,-18.003465],[-65.978223,-17.953733],[-66.948598,-16.799737],[-67.139521,-16.627452],[-67.690851,-16.129943],[-68.49663,-15.345424],[-69.038808,-14.788995],[-69.475737,-14.574629],[-69.644737,-14.491714],[-69.672193,-14.478243],[-70.31686,-14.161957],[-70.545761,-14.082542],[-71.790456,-13.86297],[-72.311975,-13.682018],[-73.099096,-13.404201],[-73.399032,-13.184288],[-73.483815,-13.122125],[-73.92645,-12.456672],[-74.573476,-11.483941],[-75.058461,-10.714654],[-75.467423,-10.266116],[-75.576894,-10.146051],[-76.129628,-9.073907],[-76.764638,-7.856866],[-77.13506,-6.242975],[-77.849416,-5.68731],[-78.206623,-5.355588],[-78.239359,-5.298697],[-78.502142,-4.698049],[-78.560614,-4.564401],[-78.59026,-4.372396],[-78.59026,-3.702935],[-78.541934,-3.575511],[-78.28494,-2.830302],[-78.153676,-1.864068],[-77.611318,-1.295221],[-77.822987,-2.538751],[-77.611318,-3.464776],[-77.429716,-4.146367],[-77.151784,-5.189508],[-76.738149,-5.396295],[-76.567768,-5.580496],[-75.759206,-6.454644],[-75.638545,-7.490821]]]},"properties":{"name_en":"Cordillera Oriental","name_de":"Cordillera Oriental"}},{"type":"Feature","geometry":{"type":"Polygon","coordinates":[[[-76.764638,-7.856866],[-76.156117,-8.888726],[-75.467423,-10.266116],[-75.058461,-10.714654],[-73.779901,-12.617462],[-73.399032,-13.184288],[-73.099096,-13.404201],[-72.311975,-13.682018],[-71.49944,-13.968805],[-71.578786,-15.450372],[-74.515675,-13.518976],[-75.865041,-12.16961],[-76.976308,-10.555597],[-77.517624,-9.678496],[-78.018131,-8.788743],[-78.140492,-8.571222],[-78.59026,-8.650689],[-79.754445,-6.481012],[-80.045461,-4.523126],[-79.622121,-4.073297],[-79.282719,-3.801775],[-78.828359,-3.438287],[-78.71834,-3.398276],[-78.708147,-3.394569],[-78.541934,-3.575511],[-78.559158,-4.48734],[-78.560614,-4.564401],[-78.563832,-4.734796],[-78.428611,-4.969797],[-78.239359,-5.298697],[-78.206623,-5.355588],[-76.764638,-7.856866]]]},"properties":{"name_en":"Cordillera Blanca","name_de":"Cordillera Blanca"}},{"type":"Feature","geometry":{"type":"Polygon","coordinates":[[[-77.520264,3.160254],[-77.242773,3.585352],[-77.212012,3.867432],[-77.251322,3.887105],[-76.685948,5.570638],[-76.646291,5.688727],[-76.685292,8.547309],[-76.359035,8.710416],[-76.209035,8.785407],[-75.945668,8.127021],[-75.943057,8.122523],[-75.517932,7.680587],[-75.547536,7.2508],[-75.766159,7.023237],[-75.839124,6.012099],[-75.756975,5.885697],[-75.610042,5.659612],[-75.60729,5.577137],[-75.67472,5.239902],[-75.799764,5.01705],[-76.156117,4.327155],[-76.445336,3.399583],[-76.539723,3.096869],[-76.704579,2.880378],[-76.751393,2.501532],[-77.108571,2.03852],[-77.505483,1.125739],[-77.731408,0.73621],[-77.88915,0.46424],[-78.427296,-0.218446],[-78.543177,-0.660185],[-78.868092,-1.93023],[-79.13268,-2.234552],[-79.357533,-1.467218],[-79.172353,-0.395685],[-78.682851,0.794989],[-78.141774,1.620307],[-77.520264,3.160254]]]},"properties":{"name_en":"Cordillera Occidental","name_de":"Cordillera Occidental"}},{"type":"Feature","geometry":{"type":"Polygon","coordinates":[[[-78.71834,-3.398276],[-79.240407,-3.920343],[-79.282719,-3.801775],[-79.516286,-3.147271],[-79.470693,-2.859063],[-78.868092,-1.93023],[-78.543177,-0.660185],[-78.427296,-0.218446],[-77.836171,0.517157],[-77.731408,0.73621],[-77.108571,2.03852],[-76.751393,2.501532],[-76.704579,2.880378],[-76.451955,3.187873],[-76.445336,3.399583],[-76.440968,3.539313],[-76.254262,4.132392],[-75.924794,4.868232],[-75.799764,5.01705],[-75.67472,5.239902],[-75.60729,5.577137],[-75.610042,5.659612],[-75.756975,5.885697],[-75.839124,6.012099],[-75.880849,6.0763],[-75.825978,6.976874],[-75.766159,7.023237],[-75.386708,7.317328],[-75.254872,7.756659],[-74.749684,7.998297],[-74.310353,8.767035],[-73.933583,8.908881],[-74.039418,7.779975],[-74.893544,5.35102],[-74.914418,4.681525],[-75.298818,3.81391],[-76.023671,2.386115],[-76.395215,1.952685],[-77.024052,0.972339],[-77.080803,0.872321],[-77.307057,0.25257],[-77.531911,-0.620538],[-78.153676,-1.864068],[-78.28494,-2.830302],[-78.706727,-3.386663],[-78.71834,-3.398276]]]},"properties":{"name_en":"Cordillera Blanca","name_de":"Cordillera Blanca"}},{"type":"Feature","geometry":{"type":"Polygon","coordinates":[[[-67.931404,10.475832],[-67.871631,10.47207],[-67.536104,10.523271],[-66.589586,10.622266],[-66.247217,10.632227],[-66.100804,10.553417],[-66.090479,10.472949],[-65.851758,10.257764],[-65.129102,10.070068],[-64.944043,10.09502],[-64.850488,10.098096],[-64.798507,10.108484],[-64.795063,10.109153],[-64.19695,10.408149],[-63.833691,10.448535],[-63.862695,10.558154],[-64.228479,10.555319],[-64.201953,10.632666],[-63.496777,10.643262],[-63.189893,10.70918],[-62.509195,10.725073],[-61.943061,10.678821],[-62.389495,10.547364],[-62.693555,10.562988],[-62.843018,10.41792],[-62.821095,10.090644],[-63.389331,9.924126],[-63.844167,9.790839],[-64.243838,9.841962],[-65.361073,9.98487],[-66.603435,9.76429],[-67.620573,9.583698],[-67.795277,9.55268],[-68.782634,9.769931],[-69.002447,9.818297],[-69.118153,9.843756],[-69.841359,9.032355],[-70.79016,8.262731],[-70.829758,8.226627],[-70.958435,8.109304],[-71.384219,7.725656],[-71.493787,7.645083],[-71.957997,7.303717],[-71.748637,6.304965],[-71.745716,6.291031],[-71.829969,6.071203],[-72.443112,5.229896],[-72.600451,5.056161],[-73.482567,4.174045],[-73.827748,3.652472],[-73.740461,2.717293],[-73.710314,2.394305],[-73.862363,2.261844],[-73.903604,2.244169],[-73.961586,2.273506],[-73.998775,2.451997],[-74.127614,3.07038],[-74.46391,2.487127],[-74.930505,1.992505],[-75.344716,1.553412],[-76.209561,1.173916],[-76.826344,0.865546],[-76.96794,0.94203],[-77.024052,0.972339],[-77.241261,1.089667],[-76.4912,1.923896],[-76.395215,1.952685],[-75.785695,2.135504],[-75.397633,2.594184],[-75.062489,3.405524],[-74.780263,4.252204],[-74.586232,5.345832],[-74.251088,6.069037],[-73.430165,6.910895],[-73.108571,7.586249],[-73.668996,9.049994],[-73.192738,10.108344],[-73.37798,10.240607],[-73.80132,10.002509],[-73.950234,10.259735],[-74.092336,10.505194],[-74.211333,11.171426],[-74.092172,11.253263],[-73.871429,11.265298],[-73.676904,11.271484],[-72.769399,11.325385],[-72.65929,11.293923],[-72.213791,11.166627],[-72.051438,11.070428],[-72.795888,9.658515],[-72.901723,8.864814],[-72.50182,8.074347],[-71.552358,8.838324],[-70.78379,9.436099],[-70.759591,9.458572],[-70.917348,9.914313],[-71.129018,10.355292],[-70.511708,11.043158],[-69.929714,11.354479],[-69.753163,11.44892],[-69.363875,11.46033],[-68.927981,11.379217],[-68.606679,11.254828],[-68.396817,10.77919],[-68.35171,10.676958],[-68.330333,10.637528],[-68.271492,10.549304],[-68.259276,10.530988],[-68.200917,10.443488],[-67.931404,10.475832]]]},"properties":{"name_en":"Cordillera Oriental","name_de":"Cordillera Oriental"}},{"type":"Feature","geometry":{"type":"Polygon","coordinates":[[[41.319397,9.541935],[41.443664,9.582556],[41.977174,9.68693],[42.367216,9.723734],[42.467977,9.736023],[42.828137,9.752862],[43.150317,9.464048],[43.36984,9.01298],[43.296142,8.826938],[43.23663,8.719068],[43.172936,8.603618],[42.991323,8.620923],[42.8684,8.635121],[42.324351,8.851569],[42.178844,8.706],[41.724527,8.783652],[41.306217,8.720829],[40.538341,8.203315],[40.584816,7.948023],[40.586685,7.937756],[41.004549,7.834789],[41.08279,7.712645],[41.317748,7.313175],[41.081595,6.911835],[40.935313,6.814276],[40.882335,6.086676],[40.936295,5.888725],[40.922484,5.780729],[40.578136,5.650092],[40.022472,5.623603],[39.766791,5.227404],[39.723225,5.208734],[39.374278,5.16059],[39.096446,5.054755],[38.875476,4.845429],[38.83436,4.815004],[38.501109,4.763739],[38.379322,4.235108],[38.288196,4.102301],[37.998424,4.406562],[38.038097,4.671149],[37.918956,4.94892],[37.687812,4.916561],[37.257579,4.85633],[37.006236,5.041571],[36.579258,5.571622],[36.278575,6.09986],[35.286388,5.927924],[35.14088,6.152777],[35.299571,6.5232],[35.008556,6.655524],[34.836681,6.920111],[35.087901,7.290534],[34.849864,7.687384],[34.863048,8.19007],[34.519054,8.534064],[34.201671,8.983832],[33.950206,9.751166],[34.175182,10.042182],[34.122203,10.333197],[34.558849,11.087287],[34.955699,11.21955],[35.167369,11.563544],[35.590709,11.365119],[35.908214,11.748725],[36.000743,12.039801],[36.014049,12.344062],[36.265391,12.542487],[36.556407,12.648322],[36.543224,12.873236],[36.212413,13.071662],[36.238902,13.283332],[37.032603,13.468512],[37.045909,13.931586],[37.143515,13.971504],[37.169054,13.981949],[37.694102,14.262274],[37.799937,15.280951],[37.945445,15.915961],[37.561778,16.352484],[37.455943,17.06684],[37.69884,17.833114],[37.71793,17.840562],[38.210094,18.032599],[38.593761,17.437262],[38.858287,16.630316],[38.964122,16.074652],[39.427135,15.307379],[39.84877,14.886832],[39.850474,14.884901],[40.154796,14.540107],[40.157111,13.400286],[40.181163,13.111335],[40.101817,12.687995],[39.903331,12.529242],[39.916637,11.801642],[40.181163,11.140204],[40.273814,10.70362],[40.234141,10.18769],[40.115001,9.896674],[40.009166,9.367499],[40.154796,9.116156],[40.472179,9.195502],[40.98817,9.433661],[41.319397,9.541935]]]},"properties":{"name_en":"Ethiopian Highlands","name_de":"Hochland von Abessinien"}},{"type":"Feature","geometry":{"type":"Polygon","coordinates":[[[54.906139,26.786689],[54.608531,26.767951],[54.044322,26.879218],[53.336192,27.14942],[52.789561,27.472541],[52.262096,27.941779],[51.477794,28.698004],[51.194835,29.150702],[50.617442,29.732428],[50.34901,30.173774],[49.946178,30.598761],[49.668346,31.113471],[49.056529,32.043463],[48.552867,32.491278],[48.195323,32.629157],[47.573253,32.943305],[46.883311,33.350287],[46.519786,33.843756],[46.38148,34.161017],[46.118907,35.363227],[46.281871,35.748175],[46.473277,35.883063],[46.948497,35.868476],[47.185313,35.721259],[47.850719,35.099799],[48.705943,34.411383],[49.221934,33.816352],[50.126842,33.058966],[50.755382,32.418402],[51.122203,31.929816],[52.944224,29.929023],[53.158702,29.546759],[53.50233,29.299628],[54.448985,28.904731],[55.692393,28.570319],[56.185191,28.364447],[56.417247,28.201972],[56.540172,28.006232],[56.472667,27.669806],[56.197154,27.415717],[55.403087,26.941474],[54.906139,26.786689]]]},"properties":{"name_en":"Zagros Mountains","name_de":"Zāgros-Gebirge"}},{"type":"Feature","geometry":{"type":"Polygon","coordinates":[[[98.260004,44.063996],[97.806602,43.981753],[97.463794,43.621247],[97.140269,43.363471],[96.577647,43.25672],[96.266368,43.367743],[95.377611,44.086325],[94.874889,44.368903],[92.862682,44.411322],[91.924815,44.628852],[91.115123,44.675482],[90.655772,44.879706],[90.074962,45.421454],[89.761119,46.002326],[89.615123,46.398017],[89.336192,46.796881],[88.918224,47.220465],[88.400279,47.557746],[86.630138,48.097113],[84.334239,48.304877],[83.924693,48.750312],[83.39149,49.783515],[82.999118,50.093941],[82.104137,50.520453],[81.943248,50.788947],[81.945079,51.107428],[82.081065,51.414252],[82.587169,52.061591],[82.890269,52.217658],[83.338145,52.304877],[84.126196,52.240222],[85.724579,52.109084],[86.699962,52.029059],[87.250377,51.842597],[87.754405,51.563727],[88.297984,51.096869],[88.493046,50.6914],[88.521488,50.527498],[88.570689,50.243964],[88.720217,50.158896],[89.653087,49.62818],[89.732432,49.446112],[90.043834,49.268866],[90.954723,49.086493],[92.049449,48.103522],[92.447032,47.890998],[92.962413,47.770819],[94.913341,46.912055],[95.612315,46.832099],[97.044566,46.181647],[98.97755,45.680121],[99.890758,45.091315],[100.539627,44.793086],[100.751449,44.553726],[100.742442,44.234137],[100.329356,44.038764],[98.774303,43.984748],[98.260004,44.063996]]]},"properties":{"name_en":"Altai Mountains","name_de":"Altai"}},{"type":"Feature","geometry":{"type":"Polygon","coordinates":[[[119.675203,49.60158],[119.90919,50.537299],[120.00233,50.731879],[120.123912,51.546332],[120.37318,51.812873],[120.655772,51.926642],[120.817393,52.160102],[120.796519,52.402716],[120.542491,52.857367],[120.617076,53.054145],[121.097057,53.25141],[122.185557,53.514716],[123.123546,53.52088],[124.028331,53.388739],[124.750743,53.147162],[125.124766,52.72486],[125.156383,52.34809],[125.057994,51.94245],[124.610567,51.194142],[124.413065,50.863827],[124.251475,50.593573],[123.545055,49.848883],[123.537509,49.687699],[123.63795,49.433722],[123.899303,49.109503],[123.870738,48.794684],[123.05836,48.274848],[122.906139,48.101264],[122.867198,47.776984],[123.323985,46.954535],[123.267345,46.561469],[122.907585,46.056354],[122.778018,45.907757],[122.275805,45.33178],[121.92335,44.927558],[121.403256,44.538288],[121.151256,44.349677],[119.591197,43.642646],[119.344493,43.296942],[117.998302,43.305426],[117.414195,43.177436],[117.382823,43.304877],[117.924449,46.281317],[118.210704,46.667975],[119.661143,49.545356],[119.675203,49.60158]]]},"properties":{"name_en":"Greater Khingan","name_de":"Großes Hinggan-Gebirge"}},{"type":"Feature","geometry":{"type":"Polygon","coordinates":[[[129.78385,56.769695],[130.022369,56.775021],[130.574962,56.78736],[131.71754,57.091986],[134.561046,56.849738],[134.753795,56.902777],[136.379621,56.899169],[137.399058,57.153449],[137.700328,57.106635],[138.068878,56.734612],[138.09923,56.686285],[138.027606,56.397592],[134.993467,54.836613],[134.173717,54.508918],[131.245372,54.31446],[130.952769,54.398627],[130.329967,54.752509],[128.763927,54.882758],[128.017833,54.748969],[127.258189,54.737372],[126.146373,54.899115],[124.786143,54.886298],[124.068614,55.33216],[123.535167,55.872626],[123.167491,56.448249],[123.101817,56.70661],[123.508311,57.12757],[124.094737,57.383429],[126.4369,57.315741],[127.199962,57.243048],[128.04713,56.849982],[128.410045,56.73902],[129.78385,56.769695]]]},"properties":{"name_en":"Stanovoy Range","name_de":"Stanowoigebirge"}},{"type":"Feature","geometry":{"type":"Polygon","coordinates":[[[106.355859,17.765039],[106.370508,17.746875],[106.735742,17.367188],[106.825938,17.29296],[106.827058,17.291752],[107.180371,16.897949],[108.584849,15.39527],[108.80482,15.028937],[109.009776,14.241461],[109.249966,13.701107],[109.252051,13.590527],[109.30957,13.219189],[109.327621,13.167149],[109.080089,12.45893],[109.111217,11.763922],[109.039648,11.592676],[108.874156,11.412238],[108.653575,11.387519],[108.445689,11.258673],[108.094922,10.897266],[107.898692,10.771857],[107.395152,10.768134],[107.130504,10.97956],[106.982677,11.334113],[106.954356,11.738044],[106.989879,12.235602],[106.71461,12.916266],[106.674815,13.454291],[106.506358,14.092414],[106.191173,14.370673],[105.837901,14.870795],[105.778209,15.02265],[105.380748,16.836127],[103.942271,18.504706],[103.780772,18.54975],[103.198375,18.336371],[102.978648,18.366889],[102.63734,18.75318],[102.483409,19.190192],[102.533092,19.526374],[102.85316,20.143805],[102.969005,20.710089],[103.282603,21.249823],[103.664928,21.581183],[103.935313,21.68946],[104.220103,21.715949],[105.504527,21.291999],[105.877208,21.102851],[106.130382,20.866523],[106.136241,20.541815],[105.793468,20.340522],[105.466685,19.885016],[105.375377,19.340766],[105.43214,19.093695],[105.796886,18.403205],[106.355859,17.765039]]]},"properties":{"name_en":"Annamite Range","name_de":"Truong-Son-Gebirge"}},{"type":"Feature","geometry":{"type":"Polygon","coordinates":[[[87.018734,27.026632],[87.018825,27.026598],[87.53266,26.830165],[87.705699,26.593817],[87.549937,26.402289],[87.342662,26.365424],[86.203987,26.717299],[84.447482,27.260097],[84.034129,27.387832],[83.584266,27.486436],[83.118663,27.545844],[82.098888,27.860541],[81.620173,28.288183],[81.411057,28.405589],[80.780579,28.688769],[79.767726,29.143694],[79.387123,29.289141],[79.071566,29.663049],[79.070444,29.667742],[79.11317,29.883612],[79.305125,29.95885],[79.635875,29.960761],[79.933726,29.866889],[80.407237,29.492987],[87.018734,27.026632]]]},"properties":{"name_en":"Siwalik Hills","name_de":"Siwaliks"}},{"type":"Feature","geometry":{"type":"Polygon","coordinates":[[[76.911618,38.020104],[76.454301,37.899932],[75.985995,37.788365],[75.50172,37.603217],[75.110448,37.574001],[74.355358,37.51762],[73.098617,37.423782],[72.794191,37.363687],[72.485873,37.247514],[72.107021,37.104762],[71.662218,37.167302],[71.424083,37.304877],[71.259776,37.506415],[71.204845,37.645026],[71.226817,39.065924],[71.366222,39.27204],[71.577037,39.261908],[72.243907,39.505561],[74.239635,39.559943],[74.903941,39.465216],[75.67335,39.195502],[76.121837,38.810004],[76.867564,38.34693],[77.032237,38.13819],[76.911618,38.020104]]]},"properties":{"name_en":"Pamir mountains","name_de":"Pamir"}},{"type":"Feature","geometry":{"type":"Polygon","coordinates":[[[74.749086,37.45936],[75.169712,36.999812],[75.483719,36.630628],[75.692027,36.226142],[75.716563,35.744025],[75.640514,35.273871],[75.132579,34.582831],[74.405557,34.103683],[73.96665,34.14932],[73.912732,34.154926],[73.812785,34.15175],[73.739024,34.145611],[73.556131,34.130388],[73.485724,34.145159],[72.823741,34.417609],[72.681837,34.429968],[72.32899,34.4607],[71.951305,34.608954],[71.770968,34.563304],[71.462376,34.340596],[71.268321,34.278144],[69.675792,34.311713],[67.019298,34.645636],[66.87672,34.794623],[66.674815,35.465949],[66.708507,35.877631],[67.372691,36.587348],[71.066539,37.412238],[71.326549,37.382514],[71.487804,37.245307],[71.662218,37.167302],[72.107021,37.104762],[72.485873,37.247514],[72.794191,37.363687],[73.098617,37.423782],[73.601939,37.523139],[74.355358,37.51762],[74.749086,37.45936]]]},"properties":{"name_en":"Hindu Kush","name_de":"Hindukusch"}},{"type":"Feature","geometry":{"type":"Polygon","coordinates":[[[78.224375,33.396532],[78.029398,33.522815],[77.075816,34.312384],[76.386485,34.704352],[76.105113,35.059088],[75.74818,35.810187],[75.689952,36.30152],[75.483719,36.630628],[75.169712,36.999812],[74.960704,37.361396],[75.985995,37.788365],[76.454301,37.899932],[76.972667,37.482428],[77.809093,36.48432],[78.261479,36.19122],[78.971848,35.916236],[79.274425,35.668647],[79.483287,35.377936],[79.62086,35.058966],[79.700328,34.597113],[79.844859,34.357611],[79.82484,34.177741],[79.50294,33.828925],[79.245006,33.651496],[79.114268,33.405219],[78.896861,33.3357],[78.224375,33.396532]]]},"properties":{"name_en":"Karakoram","name_de":"Karakorum"}},{"type":"Feature","geometry":{"type":"Polygon","coordinates":[[[87.587413,37.504523],[89.218765,37.526688],[89.51339,37.530691],[91.199107,37.553595],[91.530894,37.462165],[92.709139,36.746089],[92.859717,36.681871],[93.013805,36.616156],[94.186672,36.442518],[94.663,36.372],[94.994919,36.322861],[95.145908,36.300507],[95.426126,36.371076],[95.927309,36.396704],[97.583263,35.966376],[97.787934,35.988752],[97.984921,36.010288],[98.018059,36.020415],[98.138026,36.058126],[98.496715,36.252753],[98.798106,36.267585],[99.189342,36.12641],[99.316783,35.998358],[99.455089,35.634223],[99.418712,35.221991],[99.162852,35.086737],[98.908702,35.097235],[97.592784,35.360236],[87.336436,35.687751],[86.738536,35.487738],[82.29066,35.354499],[81.853526,35.229254],[81.385265,35.166449],[80.554454,35.226447],[79.290172,35.831122],[78.971848,35.916236],[78.471568,36.0362],[78.261479,36.19122],[77.980479,36.598578],[78.041637,36.954962],[78.272594,37.109748],[78.574718,37.164618],[79.159679,37.131964],[79.740733,36.986762],[80.523065,36.62994],[80.673836,36.561174],[80.842839,36.505772],[81.162487,36.414337],[81.343639,36.409919],[82.13502,36.679877],[83.402218,36.816884],[83.670658,36.888033],[85.708278,37.595319],[86.042613,37.711371],[87.587413,37.504523]]]},"properties":{"name_en":"Kunlun Mountains","name_de":"Kunlun"}},{"type":"Feature","geometry":{"type":"Polygon","coordinates":[[[8.833398,34.114041],[8.114066,34.287079],[7.729991,34.450019],[7.042125,34.846869],[6.526134,34.926215],[5.256236,34.793952],[4.687389,34.648444],[3.906871,34.317694],[3.721761,34.264806],[3.166026,34.106024],[2.747809,33.852401],[2.054698,33.656256],[1.128673,33.140326],[0.685169,32.995146],[0.401134,32.902167],[-0.39269,32.492072],[-0.486895,32.402682],[-0.908559,32.00257],[-2.257985,31.446967],[-2.932668,31.288214],[-3.523965,31.209857],[-3.797301,31.173635],[-4.03069,31.142707],[-4.542776,30.828486],[-4.815078,30.655458],[-5.168385,30.42829],[-5.322915,30.239416],[-5.398114,30.147505],[-5.428847,30.133362],[-5.720397,30.082349],[-6.464833,29.952094],[-7.232167,29.528754],[-7.629018,29.131842],[-8.502126,28.787909],[-9.269399,28.602729],[-10.063161,28.338141],[-10.539418,28.311652],[-10.989247,28.54975],[-10.892918,28.814682],[-10.486475,29.064941],[-10.270043,29.303736],[-8.568288,30.692939],[-8.793202,30.75904],[-9.335561,30.573859],[-9.626637,30.534125],[-9.862942,30.7442],[-9.832422,30.847266],[-9.83335,31.069629],[-9.813432,31.356362],[-9.467885,31.936469],[-8.912221,32.346564],[-7.78777,32.902167],[-7.27184,33.100592],[-7.179189,33.603339],[-6.808827,34.039862],[-6.279652,34.09278],[-5.748261,34.340953],[-5.635079,34.45661],[-5.948903,34.93946],[-5.869496,35.336371],[-5.881521,35.768709],[-5.881647,35.77323],[-5.882189,35.792733],[-5.747949,35.815967],[-5.622852,35.828906],[-5.522266,35.862012],[-5.337646,35.745215],[-5.252686,35.614746],[-5.128736,35.463532],[-4.837207,35.281299],[-4.32998,35.161475],[-3.787988,35.244922],[-3.590625,35.22832],[-3.394727,35.211816],[-3.206006,35.239111],[-3.063086,35.317236],[-2.965653,35.327972],[-2.93766,35.292983],[-2.869531,35.172656],[-2.839941,35.127832],[-2.636816,35.112695],[-2.42373,35.123486],[-2.219629,35.104199],[-2.017773,35.085059],[-1.913281,35.094238],[-1.673633,35.183105],[-1.33584,35.364258],[-1.087695,35.578857],[-0.91748,35.668408],[-0.426123,35.861523],[-0.18916,35.819092],[-0.048242,35.832813],[0.047949,35.900537],[0.15166,36.063135],[0.306992,36.159131],[0.79082,36.356543],[0.97168,36.443945],[1.257227,36.51958],[2.593359,36.600684],[2.755117,36.686263],[3.152938,36.77002],[3.520508,36.795117],[3.779004,36.896191],[4.758105,36.896338],[4.874301,36.861415],[4.876097,36.860594],[5.195605,36.676807],[5.29541,36.648242],[5.424609,36.675439],[6.249121,36.93833],[6.43169,37.034395],[6.575879,37.003027],[6.927539,36.919434],[7.238477,36.968506],[7.238209,37.041356],[7.531646,37.020657],[7.791602,36.880273],[7.910449,36.856348],[8.007101,36.875592],[8.576562,36.937207],[8.823535,36.997607],[8.979817,37.092266],[9.131288,37.137018],[9.734482,37.297857],[9.815527,37.254639],[9.875586,37.25415],[10.01719,37.252254],[10.099072,37.223766],[10.179927,37.12386],[10.18877,37.033887],[10.412305,36.731836],[10.468516,36.328559],[9.965831,35.87873],[9.939342,35.402472],[9.992198,34.158942],[9.291026,34.066352],[8.833398,34.114041]]]},"properties":{"name_en":"Atlas Mountains","name_de":"Atlas"}},{"type":"Feature","geometry":{"type":"Polygon","coordinates":[[[-65.312796,48.016676],[-65.36001,48.011133],[-65.475879,48.031494],[-65.754687,48.11167],[-66.012549,48.14668],[-66.248633,48.117334],[-66.448975,48.119629],[-66.210205,47.988574],[-65.761937,47.863171],[-65.646474,47.631964],[-65.969655,47.097052],[-66.816274,46.356269],[-67.95403,46.038764],[-68.641957,45.959357],[-69.276906,45.324347],[-69.447377,44.939154],[-69.964833,44.451239],[-70.402882,43.905585],[-71.155446,43.18122],[-71.418752,42.72309],[-71.605275,42.202277],[-72.504872,41.630866],[-73.113393,41.355597],[-73.864064,41.086615],[-73.882227,41.170605],[-73.917676,41.135791],[-73.912462,41.049568],[-74.292165,40.758918],[-75.04485,40.472235],[-75.328664,40.201361],[-76.188649,40.084662],[-76.764638,39.70423],[-77.32311,39.225531],[-77.885121,38.477362],[-78.572926,37.683173],[-79.237782,36.938605],[-80.328053,35.981269],[-82.641591,34.598456],[-83.891469,33.880439],[-84.901967,33.508185],[-85.885915,33.002875],[-86.559987,32.914862],[-86.561451,32.946281],[-86.748219,32.783149],[-86.880544,32.650824],[-87.303883,32.615546],[-87.923451,32.635199],[-88.174977,32.870124],[-88.190846,33.02735],[-88.427358,33.432013],[-88.541127,33.969977],[-88.267384,34.671088],[-88.258473,35.259284],[-88.097646,35.420111],[-87.989247,35.781928],[-87.990224,36.302985],[-88.099172,36.696357],[-88.23998,36.954169],[-88.488911,37.12599],[-88.451894,37.199897],[-88.508107,37.343817],[-88.141042,37.467231],[-88.132619,37.700507],[-87.777577,37.881476],[-87.447865,37.943488],[-87.086964,37.806586],[-86.819081,37.996344],[-86.595876,37.905524],[-86.341176,38.155585],[-86.040273,37.969916],[-85.891591,38.203192],[-85.18517,38.688666],[-84.820058,38.829291],[-84.843068,39.089179],[-84.364369,39.048041],[-84.084218,38.778876],[-83.65099,38.637152],[-83.491689,38.700141],[-82.828175,38.583747],[-82.568898,38.403815],[-82.215382,38.593085],[-82.013234,39.017646],[-81.812856,39.081244],[-81.662526,39.276679],[-81.247304,39.392829],[-80.880849,39.620917],[-80.600392,40.319403],[-80.648549,40.620429],[-80.285817,40.700446],[-79.984731,40.457831],[-79.531728,40.792609],[-79.824086,41.325934],[-79.765126,41.41413],[-80.111623,41.805426],[-80.191335,42.354499],[-79.088368,42.777655],[-78.917653,42.901679],[-79.081654,43.086859],[-79.18224,43.467841],[-78.663625,43.637152],[-76.806264,43.631903],[-76.51714,43.477851],[-76.301442,43.232489],[-76.111256,43.253669],[-75.441762,43.244574],[-75.003285,43.037116],[-74.854726,43.06214],[-74.506459,42.915534],[-74.225331,42.968573],[-73.705373,42.795111],[-73.430898,43.410529],[-73.351796,43.778876],[-73.42516,44.038459],[-73.293813,44.404975],[-73.366628,44.573798],[-73.297414,44.884711],[-73.457326,45.121466],[-73.609555,45.138398],[-73.25915,45.302254],[-73.106801,45.520453],[-72.460561,45.661994],[-71.607716,46.267646],[-71.092214,46.536872],[-70.388086,47.116943],[-70.06958,47.377783],[-69.802246,47.623437],[-69.306348,48.047021],[-68.815674,48.366016],[-68.552002,48.457324],[-68.475844,48.510647],[-68.377004,48.551642],[-67.928639,48.715827],[-67.369136,48.90275],[-67.11748,48.96416],[-66.45735,49.148247],[-66.319517,49.175504],[-65.882812,49.225684],[-65.349477,49.251166],[-65.236867,49.242056],[-64.836328,49.191748],[-64.638863,49.127817],[-64.563411,49.102206],[-64.506894,49.068413],[-64.337668,48.957028],[-64.216211,48.873633],[-64.208789,48.806201],[-64.370752,48.838965],[-64.246094,48.691113],[-64.25376,48.550391],[-64.633154,48.360498],[-64.963021,48.176327],[-64.975187,48.169235],[-65.312796,48.016676]]]},"properties":{"name_en":"Appalachian Mountains","name_de":"Appalachen"}},{"type":"Feature","geometry":{"type":"Polygon","coordinates":[[[-146.664505,67.194515],[-147.32903,67.126044],[-148.704825,67.284796],[-151.081595,67.071479],[-151.562369,67.126044],[-152.858817,66.861457],[-153.493827,66.940802],[-154.512565,66.958503],[-155.341239,66.775458],[-157.071463,66.911689],[-158.610648,67.203925],[-160.626578,66.929877],[-161.87876,66.803955],[-161.96543,67.049561],[-163.001709,67.027295],[-163.720557,67.195557],[-164.125195,67.606738],[-165.386035,68.045605],[-165.95957,68.155908],[-166.380518,68.425146],[-166.209082,68.885352],[-165.509473,68.867578],[-164.302344,68.936475],[-163.86792,69.03667],[-163.161475,69.387939],[-162.9521,69.758105],[-162.350391,70.094141],[-162.042383,70.17666],[-160.996289,70.30459],[-160.647656,70.420557],[-160.117139,70.591211],[-159.961816,70.634082],[-159.339844,70.78125],[-158.620947,70.799023],[-157.998486,70.845312],[-156.567236,71.341553],[-155.811133,71.188428],[-155.579443,71.121094],[-154.673682,70.987109],[-154.598633,70.847998],[-154.195215,70.801123],[-153.23291,70.932568],[-152.784912,70.876025],[-152.437256,70.733252],[-152.172949,70.556641],[-151.944678,70.4521],[-151.224805,70.41875],[-150.979053,70.464697],[-150.543506,70.490137],[-150.403223,70.443896],[-149.269434,70.500781],[-148.688379,70.416309],[-148.479199,70.31792],[-148.371143,70.31499],[-147.062939,70.17041],[-145.823145,70.160059],[-145.197363,70.008691],[-143.218311,70.11626],[-142.296973,69.869873],[-141.080811,69.659424],[-139.976611,69.621729],[-139.181543,69.515527],[-138.128369,69.151953],[-137.259961,68.964111],[-137.698171,68.554755],[-138.518361,68.290229],[-139.39153,68.210822],[-140.343984,68.210822],[-141.004767,68.062771],[-141.90508,67.999152],[-142.989858,67.655219],[-144.286305,67.62873],[-145.575075,67.400072],[-146.664505,67.194515]]]},"properties":{"name_en":"Brooks Range","name_de":"Brookskette"}},{"type":"Feature","geometry":{"type":"Polygon","coordinates":[[[-126.228626,52.776156],[-124.839406,51.75373],[-124.309746,51.526749],[-123.620318,51.408589],[-123.246067,51.264679],[-122.616933,50.986457],[-122.272939,50.90705],[-121.94225,50.708625],[-121.587697,50.241523],[-121.385976,49.849066],[-121.435658,49.471015],[-121.842702,49.210395],[-122.397756,49.153876],[-122.759999,49.22132],[-123.079445,49.130093],[-123.079541,49.130615],[-123.067285,49.291553],[-123.015527,49.322168],[-123.222998,49.590479],[-123.33667,49.545117],[-123.612744,49.657568],[-124.058789,49.853662],[-124.93335,50.2979],[-124.985596,50.355615],[-125.056689,50.418652],[-125.058789,50.513867],[-125.539355,50.649023],[-125.555566,50.634863],[-126.241689,50.827704],[-126.517334,51.056836],[-127.357839,51.061286],[-127.53777,51.294135],[-127.419678,51.608057],[-127.442725,51.678955],[-127.67334,52.25293],[-127.791895,52.289355],[-128.021289,52.490674],[-128.038232,52.531152],[-128.196777,52.623291],[-128.105957,52.906885],[-128.451953,52.876611],[-128.524707,53.140674],[-128.868555,53.328125],[-129.171582,53.533594],[-129.240332,53.479053],[-129.337331,53.447089],[-129.93932,53.831488],[-129.977525,54.14194],[-129.790771,54.165771],[-129.898437,54.226367],[-129.78716,54.373114],[-130.140869,54.822754],[-130.203906,54.947021],[-130.341671,54.8216],[-130.728688,54.949408],[-130.728627,55.12519],[-130.750391,55.296973],[-130.748193,55.318018],[-130.873389,55.551123],[-130.879639,55.611816],[-130.918555,55.735986],[-131.287598,56.012109],[-131.953908,55.993964],[-131.843848,56.160107],[-131.551367,56.206787],[-131.797963,56.251654],[-132.33667,56.603125],[-132.357666,56.625879],[-132.487109,56.766406],[-132.814258,57.040723],[-132.913428,57.047461],[-133.348073,57.326545],[-133.342334,57.631104],[-133.515479,57.775146],[-133.535205,57.832959],[-133.625732,57.856982],[-134.045264,58.289258],[-134.131201,58.279346],[-134.485449,58.367188],[-134.814015,58.525824],[-134.964795,58.742187],[-134.986133,58.765625],[-135.217383,59.076611],[-135.412744,59.318457],[-136.205556,59.638922],[-136.66631,60.141059],[-136.825063,60.405585],[-136.401723,60.802497],[-135.766713,60.908332],[-135.167836,60.85401],[-134.495865,60.557945],[-134.486835,60.552517],[-134.292653,60.403388],[-134.210744,59.931098],[-133.841664,59.638251],[-133.306081,59.082709],[-132.141957,58.42121],[-131.797963,58.156684],[-130.633778,57.521674],[-129.707753,56.648505],[-129.205068,55.801886],[-128.570058,55.72248],[-127.801747,55.404975],[-127.69695,54.981635],[-127.412038,54.214362],[-127.141286,53.605841],[-126.717946,53.156012],[-126.228626,52.776156]]]},"properties":{"name_en":"Coast Mountains","name_de":"Coast Mountains"}},{"type":"Feature","geometry":{"type":"Polygon","coordinates":[[[-119.378177,50.347481],[-119.438527,50.082526],[-119.688767,49.735981],[-119.697724,49.632763],[-119.684682,48.472907],[-119.715273,48.336931],[-119.778671,48.080052],[-119.984087,47.834192],[-120.217119,47.597038],[-120.606068,47.044135],[-120.711903,46.620795],[-121.082326,45.588935],[-121.315968,44.980658],[-121.43423,44.388616],[-121.704274,43.15174],[-121.770253,42.625617],[-121.664418,42.175849],[-121.431142,42.002082],[-121.346913,41.752509],[-121.346913,41.249762],[-121.279225,41.044135],[-120.950063,40.588324],[-121.082326,40.403144],[-121.558583,40.270819],[-121.770253,40.112067],[-122.087758,40.694159],[-122.321462,41.245307],[-122.484609,42.308112],[-122.484609,42.767707],[-122.590443,43.260627],[-123.038991,44.180182],[-122.696278,44.874579],[-122.45818,45.192084],[-122.45818,45.520331],[-122.640644,45.724995],[-122.775685,45.884955],[-122.758018,46.662161],[-122.272939,47.070624],[-122.03484,47.864386],[-122.193654,48.261237],[-122.512744,48.669434],[-122.599414,48.76709],[-122.722461,48.853027],[-122.962695,49.074609],[-123.079445,49.130093],[-122.759999,49.22132],[-122.397756,49.153876],[-121.842702,49.210395],[-121.435658,49.471015],[-121.385976,49.849066],[-121.587697,50.241523],[-121.408986,50.316596],[-121.253774,50.749701],[-121.080373,50.789008],[-119.938161,50.660834],[-119.600392,50.903266],[-119.289809,50.976023],[-119.011098,50.860663],[-119.208363,50.488044],[-119.378177,50.347481]]]},"properties":{"name_en":"Cascade Range","name_de":"Kaskadenkette"}},{"type":"Feature","geometry":{"type":"Polygon","coordinates":[[[-142.577565,63.239203],[-142.697743,63.069281],[-143.14861,63.02497],[-143.654225,62.710456],[-144.474098,62.661013],[-145.38036,62.268988],[-145.767995,62.310614],[-146.932118,62.654608],[-148.096305,62.839789],[-148.546073,62.8133],[-149.604422,62.866278],[-150.087211,62.587226],[-150.156058,61.863288],[-150.582145,61.357367],[-151.06499,61.145703],[-151.733984,60.910742],[-151.856315,61.225836],[-152.250235,61.305182],[-153.176322,61.172919],[-153.784842,61.199347],[-154.021293,60.986884],[-154.584462,61.205207],[-154.47277,61.622687],[-154.605033,62.098944],[-154.44628,62.416449],[-153.229239,62.786872],[-152.35607,63.166877],[-151.639884,63.366034],[-150.334464,64.058356],[-149.154654,64.347907],[-148.307975,64.347907],[-147.302541,64.215644],[-146.860585,64.327094],[-145.062611,64.074225],[-144.541493,63.726264],[-143.907033,63.652106],[-143.632741,63.419318],[-142.9605,63.398871],[-142.577565,63.239203]]]},"properties":{"name_en":"Alaska Range","name_de":"Alaskakette"}},{"type":"Feature","geometry":{"type":"Polygon","coordinates":[[[150.192321,-26.210092],[149.824817,-26.164529],[148.257823,-25.949395],[147.528087,-25.405694],[147.109752,-24.983453],[146.36378,-24.492608],[146.135142,-24.278375],[145.486827,-23.404474],[144.490489,-21.531427],[144.080089,-20.602105],[143.930186,-19.982232],[143.893077,-19.265313],[143.738048,-18.907403],[143.689342,-18.619561],[143.613536,-17.53338],[143.263682,-15.49627],[143.064859,-14.840455],[142.982921,-14.509942],[142.893809,-13.829278],[142.715099,-13.290704],[142.690196,-12.913385],[142.85963,-12.657525],[143.174449,-12.892511],[143.363292,-13.344659],[143.475841,-13.878839],[143.804685,-14.510186],[144.043101,-14.795465],[144.638682,-15.132989],[144.879283,-15.396173],[145.6143,-16.795818],[145.829234,-17.319146],[145.889507,-18.096932],[146.067149,-18.682794],[146.31129,-18.995172],[146.634898,-19.238458],[147.14088,-19.494806],[147.725597,-19.862481],[148.428722,-20.471612],[149.056651,-21.20794],[149.116588,-21.317682],[149.575206,-22.523248],[149.979503,-23.008233],[150.792979,-23.702325],[152.554576,-25.862481],[152.747203,-26.305108],[152.848888,-27.05877],[153.023204,-27.64483],[153.205943,-28.107476],[153.274791,-28.448419],[153.27296,-29.314874],[153.198619,-29.584405],[152.961558,-30.082818],[152.743297,-30.997979],[152.47523,-31.66253],[152.103282,-32.36651],[151.284434,-33.226007],[151.006847,-33.601251],[150.646495,-34.554742],[149.996471,-35.744073],[149.771739,-36.25506],[149.673839,-36.956598],[149.462779,-37.185846],[149.032725,-37.409478],[148.461192,-37.523126],[147.54835,-37.88482],[147.045909,-38.004693],[146.163829,-38.00921],[145.722667,-37.869928],[144.906016,-37.751642],[143.96046,-37.532159],[143.81068,-37.205987],[144.012706,-37.007501],[144.229137,-36.956353],[145.471202,-36.896539],[145.852306,-36.827325],[146.217052,-36.658258],[146.937144,-36.206109],[147.792369,-35.588311],[147.995128,-35.394952],[148.176646,-35.179742],[148.337657,-34.937677],[148.671886,-34.306573],[149.086192,-33.372247],[149.208263,-32.853204],[149.17982,-32.226251],[149.04005,-31.779962],[149.008922,-31.32464],[149.180064,-31.04815],[149.749889,-30.415948],[150.036632,-30.153009],[150.423595,-29.884576],[151.022227,-29.580499],[151.302989,-29.274713],[151.482432,-28.894342],[151.572765,-28.458551],[151.59547,-27.755548],[151.645763,-27.297174],[151.530772,-26.856256],[151.393443,-26.662896],[150.896983,-26.349054],[150.554454,-26.230523],[150.192321,-26.210092]]]},"properties":{"name_en":"Great Dividing Range","name_de":"Great Dividing Range"}},{"type":"Feature","geometry":{"type":"Polygon","coordinates":[[[7.528751,44.235969],[7.296641,43.905768],[6.777965,43.724799],[6.260776,43.667532],[5.724132,43.764289],[5.388438,43.974982],[5.17274,44.308478],[5.156993,44.698188],[5.388438,45.315558],[5.790294,45.794257],[6.869762,46.68006],[7.434581,47.008918],[8.011119,47.267524],[9.077647,47.583686],[11.118053,47.967963],[11.667979,48.01435],[15.115245,48.089789],[15.826305,48.154853],[16.183482,47.961432],[16.101939,47.701239],[15.901256,47.467475],[15.326427,47.127936],[15.373302,46.646857],[15.31483,46.431586],[14.808482,46.305732],[14.052867,46.41529],[13.399669,46.34162],[12.023692,45.952582],[11.602794,45.863959],[11.289683,45.600043],[11.086192,45.561408],[9.32191,45.915229],[8.768321,45.929999],[8.315196,45.80744],[7.654063,45.418586],[7.468272,45.194892],[7.411754,44.904853],[7.528751,44.235969]]]},"properties":{"name_en":"Alps","name_de":"Alpen"}},{"type":"Feature","geometry":{"type":"MultiPolygon","coordinates":[[[[74.73428,42.683085],[74.599369,42.690713],[74.391831,42.705301],[74.73428,42.683085]]],[[[74.391831,42.705301],[74.599369,42.690713],[74.73428,42.683085],[75.415782,42.717658],[76.323497,43.213202],[83.412608,43.55506],[83.579508,43.599195],[84.391856,43.962897],[85.675611,44.060672],[86.703014,44.138922],[87.991222,43.905463],[90.29713,43.877936],[92.107555,44.174872],[94.928722,43.895453],[95.180186,43.69477],[95.221446,43.295233],[95.168101,43.062934],[94.898692,42.73664],[94.469981,42.573004],[93.951671,42.5456],[93.509166,42.69953],[93.139659,42.989508],[92.726085,43.140815],[90.957408,43.158637],[90.567149,42.984076],[90.528697,42.815436],[90.028819,42.685614],[89.650035,42.672309],[88.858775,42.952338],[88.493663,42.838629],[88.357799,42.510382],[87.280406,41.8487],[86.598888,41.712531],[84.488292,41.997199],[82.165538,41.662604],[77.174693,39.885688],[74.85316,39.660285],[73.056651,39.754279],[72.990123,40.020209],[73.210948,40.673712],[73.354259,41.795356],[73.12379,42.422614],[73.198375,42.649115],[73.508311,42.767401],[74.391831,42.705301]]]]},"properties":{"name_en":"Tian Shan","name_de":"Tian Shan"}},{"type":"Feature","geometry":{"type":"Polygon","coordinates":[[[58.258477,61.394206],[58.482597,61.955969],[58.570811,62.254584],[58.61671,62.832587],[58.606775,63.049569],[58.572928,63.788773],[58.572889,63.789632],[58.624034,64.108161],[59.191051,65.08216],[59.425426,65.35578],[60.11671,65.623725],[60.876842,65.669806],[62.248668,65.924506],[62.724986,66.102301],[63.230235,66.462104],[64.333629,66.98963],[64.754527,67.414374],[65.169322,67.548712],[65.345095,67.583508],[65.529993,67.86348],[65.654925,68.211601],[65.694534,68.237253],[65.867216,68.288949],[65.982857,68.322919],[66.262696,68.35503],[66.306032,68.352686],[66.764781,68.217597],[66.889903,67.981574],[66.847789,67.358161],[66.632457,67.106391],[66.241954,66.956],[64.91627,66.697211],[64.182628,66.414923],[63.802623,66.127082],[63.207286,65.802253],[62.608653,65.632148],[62.212169,65.42182],[61.955577,65.074713],[61.4015,64.827948],[60.409923,64.552069],[60.197276,64.26911],[60.003551,63.52912],[59.865123,62.159857],[59.852916,61.251899],[59.792125,60.755194],[59.519298,59.815192],[59.535167,59.46424],[59.879771,58.014106],[60.3213,56.620551],[60.413219,56.160895],[60.320323,55.777411],[60.060191,55.295111],[59.660411,54.799628],[59.391205,54.567215],[59.330893,54.515146],[58.727061,53.993842],[58.525279,53.579352],[58.460338,52.760993],[58.360484,52.36695],[58.10377,51.989997],[57.755015,51.700019],[57.378551,51.566779],[57.018077,51.606818],[56.693736,51.773078],[56.434337,52.039862],[56.268687,52.381659],[56.220103,53.10279],[56.407481,53.788336],[56.957164,54.784003],[57.129771,55.241278],[57.604259,57.597846],[57.645518,58.166388],[57.659679,59.364142],[57.742564,59.970221],[57.933604,60.609198],[58.258477,61.394206]]]},"properties":{"name_en":"Ural Mountains","name_de":"Ural"}},{"type":"Feature","geometry":{"type":"Polygon","coordinates":[[[39.326084,45.056927],[39.751754,45.046315],[40.173128,45.028426],[40.655622,44.94903],[41.236949,44.707587],[41.562755,44.473822],[42.605507,44.083903],[43.421888,43.990726],[43.897819,43.901598],[44.397067,43.750613],[44.948874,43.390234],[45.303966,43.276435],[45.966685,43.444037],[46.099894,43.424978],[46.696064,43.270366],[47.068236,43.189352],[47.218733,42.873199],[47.222865,42.803164],[47.262096,42.628669],[47.739024,42.406928],[48.303027,42.080225],[48.476758,41.905127],[48.938975,41.43537],[49.174707,41.116113],[49.226465,41.026221],[49.46242,40.558132],[49.463425,40.55401],[49.248302,40.370734],[48.599498,40.516974],[47.485362,41.035773],[46.909923,41.401496],[46.494517,41.560736],[46.063487,41.560309],[45.620616,41.676459],[45.027965,41.985846],[44.526988,42.081488],[43.988658,42.261176],[42.970958,42.264472],[42.376109,42.433234],[41.730601,42.471015],[41.48877,42.659326],[41.419434,42.737646],[40.578746,43.212226],[40.439952,43.273383],[40.038829,43.422431],[39.945201,43.46894],[39.906627,43.481513],[39.851207,43.492987],[39.841766,43.495576],[39.618118,43.655403],[39.406505,43.842841],[39.187877,44.011054],[38.782725,44.271552],[37.851465,44.698828],[37.284082,44.905029],[37.207219,45.018465],[37.221109,45.042703],[37.391124,45.097846],[37.837413,44.996772],[38.130748,44.993354],[38.44691,45.024237],[39.326084,45.056927]]]},"properties":{"name_en":"Caucasus Mountains","name_de":"Kaukasus"}},{"type":"Feature","geometry":{"type":"Polygon","coordinates":[[[94.77685,29.426268],[95.163829,29.728156],[95.393321,29.777594],[95.64259,29.595118],[95.655788,29.564346],[95.632213,29.486274],[94.958995,29.19422],[94.790538,28.921576],[94.877696,28.765143],[95.255015,28.475226],[95.310321,28.174817],[95.326915,28.144294],[94.908715,27.80222],[94.347179,27.342902],[93.830089,27.124335],[91.682384,26.859809],[89.645489,26.902885],[89.589976,26.904059],[89.197594,27.028166],[88.900279,27.147528],[88.652944,27.13696],[88.251231,26.988288],[87.780528,26.903998],[87.018734,27.026632],[85.336925,27.29737],[84.665782,27.573065],[83.859264,27.701361],[83.297374,27.95185],[82.486827,28.014533],[82.000133,28.37873],[79.305125,29.95885],[77.313975,31.126288],[75.94909,32.226119],[75.719859,32.410834],[75.554412,32.681234],[75.594859,33.049079],[76.381847,33.790717],[77.000089,33.866127],[77.375621,33.911933],[78.029398,33.522815],[78.224375,33.396532],[84.52064,29.318549],[84.908092,29.178717],[87.393687,29.133612],[88.05775,29.320441],[92.473155,29.102973],[93.201671,28.906989],[93.619395,28.927008],[93.903087,29.112738],[94.393565,29.243476],[94.77685,29.426268]]]},"properties":{"name_en":"Himalayas","name_de":"Himalaya"}},{"type":"Feature","geometry":{"type":"MultiPolygon","coordinates":[[[[-68.335817,10.736225],[-68.331244,10.653931],[-68.330333,10.637528],[-68.289484,10.53131],[-68.259276,10.530988],[-68.139941,10.492725],[-67.871631,10.47207],[-67.536104,10.523271],[-66.122426,10.508185],[-66.090479,10.472949],[-65.819692,10.214179],[-68.747792,9.790839],[-68.782634,9.769931],[-69.432601,9.348778],[-70.79016,8.262731],[-70.86443,8.203315],[-71.384219,7.725656],[-71.431773,7.681956],[-71.843373,7.303717],[-71.700169,6.44427],[-71.745716,6.291031],[-71.759205,6.27459],[-73.482567,4.174045],[-73.575768,3.979209],[-73.632427,3.545079],[-73.740461,2.717293],[-73.780775,2.408397],[-73.871225,2.262885],[-73.903604,2.244169],[-76.685292,0.636237],[-77.478993,-1.32171],[-77.320241,-4.549615],[-75.521108,-6.295831],[-75.317997,-9.03782],[-75.317701,-9.041814],[-75.309438,-9.153375],[-74.023221,-10.439517],[-73.91221,-10.550522],[-73.192738,-11.269952],[-72.291031,-11.778623],[-72.275509,-11.787379],[-71.589962,-12.174109],[-71.286338,-12.34539],[-70.199023,-12.878787],[-68.745799,-13.573604],[-68.033864,-13.913995],[-66.653209,-15.412094],[-65.210439,-16.977594],[-64.690622,-17.214977],[-63.509005,-17.754584],[-63.416084,-18.036014],[-63.138072,-19.823186],[-63.116418,-19.962391],[-63.085683,-20.159967],[-63.735779,-22.806733],[-63.873582,-23.359197],[-64.356641,-25.222256],[-64.567372,-25.98089],[-65.436906,-27.12503],[-65.508163,-27.21879],[-65.565155,-27.320627],[-65.096486,-28.362115],[-66.631093,-29.420465],[-67.241347,-30.912118],[-67.491439,-31.523423],[-67.583608,-31.748712],[-67.964239,-32.049252],[-68.069763,-32.132572],[-68.588979,-32.542535],[-69.065236,-34.024225],[-69.382741,-35.505792],[-69.171071,-35.98211],[-68.694814,-36.087945],[-69.647328,-38.522149],[-70.811513,-41.697076],[-71.0761,-42.967096],[-70.705678,-44.55462],[-70.970265,-45.771661],[-72.34612,-49.634576],[-72.187367,-50.798761],[-71.975697,-52.06878],[-71.129018,-52.544976],[-70.839062,-52.889551],[-70.952051,-53.226953],[-70.99585,-53.779297],[-71.297754,-53.883398],[-72.174414,-53.632324],[-72.376807,-53.471191],[-72.306055,-53.253711],[-71.852734,-53.285742],[-71.400342,-53.107031],[-71.155078,-52.845605],[-71.387744,-52.764258],[-72.129102,-53.064355],[-72.458301,-53.254492],[-72.548926,-53.460742],[-73.052734,-53.243457],[-72.88916,-52.871582],[-72.453467,-52.814453],[-71.811914,-52.537012],[-72.644824,-52.529102],[-73.020264,-52.891797],[-73.338184,-53.054687],[-73.645215,-52.837012],[-73.585693,-52.685742],[-73.702783,-52.198828],[-73.383252,-52.07002],[-73.810645,-51.801172],[-73.85383,-51.790836],[-73.928791,-51.609467],[-73.895898,-51.331445],[-73.939502,-51.266309],[-74.095825,-51.205325],[-74.190186,-50.778027],[-74.305566,-50.398047],[-74.33374,-49.974609],[-74.29082,-49.604102],[-74.366553,-49.400488],[-74.342969,-48.492578],[-74.250439,-48.044922],[-73.853809,-48.042188],[-73.528174,-48.198242],[-73.715869,-47.655469],[-73.940869,-47.929395],[-74.227051,-47.968945],[-74.376221,-47.829687],[-74.322559,-47.666699],[-74.323682,-47.531445],[-74.351903,-47.46665],[-74.350575,-47.460545],[-74.215674,-47.20957],[-74.209473,-46.884766],[-73.708154,-46.070312],[-73.591846,-45.899121],[-73.48018,-45.442699],[-73.378564,-45.382812],[-73.226367,-45.255176],[-73.256445,-44.961035],[-72.738965,-44.73418],[-72.663867,-44.436426],[-73.140967,-44.2375],[-73.073832,-43.960138],[-73.070115,-43.946577],[-72.822771,-43.044143],[-72.758008,-43.039453],[-72.766016,-42.908203],[-72.654834,-42.516602],[-72.631836,-42.509668],[-72.631055,-42.199805],[-72.623975,-42.010547],[-72.659863,-41.74248],[-72.486035,-41.72207],[-72.60083,-41.684082],[-72.661743,-41.470487],[-72.663564,-40.744561],[-71.944428,-38.073384],[-71.745945,-36.794451],[-71.52838,-35.319869],[-71.446523,-34.765069],[-71.636279,-33.519238],[-71.649912,-33.085919],[-71.592041,-32.969531],[-71.452246,-32.65957],[-71.421289,-32.386816],[-71.513037,-32.20791],[-71.577295,-31.496387],[-71.653906,-30.986621],[-71.669482,-30.330371],[-71.400391,-30.142969],[-71.348047,-29.933203],[-71.326709,-29.443164],[-71.353271,-29.350391],[-71.385386,-29.29184],[-70.833046,-27.302653],[-70.459523,-25.957452],[-70.487912,-25.405489],[-70.452197,-25.251855],[-70.445361,-25.172656],[-70.51513,-24.876277],[-70.540655,-24.379983],[-70.507422,-24.129687],[-70.487793,-23.781738],[-70.409961,-23.655566],[-70.511963,-23.482812],[-70.588135,-23.368359],[-70.552716,-23.065769],[-70.549395,-23.054256],[-70.449658,-23.03418],[-70.331689,-22.848633],[-70.087549,-21.493066],[-70.088379,-21.253223],[-70.193652,-20.531445],[-70.147461,-20.229785],[-70.157422,-19.705859],[-70.2104,-19.486914],[-70.292228,-18.847218],[-70.297203,-18.759729],[-70.358291,-18.399839],[-70.780393,-18.010474],[-71.399414,-17.421973],[-71.532227,-17.294336],[-71.966895,-17.064062],[-72.268604,-16.876172],[-72.467676,-16.708105],[-72.793945,-16.614551],[-73.985544,-16.033014],[-75.966828,-14.570909],[-76.136475,-14.320312],[-76.175146,-14.22666],[-76.259229,-13.802832],[-76.183936,-13.515234],[-76.832129,-12.34873],[-77.038135,-12.172754],[-77.220312,-11.663379],[-77.427719,-11.44328],[-78.363647,-9.629471],[-78.445654,-9.370605],[-78.580127,-9.156641],[-78.762256,-8.616992],[-79.164404,-8.047168],[-80.019032,-5.872491],[-80.230702,-4.602472],[-79.966115,-3.403009],[-80.02666,-3.228125],[-79.921582,-3.090137],[-79.729883,-2.579102],[-80.127148,-2.528418],[-80.378564,-2.667969],[-80.565846,-2.415338],[-80.601064,-1.850885],[-80.282373,-0.620508],[-80.230702,-0.316217],[-78.325673,1.377082],[-77.67002,2.878857],[-77.559131,3.075977],[-77.520264,3.160254],[-77.242773,3.585352],[-77.212012,3.867432],[-76.685948,5.570638],[-76.738149,6.61579],[-76.774597,7.950691],[-76.742334,8.002148],[-76.77207,8.310547],[-76.791127,8.556098],[-76.359035,8.710416],[-76.297231,8.732489],[-75.945668,8.127021],[-75.943057,8.122523],[-75.662221,7.638861],[-75.517932,7.680587],[-75.254872,7.756659],[-74.392201,8.732489],[-73.616078,9.261664],[-73.898366,9.896674],[-73.950234,10.259735],[-74.092172,11.253263],[-74.09951,11.304628],[-73.871429,11.265298],[-73.774831,11.21955],[-72.65929,11.293923],[-72.451955,11.307746],[-72.213791,11.166627],[-72.051438,11.070428],[-71.69043,10.835498],[-71.594336,10.657373],[-71.664844,10.44375],[-71.955713,10.108057],[-72.112842,9.815576],[-71.97627,9.553223],[-71.760742,9.335742],[-71.686719,9.07251],[-71.297949,9.125635],[-71.08584,9.348242],[-71.052686,9.705811],[-71.262207,10.143604],[-71.386621,10.26377],[-71.517871,10.621826],[-71.49944,10.743354],[-70.546925,11.166632],[-69.929714,11.354479],[-69.735524,11.413581],[-69.269337,11.393743],[-68.927981,11.379217],[-68.468858,11.20888],[-68.354652,11.075232],[-68.335817,10.736225]]],[[[-70.090381,-53.418164],[-70.329297,-53.377637],[-70.459961,-53.143359],[-70.090381,-53.418164]]],[[[-66.235645,-54.533496],[-66.057166,-54.588434],[-65.578557,-54.74795],[-65.349242,-54.824378],[-65.345996,-54.87793],[-65.60332,-54.928125],[-65.95376,-54.919336],[-66.286768,-54.977734],[-66.511133,-55.032129],[-66.930469,-54.924902],[-68.331689,-54.816309],[-69.081641,-54.909863],[-69.899463,-54.781836],[-70.259082,-54.756348],[-70.281738,-54.751758],[-71.393408,-54.400195],[-71.158838,-54.450586],[-70.759863,-54.241309],[-70.856738,-53.995801],[-70.644482,-53.822852],[-70.629834,-54.005566],[-70.168994,-54.379297],[-69.741846,-54.305859],[-69.988135,-54.109082],[-70.148828,-53.761133],[-69.949707,-53.671582],[-69.79441,-53.629345],[-69.435658,-53.920831],[-66.631093,-54.397149],[-66.235645,-54.533496]]],[[[-71.972363,-54.207227],[-72.210449,-54.047754],[-72.146045,-53.938867],[-71.996484,-53.884863],[-71.705127,-53.92334],[-71.55415,-53.956055],[-71.390479,-54.032812],[-71.16875,-54.112598],[-71.022852,-54.161719],[-71.143262,-54.374023],[-71.473291,-54.231152],[-71.817578,-54.276465],[-71.972363,-54.207227]]],[[[-72.781689,-53.954785],[-73.039453,-53.832813],[-73.085547,-53.915918],[-73.284341,-53.757591],[-73.314355,-53.729199],[-73.324805,-53.722656],[-73.586537,-53.502618],[-73.44707,-53.410059],[-72.882227,-53.57832],[-72.482275,-53.588086],[-72.20542,-53.807422],[-72.562891,-54.07373],[-72.781689,-53.954785]]],[[[-73.028418,-44.384082],[-72.764063,-44.549023],[-72.986133,-44.780078],[-73.228467,-44.859961],[-73.178741,-44.342899],[-73.028418,-44.384082]]],[[[-67.874121,-54.929687],[-67.245264,-54.977637],[-67.079932,-55.153809],[-67.767773,-55.25957],[-68.07002,-55.221094],[-68.301367,-54.980664],[-67.874121,-54.929687]]]]},"properties":{"name_en":"Andes","name_de":"Anden"}},{"type":"Feature","geometry":{"type":"Polygon","coordinates":[[[-124.565236,59.710578],[-123.326527,59.08747],[-122.605519,58.485541],[-121.754262,57.872626],[-121.536,56.618232],[-119.998769,55.405219],[-119.230275,54.690619],[-118.022084,53.864081],[-116.928395,52.99726],[-115.922963,52.719489],[-115.15569,52.163825],[-115.049123,51.344367],[-113.70049,49.795844],[-112.232045,47.507148],[-111.217397,47.445014],[-110.102162,47.123542],[-109.621571,46.122443],[-107.773793,45.774176],[-106.662587,44.768744],[-106.106923,43.842719],[-105.101491,42.705024],[-104.889821,41.593756],[-104.466542,40.588324],[-104.466542,39.503546],[-104.355953,38.3874],[-104.122548,37.360419],[-104.122548,36.434394],[-104.598805,35.772895],[-105.154408,35.434211],[-106.001088,35.270209],[-106.592885,35.29914],[-106.677796,35.40183],[-107.00652,35.799384],[-107.017489,36.258708],[-107.048268,37.001532],[-107.407455,37.029383],[-108.154897,37.11164],[-108.42017,37.473797],[-108.302968,37.916999],[-107.588612,38.36579],[-107.574909,38.461679],[-107.509206,38.921454],[-108.236501,38.881415],[-108.964406,39.265387],[-110.299489,39.015204],[-110.97527,38.381293],[-111.795461,37.730841],[-112.774403,37.360419],[-113.19253,37.580472],[-113.267753,37.620061],[-112.906728,37.942511],[-112.519818,38.522851],[-111.842764,39.265789],[-111.689931,39.42414],[-111.636708,40.535407],[-111.82195,40.835534],[-111.823338,40.837783],[-112.15038,41.475531],[-112.509667,41.923113],[-112.578807,41.9746],[-113.250661,42.387519],[-113.592447,42.518508],[-113.678189,42.551369],[-115.252675,43.154792],[-115.732411,43.556952],[-116.266957,43.81623],[-116.343189,44.426318],[-116.315397,44.611988],[-116.226307,45.223515],[-116.258377,45.444018],[-116.292653,45.679694],[-117.039052,46.753119],[-117.222218,47.5232],[-117.142837,47.59222],[-116.910653,47.7941],[-116.669484,48.003791],[-116.518397,48.285988],[-116.508132,48.305161],[-116.276662,48.737494],[-117.064992,49.768988],[-117.884999,50.310065],[-117.974294,50.880622],[-118.755544,51.822089],[-120.82726,52.921332],[-121.405324,53.710395],[-122.602425,55.059189],[-123.180982,55.474106],[-123.674288,55.752099],[-123.887624,55.872321],[-125.64521,57.422858],[-126.47143,58.249394],[-126.888234,58.688788],[-127.194203,59.214972],[-126.570767,59.577935],[-125.358606,59.345294],[-125.033009,59.275031],[-124.738805,59.548966],[-124.565236,59.710578]]]},"properties":{"name_en":"Rocky Mountains","name_de":"Rocky Mountains"}},{"type":"Feature","geometry":{"type":"Polygon","coordinates":[[[170.162305,-71.630469],[170.250488,-71.56875],[170.435247,-71.907674],[170.224023,-71.947949],[169.953516,-72.402832],[169.978404,-72.547298],[167.762584,-72.163265],[167.474986,-71.607478],[167.938538,-71.213947],[169.878184,-71.645442],[170.162305,-71.630469]]]},"properties":{"name_en":"Admiralty Mountains","name_de":"Admiralitätsberge"}},{"type":"Feature","geometry":{"type":"Polygon","coordinates":[[[162.349864,-76.258968],[162.483409,-76.626399],[161.982432,-77.327815],[160.706554,-77.106746],[159.830943,-76.739925],[160.091685,-75.971126],[161.882213,-75.8399],[162.349864,-76.258968]]]},"properties":{"name_en":"Prince Albert Mountains","name_de":"Prince Albert Mountains"}},{"type":"Feature","geometry":{"type":"Polygon","coordinates":[[[171.2588,-83.678401],[168.401866,-84.821101],[164.949962,-84.725276],[164.023082,-84.405696],[165.04359,-83.862483],[166.06544,-83.545833],[167.424205,-83.478694],[171.2588,-83.678401]]]},"properties":{"name_en":"Queen Alexandra Range","name_de":"Queen Alexandra Range"}},{"type":"Feature","geometry":{"type":"Polygon","coordinates":[[[180,-86.043956],[180,-86.958918],[177.493663,-86.676082],[171.683102,-86.318994],[171.514781,-86.30865],[160.22523,-84.905818],[155.58253,-82.400447],[155.816295,-80.262752],[157.786998,-77.223079],[157.882969,-77.125845],[160.292125,-74.684993],[162.553355,-73.101253],[164.318858,-72.265071],[166.930431,-70.947444],[167.938538,-71.213947],[169.952647,-71.746394],[170.435247,-71.907674],[170.409277,-71.947949],[170.224023,-71.947949],[169.953516,-72.402832],[169.978404,-72.547298],[169.774902,-72.533789],[169.269531,-72.621289],[167.080732,-73.109907],[166.882812,-73.01123],[166.466992,-72.997461],[166.538097,-73.215266],[165.860156,-73.592676],[165.346973,-73.879395],[164.775684,-74.028516],[164.80128,-74.284114],[163.556543,-74.417383],[163.265527,-74.42627],[162.752051,-74.736133],[162.533594,-75.16709],[160.910742,-75.334668],[162.189648,-75.466895],[162.351953,-75.686523],[162.436523,-76.154883],[162.498242,-76.207715],[162.674609,-76.569336],[162.745215,-76.65752],[162.60957,-76.828711],[162.679102,-77.006738],[162.66873,-77.673673],[162.563487,-78.726619],[161.974512,-78.694238],[161.951465,-78.968262],[161.864258,-79.060937],[161.190527,-78.978711],[160.482715,-79.201465],[160.20918,-79.554395],[160.558789,-80.010547],[158.76748,-80.293359],[159.065137,-80.442578],[160.542188,-80.425],[160.907813,-81.390234],[161.730176,-81.610449],[162.57666,-81.832031],[162.854395,-81.920703],[164.001367,-82.396777],[166.624151,-82.796573],[167.232617,-82.952344],[167.827539,-83.030762],[168.481641,-83.126758],[168.110059,-83.362012],[170.332031,-83.478809],[171.289258,-83.555469],[171.917188,-83.644043],[173.822363,-83.810156],[179.999856,-84.378826],[180,-86.043956]]]},"properties":{"name_en":"Transantarctic Mountains","name_de":"Transantarktisches Gebirge"}},{"type":"Feature","geometry":{"type":"Polygon","coordinates":[[[-54.666676,-82.409602],[-52.798877,-82.153613],[-50.029248,-81.967676],[-47.886816,-81.925195],[-47.019873,-82.003223],[-46.763295,-82.409602],[-48.596852,-83.105159],[-50.493703,-83.800594],[-54.097646,-83.990291],[-57.24236,-85.022517],[-61.70818,-85.16656],[-61.08318,-84.208186],[-59.58318,-83.624934],[-54.666676,-82.409602]]]},"properties":{"name_en":"Pensacola Mountains","name_de":"Pensacola Mountains"}},{"type":"Feature","geometry":{"type":"Polygon","coordinates":[[[-84.137367,-79.976292],[-87.267812,-78.83929],[-87.624928,-77.874934],[-87.124928,-77.303523],[-85.482106,-77.017879],[-84.187489,-77.374933],[-83.779004,-77.983594],[-83.245898,-78.357031],[-83.762744,-78.461133],[-83.26001,-78.774219],[-81.660889,-79.099805],[-80.534814,-79.512793],[-79.708302,-79.794059],[-79.6604,-79.996875],[-78.176074,-80.166797],[-75.910634,-80.374934],[-75.874928,-81.124934],[-76.839223,-81.446468],[-80.160634,-81.232112],[-84.137367,-79.976292]]]},"properties":{"name_en":"Ellsworth Mountains","name_de":"Ellsworthgebirge"}},{"type":"Feature","geometry":{"type":"Polygon","coordinates":[[[-94.246191,-73.312988],[-94.083302,-73.312557],[-93.729115,-73.250057],[-93.568221,-73.20713],[-93.132133,-73.18209],[-92.645802,-73.208431],[-92.458302,-73.312557],[-92.520802,-73.729183],[-94.270802,-74.000057],[-95.062489,-73.812557],[-95.083302,-73.520931],[-94.246191,-73.312988]]]},"properties":{"name_en":"Jones Mountains","name_de":"Jones Mountains"}},{"type":"Feature","geometry":{"type":"Polygon","coordinates":[[[-131.291615,-76.41656],[-133.916615,-76.749934],[-136.249989,-76.583308],[-136.541615,-76.083308],[-135.916615,-75.54156],[-135.083302,-75.29156],[-133.083302,-75.124934],[-130.999989,-75.041559],[-130.999989,-75.958308],[-131.291615,-76.41656]]]},"properties":{"name_en":"Flood Range","name_de":"Flood Range"}},{"type":"Feature","geometry":{"type":"Polygon","coordinates":[[[-148.773537,-78.744318],[-149.208304,-78.583308],[-149.208304,-78.255193],[-149.208304,-78.04156],[-147.333302,-77.624934],[-146.073633,-77.486719],[-145.649658,-77.39834],[-145.515723,-77.199219],[-145.563184,-77.161719],[-145.208302,-75.999934],[-144.333302,-75.79156],[-143.333302,-75.66656],[-143.791676,-77.29156],[-144.541676,-78.208308],[-148.083304,-78.999934],[-148.773537,-78.744318]]]},"properties":{"name_en":"Ford Ranges","name_de":"Ford Ranges"}},{"type":"Feature","geometry":{"type":"Polygon","coordinates":[[[-150.29003,-85.544002],[-148.874991,-86.458186],[-150.291617,-87.04156],[-155.249991,-87.083186],[-161.666678,-86.624934],[-166.124991,-86.583186],[-169.958304,-86.124934],[-177.103324,-85.469417],[-179.999989,-85.618709],[-179.999989,-84.351562],[-174.986719,-84.46543],[-171.124991,-84.583186],[-169.694113,-84.638655],[-168.048584,-84.728613],[-166.911084,-84.819238],[-164.041678,-84.91656],[-160.71899,-84.992113],[-159.170479,-85.077117],[-154.926412,-85.316207],[-150.29003,-85.544002]]]},"properties":{"name_en":"Queen Maud Mountains","name_de":"Königin-Maud-Gebirge"}},{"type":"Feature","geometry":{"type":"Polygon","coordinates":[[[-124.517812,-76.553645],[-124.303517,-76.982234],[-125.374928,-77.482234],[-126.446339,-77.660823],[-127.732045,-77.375057],[-127.732045,-76.83929],[-126.482045,-76.553645],[-125.624928,-76.482234],[-124.517812,-76.553645]]]},"properties":{"name_en":"Executive Committee Range","name_de":"Executive Committee Range"}},{"type":"Feature","geometry":{"type":"Polygon","coordinates":[[[-57.24236,-85.022517],[-61.975881,-85.194637],[-68.688954,-85.883113],[-73.293385,-86.313533],[-76.133534,-86.270442],[-80.694936,-86.872737],[-85.256337,-86.528499],[-88.526845,-86.829768],[-93.389455,-86.35638],[-96.530812,-86.35638],[-103.415944,-86.614558],[-109.096242,-86.098201],[-116.669911,-86.829768],[-118.806608,-86.922663],[-130.397145,-87.346126],[-134.743398,-87.216975],[-141.62859,-87.647395],[-146.017873,-87.346124],[-150.291617,-87.04156],[-155.249991,-87.083186],[-161.666678,-86.624934],[-166.124991,-86.583186],[-167.733122,-86.430721],[-171.191459,-86.10284],[-177.103324,-85.469417],[-179.999989,-85.618709],[-179.999989,-84.351562],[-174.986719,-84.46543],[-171.124991,-84.583186],[-169.694113,-84.638655],[-168.667773,-84.683594],[-168.048584,-84.728613],[-166.911084,-84.819238],[-160.820898,-84.986621],[-159.807788,-85.041214],[-159.170479,-85.077117],[-154.926412,-85.316207],[-150.29003,-85.544002],[-141.585439,-85.581844],[-135.905141,-85.624934],[-128.976979,-85.323665],[-124.329518,-85.581844],[-116.067433,-84.850398],[-115.238415,-84.79156],[-109.39745,-84.37701],[-103.124989,-84.604054],[-99.887318,-84.721248],[-93.690663,-84.979427],[-88.655873,-84.678279],[-76.563893,-84.161922],[-70.109059,-84.247981],[-66.150075,-83.860652],[-59.82433,-83.645442],[-55.951466,-82.698787],[-54.666676,-82.409602],[-52.798877,-82.153613],[-50.029248,-81.967676],[-47.886816,-81.925195],[-47.019873,-82.003223],[-46.763295,-82.409602],[-50.493703,-83.800594],[-54.097646,-83.990291],[-57.24236,-85.022517]]]},"properties":{"name_en":"Transantarctic Mountains","name_de":"Transantarktisches Gebirge"}},{"type":"Feature","geometry":{"type":"Polygon","coordinates":[[[64.809093,-73.942073],[64.809025,-73.94205],[63.687511,-73.562434],[65.687511,-71.624934],[66.937511,-70.499934],[67.658984,-70.325977],[67.94082,-70.422852],[69.020898,-70.325195],[68.976085,-70.63116],[67.777354,-71.54449],[66.464488,-72.971736],[64.809093,-73.942073]]]},"properties":{"name_en":"Prince Charles Mountains","name_de":"Prince Charles Mountains"}},{"type":"Feature","geometry":{"type":"Polygon","coordinates":[[[51.290904,-67.426448],[51.103038,-67.830867],[49.791637,-67.916683],[49.270763,-67.875057],[49.354137,-67.562557],[49.904063,-67.325252],[50.698619,-67.281917],[51.290904,-67.426448]]]},"properties":{"name_en":"Scott Mountains","name_de":"Scott Mountains"}},{"type":"Feature","geometry":{"type":"Polygon","coordinates":[[[54.62794,-66.068538],[55.379039,-66.155208],[56.04359,-66.429744],[55.87025,-67.151912],[54.757945,-67.238582],[53.501109,-67.065242],[53.255626,-66.660823],[53.674449,-66.126277],[54.62794,-66.068538]]]},"properties":{"name_en":"Napier Mountains","name_de":"Napier Mountains"}},{"type":"Feature","geometry":{"type":"Polygon","coordinates":[[[-20.041615,-81.200887],[-20.381886,-81.245174],[-24.529347,-80.987483],[-29.964955,-81.064876],[-30.454396,-80.678401],[-29.114858,-80.214656],[-24.240283,-80.061914],[-21.283498,-79.931331],[-20.041615,-80.117059],[-18.527089,-80.343562],[-18.295216,-80.910213],[-20.041615,-81.200887]]]},"properties":{"name_en":"Shackleton Range","name_de":"Shackleton Range"}},{"type":"Feature","geometry":{"type":"Polygon","coordinates":[[[180,-86.043956],[180,-86.958918],[177.493663,-86.676082],[171.564725,-86.304394],[171.564418,-86.304356],[168.401866,-84.821101],[171.2588,-83.678401],[179.999856,-84.378826],[180,-86.043956]]]},"properties":{"name_en":"Queen Maud Mountains","name_de":"Königin-Maud-Gebirge"}},{"type":"Feature","geometry":{"type":"Polygon","coordinates":[[[166.863966,-45.972267],[166.814905,-45.913615],[166.769294,-45.788579],[166.836035,-45.774512],[166.952539,-45.750195],[166.809961,-45.699023],[166.797656,-45.645605],[166.825586,-45.602832],[166.869043,-45.549902],[166.919922,-45.40791],[166.875586,-45.367578],[166.908594,-45.307422],[167.052148,-45.383203],[167.112109,-45.353906],[167.145313,-45.301855],[167.127344,-45.26582],[167.022656,-45.17666],[167.12793,-45.050781],[167.205078,-45.048145],[167.171875,-44.99707],[167.198971,-44.962991],[167.213429,-44.951629],[167.410742,-44.82793],[167.479199,-44.915039],[167.484961,-44.771387],[167.577637,-44.74082],[167.698145,-44.641309],[167.787012,-44.59502],[167.908984,-44.664746],[167.901563,-44.625],[167.856543,-44.500684],[168.196191,-44.223633],[168.366602,-44.082031],[168.702965,-44.004278],[168.99043,-43.889941],[169.066504,-43.863477],[169.178906,-43.913086],[169.135742,-43.819824],[169.481305,-43.678073],[169.491237,-43.673705],[169.710993,-43.573823],[169.769238,-43.538477],[169.824023,-43.497168],[169.859986,-43.472768],[169.89082,-43.461621],[169.908008,-43.446582],[170.086839,-43.318904],[170.112527,-43.301482],[170.221585,-43.231968],[170.262714,-43.208526],[170.380118,-43.141609],[170.53386,-43.059211],[170.554234,-43.049223],[170.725293,-42.975488],[170.994893,-42.870268],[171.010703,-42.8639],[171.038379,-42.862109],[171.053365,-42.846715],[171.064104,-42.84239],[172.095348,-42.332086],[172.92921,-41.511529],[173.295177,-41.547418],[173.154796,-41.814996],[172.562999,-42.520074],[171.773936,-43.088922],[170.874522,-43.608453],[169.839,-44.292535],[169.108043,-44.608331],[168.654063,-44.920343],[167.425792,-45.971246],[166.863966,-45.972267]]]},"properties":{"name_en":"Southern Alps/Kā Tiritiri o te Moana","name_de":"Neuseeländische Alpen"}}]}